Physical_Activity_Hours,Sleep_Hours,Screen_Time_Hours,Stress_Level,Country,Platform,Mental_Health_Score
1.4183330315803941,8.806428775877226,16.0,Medium,USA,Reddit,38.1771657008209
4.805834444198715,8.637531350316603,15.397248140769591,Medium,Japan,YouTube,51.35701664191319
3.780656633219725,6.968403083709212,2.135450202184172,High,India,Reddit,60.28047733490369
1.263340709585545,9.418747354447989,5.006153155876308,Medium,Canada,YouTube,50.911776143138404
0.08742861842093942,,8.169542836078328,Low,Germany,Facebook,54.66314080959961
1.134756566901671,7.692159187403159,4.497265843831485,,Brazil,TikTok,40.94740053851707
1.7697684258927422,5.193249822334285,16.0,Medium,India,Facebook,29.414823192074635
2.802938699419472,8.467147454359482,16.0,Medium,Japan,TikTok,44.99395352417419
3.6773383533925252,7.109382429641384,3.707811888814309,Low,UK,Twitter,90.8551520783749
0.8030338671858769,8.197168293150789,5.48797858385159,Medium,USA,YouTube,48.601698963487735
0.11437000552205288,7.852670549706927,3.858457600606791,Medium,Australia,Facebook,49.51887621484058
2.7009330163683454,7.771404864995656,5.381262077381063,High,India,Twitter,49.45005514878774
0.27478092013800964,,5.284302273207082,Medium,Germany,Instagram,42.14796473196039
1.5587881246357824,8.67989960199068,10.724756374032129,High,UK,Twitter,25.051447345306862
0.4295902868195993,7.2016611946724005,3.549906275104186,Medium,Australia,TikTok,56.46778325282864
0.40098877225460905,5.317203870820525,1.2585373798089328,Low,Germany,Twitter,63.13463061923587
3.597918921028789,8.353433409560902,2.310061507168533,Medium,UK,Instagram,80.98493407349827
1.2378356435471978,6.286491712632542,3.264214109996893,Low,India,Twitter,73.73354125216952
2.7744642490187363,5.5136072359767905,4.081991763406283,High,India,Twitter,48.62798425757765
0.6303157041675554,5.966634998786103,6.768670187445097,Medium,Brazil,Instagram,43.997607540253824
0.9800818410656011,7.924998569035381,3.1649069538066494,Medium,UK,Twitter,59.69992755324746
1.1698469162221494,7.355221795357725,2.9251321110770334,Medium,Brazil,YouTube,66.2859091759612
2.6464942428203635,4.300975455490729,3.463679798166565,High,India,YouTube,46.83373828398859
0.9171611764132803,6.924516085420995,3.097537990398223,High,USA,None,45.07372473982343
1.1815394050486032,9.253846837462147,4.337524325417252,Medium,Brazil,Instagram,48.90052871809275
1.1435424902096152,,4.22757085633621,Low,Australia,Twitter,70.18785768976075
1.3478239478489855,7.2517851698586115,9.147074397519068,Medium,India,Instagram,35.74693061741602
17.30754489232213,13.290509650286575,3.3410407791036967,Low,India,TikTok,70.6489574410401
,8.693233887306803,4.881448614274954,Low,Brazil,Instagram,62.03457274173264
0.062071719814286636,9.032626631477566,4.362243076040482,Medium,Australia,Instagram,43.03694955816778
0.050999050066791014,3.341169584919445,9.828938923157741,Medium,USA,TikTok,10.363508110995419
4.886971290813452,10.100284557663166,5.5147837152279635,High,USA,Twitter,47.63054420880806
0.12712155485753124,8.454600653141894,11.363631471996348,Low,India,TikTok,47.85730876497651
1.5234389567732047,11.192214621036225,3.0300462832272705,Medium,USA,TikTok,60.95702579365671
0.6451490516168856,,5.8730849147895805,Medium,India,Reddit,48.08070087614694
0.3589881416375656,4.854824091526634,4.282193549123641,Low,India,Twitter,52.01246206115316
2.261138226110417,7.510827685087764,2.8990188184241954,Low,Germany,Twitter,75.55370474261127
0.26781328763279233,7.086941505364258,5.809493416493506,Medium,India,TikTok,32.5481862200656
2.843109524582228,8.480495975422231,16.0,Low,Germany,Instagram,65.69162589522624
0.6538071055535405,9.112392516879535,3.6264518491866378,Medium,USA,Instagram,45.058674415840166
0.08442511709645148,7.369058782680755,5.604259933124253,Medium,India,Facebook,45.88405332927243
0.541387671287398,7.138937931280911,2.752916866392487,High,India,Instagram,38.27982579963772
1.4602267776802305,8.284079729274191,2.5205152297061257,Medium,India,Instagram,64.3308386103236
0.6052861683824551,7.115507001461253,3.772163095840052,Low,Canada,TikTok,62.129300070894864
0.27022649041907915,6.990026848654819,4.618223895719911,High,Japan,YouTube,32.33652155237377
0.5692591831017222,9.055702408012928,4.742906699210724,High,Australia,Instagram,26.371964680533843
0.24967088586957953,9.38966678535536,5.282423512301243,Medium,Australia,TikTok,42.79114161957236
2.845572883751241,9.125949365794641,2.2501579541077854,Low,Brazil,None,91.78662653636636
0.9964915461764932,7.247655430911712,4.1554979849356775,Medium,Australia,Twitter,52.74664522077585
1.2330675729011193,4.290316518370226,8.174790455027026,Low,UK,YouTube,51.80704963946375
4.234715900373269,7.277690870410727,2.677953695087057,Low,Canada,Instagram,80.53155535107254
0.3491799501113811,6.363029980984427,4.888632358561722,Low,USA,LinkedIn,48.738554643859594
0.26057153649670384,7.305412471484118,7.21171116966798,Medium,India,Instagram,42.913237931722236
0.3515907560912482,6.4933636609235865,3.7834634501793567,,Canada,Twitter,52.56261728328603
3.826619401341624,7.468890216801597,7.4254600153320265,Medium,Canada,None,63.12074096139569
2.252904444570319,5.941086556152653,2.428622519859888,Medium,India,TikTok,74.44206759282129
4.811866102165536,5.578923844922432,10.309540655713942,Medium,South Korea,Instagram,43.09870532596243
0.15644483041686236,9.334037223856338,7.534409337757377,Medium,India,YouTube,33.67946736132229
0.41617743553004916,6.04551357994852,6.255113205182872,Low,Australia,Reddit,55.57414928133179
0.25809970399504695,7.500497437884531,11.880409889037113,Low,South Korea,Facebook,52.38866161934169
1.8503892627416798,8.931772269904254,4.964887131743769,Medium,India,Instagram,55.74429369033289
0.32620731226662514,8.871456189344359,4.17571805411027,Medium,Japan,Twitter,43.38821360833564
3.4654341565614315,8.692272307373027,13.784249096122531,Medium,Germany,LinkedIn,60.33222509668486
0.5979750680337363,7.954299771752303,16.0,Medium,Australia,Instagram,40.26720291113435
3.044649909331566,8.586004962805275,3.9905831628682606,Medium,South Korea,Twitter,70.31361640521966
,9.559632198909231,5.650556623476587,Medium,Canada,Instagram,46.984730944349906
0.1721762788455133,8.13753389099306,11.32514557914223,Medium,USA,Instagram,35.14553541735068
1.6654427280196162,4.744196479778725,5.772544660083152,Low,Canada,TikTok,60.17025517708132
0.5476375709538588,6.707200190774855,8.643029044610795,Low,USA,Twitter,51.71944406344484
0.19159573705257255,8.544555107583133,9.662400907507434,Medium,India,Instagram,31.09325442982587
0.4977742369098399,6.5593560994358935,4.317244081846225,Low,India,Instagram,57.81279067850658
0.6061644402621408,,7.7800658179102795,Medium,India,Instagram,35.05000254240275
7.859388856195395,7.405230257750353,6.0272110016896345,High,Germany,Instagram,52.7132483917983
1.4905266702064301,7.627873157039154,2.9150263055488446,Low,Japan,Instagram,68.79177269514072
0.2130352058922476,9.187116298352603,3.3407936955048694,Low,South Korea,YouTube,68.3275557226371
0.4818519142383659,7.225725154036061,4.090019940056153,Low,India,Instagram,65.62487236729977
1.06805385983363,7.764415553592279,10.560407963948627,Low,UK,Twitter,52.27664523676714
0.42093836868583595,8.848685225998668,10.770542888668528,Medium,UK,TikTok,43.05574190616884
0.5801474522903349,5.291594076249471,9.487240124532457,Medium,India,YouTube,30.29841725679896
0.2855778214063145,7.0720527564186755,7.877939791911228,Medium,UK,TikTok,32.20223997254442
0.13020482778531953,8.74372994306868,7.750022792230228,Medium,India,None,46.55026643869959
3.111118958038321,7.598400222513891,7.145882164372535,Medium,Japan,Twitter,72.192187959026
0.542776488091931,9.70100071811622,7.725744806777356,High,India,Instagram,18.67994197079243
1.1169955718430686,5.136114962719622,8.046341774552934,Low,Germany,Instagram,50.7496693987616
0.4437554486033546,,2.6047760456855524,Low,Brazil,Instagram,57.610158285619605
3.606077826898275,8.654529774934076,3.7653910200023177,Low,Australia,None,78.52105963474457
0.9614142588320937,8.798710822399162,3.2630000251237656,Medium,India,TikTok,57.96240824772101
0.15684862790593912,7.21012498975225,11.755097832574489,Medium,India,YouTube,37.32101600933324
1.0325464460710472,,16.0,Low,South Korea,None,61.14244923381842
1.2819578004565682,8.61781046644711,1.6463673384728459,Medium,India,Reddit,63.832271192754874
0.12777482357049036,6.27920519122238,15.469785007757123,Low,India,Facebook,48.849814654891496
2.332691566166574,6.439727437426051,6.372761066604125,Medium,South Korea,Reddit,50.811810405776626
0.9787114863536384,7.784589268797955,11.107625911638118,Medium,Australia,Facebook,51.05945692558601
0.23590707915094902,8.85613343984058,8.197918599746883,Medium,Australia,Instagram,34.10751584131965
3.7754742859441013,5.751064610463023,14.356991443437227,Low,India,TikTok,62.69922019598496
1.9632556166377517,7.203078552097471,6.8609468707194186,Medium,USA,LinkedIn,52.48991315265329
1.3851229279454984,7.133645052443342,2.6695964661386213,Medium,Germany,YouTube,57.70083889370865
0.06017900528612642,8.126938657564146,5.677977354394262,Low,India,Facebook,59.81511374368534
4.551601046789546,7.486952444986748,8.243241295372485,Low,India,Reddit,76.18248245623793
0.7222782696813448,6.681174624295711,5.3144171214858105,High,India,Facebook,32.865081774098655
0.6057755587355288,9.372848671136108,8.976760160359536,High,UK,TikTok,17.819423687734755
0.08017790751114498,6.69111377756877,5.815818698241454,Medium,India,Twitter,41.69935340486143
0.4612746643541563,,4.232083430364907,Low,Brazil,Instagram,58.90527409135342
2.730092065264337,5.112753546120564,3.1531847379481235,High,India,Twitter,51.07116246165595
2.6893567397839395,6.429561184731157,4.782248199145432,Medium,India,Reddit,66.87782857285113
0.13445309924554394,8.274114114508574,6.839693972836599,Medium,South Korea,None,42.850998851641734
0.7437232801675651,7.98090293453229,1.8670598436988144,Medium,South Korea,Twitter,57.95726276345908
,8.399275485098643,3.7884393510773116,Low,Canada,Instagram,80.1398816646881
0.9819547743778358,8.326473428918506,1.8257388841690856,Low,Japan,Instagram,72.54716145595592
0.3751223914858607,10.63157105444273,4.177675902043632,High,India,YouTube,27.203206315689194
1.4238934097692495,6.378211758829635,12.408588335521747,Medium,USA,TikTok,39.144917900700406
0.9727274535817156,5.070864384847818,2.969311687672063,Low,India,TikTok,76.79154011718614
1.055535535593834,5.9241705058927145,9.224803118370628,Low,USA,Instagram,45.943695932471144
0.2576151055162753,6.444522246252613,16.0,Medium,Australia,Instagram,17.502460045502005
0.7698556145626133,6.0385095950746335,14.470656057338505,Low,Germany,LinkedIn,45.12498108127073
2.0457484499171237,7.6404912714672815,6.55421286399409,High,India,TikTok,34.964762429502954
0.9790857670566905,9.378982358335533,10.125537251666817,Medium,India,Instagram,33.68328239836673
1.3874596083376776,9.809488609454872,2.6596387852076924,Medium,Other,Instagram,50.72460477766686
0.6552850492199596,8.256462752769906,2.3536120906828586,Medium,UK,Instagram,53.80989584330153
2.3403653975304026,10.711908323181023,6.154717527750022,Medium,India,Instagram,47.16394777309035
0.17158699994566684,6.965440415150371,7.68420050257054,Medium,India,Instagram,42.83871381922692
1.7585251883251853,5.051221436996361,11.665579357500102,Medium,India,YouTube,37.030439867861645
0.2874902741167705,9.079767101832253,4.300549112634711,Low,USA,Twitter,67.60674501972784
0.4232834316344723,4.742108412376406,6.793982477471774,Medium,USA,Twitter,33.57215232975395
3.232336717760436,6.367495465950293,6.655655430547297,Low,USA,TikTok,81.47379290225402
0.7677828629720931,8.280168348634195,5.5910300495230905,Medium,USA,Twitter,49.533288868245855
0.8553551337343559,7.346427779926829,5.792216736271007,Low,USA,Facebook,72.72077050161627
1.5292278718434074,7.213570855692741,3.6225467421564694,Low,India,Reddit,77.3865804360407
1.7419074204993832,5.728814950769991,7.155093244729025,Low,India,Instagram,58.06368045041974
1.498883656288978,7.483796415849994,6.800730195559918,Medium,India,YouTube,56.02017743435534
1.1882293314686951,9.005493733106688,4.645936378474754,Low,Brazil,Twitter,69.00451075267844
0.011408408967070518,7.529951874804028,9.020182436212197,High,Australia,Instagram,19.648080269776614
0.24782964310544608,6.254661180538409,11.208797410593682,Medium,India,Instagram,30.481388286237802
0.4724928836542569,5.628692309104004,9.083192952810666,Low,USA,TikTok,50.34297859420004
2.708932104756302,6.2856081255666325,3.2366343465377585,Medium,UK,Facebook,56.13474055565039
,8.088500628621537,6.422371616248665,Low,USA,YouTube,81.83536620625591
0.9740117765520937,8.015403393539565,3.5013235784555903,High,Canada,Instagram,47.39052526510733
0.6901522899810643,6.299239349106497,6.410471644942191,Medium,Other,TikTok,43.93313292903429
4.818605298383621,4.183860867026913,3.5095154579767343,Medium,India,Instagram,55.32974987615938
1.0567670962747013,8.130019145508248,13.01754421216475,Low,USA,Instagram,46.0952483356202
1.8501558219294192,6.153438901537124,9.679389986816384,Medium,USA,TikTok,51.721160548521986
1.2334107757023447,8.533593718522926,12.082928434539388,Medium,UK,Instagram,41.79750108464558
0.6809385486427013,6.365835536808375,11.370624757218588,High,India,Twitter,26.48109808012031
0.8459547475475848,6.018149319495286,5.143018547044165,Medium,UK,TikTok,49.95750263986497
1.550594812090601,7.729757860889377,4.686256864496945,Medium,India,YouTube,55.640079996255665
3.5247507706654115,11.036548845039553,16.0,Low,Australia,YouTube,50.346635674423474
0.8547936850159206,8.62354498667486,5.479030722703488,Low,Canada,Instagram,63.33584560569697
0.7817203073363763,7.704328948808778,2.6838480775731623,Medium,India,Instagram,58.17524622748212
0.0826920438707963,8.038277304571452,11.072671441099665,Medium,Other,Twitter,37.76172724056858
0.19311028037609862,4.873326207771604,6.594694096627906,Low,Germany,Instagram,41.99705879929607
0.01368676561276582,5.816489443871165,14.932894652719542,High,USA,Twitter,12.26548481565024
,3.7336067024292916,6.999101661780985,High,Other,Twitter,12.944151465030139
2.233116297667947,10.094810841864934,5.977480198019639,Low,Germany,Twitter,74.47175235014289
,9.791079043733623,15.114771115792722,Medium,India,Facebook,41.98723320615153
2.2355569451348725,8.089227789322365,2.4034860227890626,Low,UK,Instagram,88.73262632823965
0.04406482095537604,7.702672654626307,4.257927830777103,Medium,UK,Twitter,49.960574354922635
1.6348833896616015,5.17261499625363,3.552253592572794,Low,Canada,Twitter,72.2668264864634
0.47048036362093054,7.171050059623964,1.6208523175839042,Medium,Japan,Instagram,52.296360218414094
0.9507191635981724,10.188587817605839,10.215496752618026,Medium,USA,YouTube,18.497122097919036
3.232580832699856,7.697123997293572,4.329919504298205,,India,Twitter,71.77938217581406
1.2189281619972343,6.653030300682156,10.414726612702413,Low,USA,Instagram,53.20871545312267
0.1868443158665204,4.86289400999458,7.640414798796161,High,Australia,Reddit,9.057699250509453
15.066192418149894,16.276322381863967,8.708377383327523,Low,India,Twitter,45.28903533913711
4.658008876537226,7.394874298458515,4.603239577012851,Low,India,Instagram,83.1978934755098
3.4248582487603496,4.864899219955756,3.824589394254466,Medium,India,YouTube,62.323737204628955
2.3263143928093886,6.113601476892687,6.384393681397984,Medium,Canada,TikTok,55.581076283140156
0.201815352894998,5.583692973962805,10.501319437518736,High,India,LinkedIn,0.5227670375277285
0.24848600945469573,7.302384711432042,5.869507896673985,High,India,Reddit,20.755957270654754
0.15139590618213172,7.811008454419228,3.970286293856904,Low,India,TikTok,71.17726293547791
0.21121883315893258,6.745174403582213,2.946414905911446,High,USA,Instagram,33.35637029717572
0.017990659388779265,8.665569894730323,6.838017217949679,Low,India,Facebook,55.37443447594711
2.759942957830419,7.618203360708662,4.338633683355361,Medium,India,Instagram,63.03948974876258
1.7876841855109107,9.093468577908194,5.794769194234324,Low,Canada,TikTok,70.4186578485386
2.32758992940849,6.964208882878921,5.2421553004797845,High,India,LinkedIn,44.49381181062297
1.0010174566774186,12.0,4.633633878319873,Low,India,Instagram,52.33139420205485
0.005187659532067157,6.6532669147890635,7.2158654495203365,Low,UK,Reddit,44.30573445993464
0.9277612988670574,6.145005012366192,8.43763832793734,Medium,India,TikTok,34.56557896389914
0.09569461199983498,5.9605491748563635,16.0,High,India,Instagram,22.467840935535506
2.888040672839518,7.183588910168542,9.533201770933168,High,USA,Reddit,39.25832368087561
0.04745862781696887,4.920695863701324,15.740065395038721,Medium,India,TikTok,27.010550572660925
0.5654422272282371,7.941844265741716,3.7018762183237834,High,USA,Facebook,39.05423534104666
2.7137293050449847,4.642044345652789,2.315054287445756,High,Other,Facebook,45.92979596861465
2.290737444957113,7.7425063860858465,5.9974947871923305,Medium,USA,Instagram,59.1221749640307
2.5770026424756374,5.47312238385547,10.123063611844675,Low,UK,Instagram,67.23667064657684
1.498477502098372,6.928059888929861,9.213750897182468,Medium,Japan,TikTok,46.53104181070579
0.33030499355258575,8.40681059869854,12.513761307985076,Medium,USA,Reddit,32.06715202752834
2.2837850238663138,10.95605652581453,1.3205823117782742,Medium,Australia,TikTok,61.17404822608813
2.957019036959903,5.882999218828265,12.829999465027239,Low,USA,Reddit,70.56768422738746
2.9974861794994387,7.274523825860412,7.398502211392243,Medium,UK,Reddit,48.38903714867352
2.4251750539610413,6.414361987836687,2.3955000373313586,Low,Japan,Instagram,83.62260939078399
1.6052491547612027,6.195194516158807,9.338235427847701,High,India,YouTube,29.96519011055272
3.416896600026252,6.4275400050456835,6.697200117197832,Low,Brazil,YouTube,73.2184275993167
2.3782179429813852,,7.604480242139577,Low,USA,Twitter,72.84311562001778
0.10517836653596428,,11.017285959104449,,UK,Facebook,18.424641071728065
0.5220477841961216,10.873969047406282,7.831587388451429,Low,USA,YouTube,41.945805140019445
0.6349980112033364,8.123968883842101,2.500035522862457,Low,India,None,77.54369576255853
2.9854155066965236,5.984984008238888,5.552144436746518,Medium,India,None,63.429599594868826
16.39416631273214,12.295502952548405,2.291972722238261,High,Japan,Facebook,44.17138074177116
0.08082635336730278,6.297229514940016,8.930185151600474,Low,UK,YouTube,47.03470795030834
0.16621171321056938,8.70010297942007,13.996147944729888,Low,Brazil,Facebook,52.06524380241096
0.5596249930690521,5.041830515152121,2.872345152662008,Medium,India,Reddit,57.04404143215837
0.37057453064648593,5.488572929346285,4.043544843176431,High,India,TikTok,30.859757867975702
0.26481129706181594,6.612680821876288,3.562912781332319,Medium,India,LinkedIn,51.71484415472706
0.473316406070163,8.524420189707488,4.60736834844368,Low,India,None,66.13806377193818
1.6196058861561258,9.349590412234159,7.7481483707747785,Low,USA,Twitter,72.6963709925378
1.8388909685306383,9.570813286159265,4.63742162137402,Low,Japan,None,64.50435313330196
3.8908582794486763,8.294702279921296,8.948787995499158,Low,Brazil,TikTok,67.76221185922608
1.200856645152844,7.37566569546297,11.464185391801033,Medium,USA,Instagram,42.87467959133758
0.5961147830435243,8.69193871847099,11.717173156412464,Low,India,Instagram,55.30187431474907
0.7986908175813575,5.783249073852434,3.0928448870793983,Medium,UK,TikTok,36.917332610802376
0.06490170379820688,4.733014166975661,,Medium,UK,Instagram,22.434092159026168
0.5837710135850707,8.154956366529733,14.579892754947902,Medium,Canada,Instagram,38.14789384937011
0.32618222564803057,5.991482374276725,15.357561502093853,Low,USA,TikTok,48.296178244841094
0.19554282484041402,7.402039901751778,5.503097459497965,High,India,Instagram,32.55843626358815
0.7087975216973298,7.679440523809221,3.8531635647465565,Medium,India,Facebook,45.71412408261411
0.21028982632007753,7.872179338767445,3.35165845695505,Medium,South Korea,YouTube,47.39160361546408
0.10448099111138559,8.906687307787578,3.1234309717364224,Low,Australia,Instagram,60.366572908214756
1.415335863731409,8.748112782437598,6.092230336575274,Low,Japan,TikTok,71.79438561833963
2.159475033330928,7.7925001007515355,10.061448233413515,High,India,Instagram,38.31903182972961
0.8677832697508254,6.836977079295892,13.24917206199062,Medium,USA,Reddit,34.1865510650822
0.006767004265967597,7.661643133014481,4.520694941667316,Low,India,Twitter,63.121707391858855
0.6827344253064498,6.605684374987618,5.91083460017774,Medium,Brazil,YouTube,39.81749353812471
0.07525134306455813,7.205356616990744,5.68304663286702,Medium,India,YouTube,53.464014133381994
1.6221559313533607,11.42726013537062,4.132290484949059,High,Canada,Reddit,36.80926770025696
2.9640921956743727,7.773284551325311,9.406958843209736,Low,India,Facebook,78.21936354488568
1.2490111893563947,8.175367525556323,7.521074007979365,High,India,Facebook,42.37198956460445
10.34610675432918,14.942006814631494,6.586972963142287,Low,India,Instagram,60.44598648873149
3.8564069897012665,,7.500601846461328,Medium,USA,TikTok,62.28568644187525
1.5944330746594688,8.640408633995136,8.751899379664671,Medium,Germany,TikTok,47.389256785959155
0.1147692851459499,8.651028831982627,8.699470932701505,Low,Other,TikTok,58.00678369737664
0.3171944363261138,7.8223368701301945,3.657961504720894,Low,UK,Instagram,67.81467562076239
1.9008204838158789,9.051285143650157,10.358393210029378,Medium,USA,TikTok,42.25633437337467
0.3275591994746702,9.4075277949521,7.051354109205052,High,Australia,Facebook,34.19513952248697
1.0275688981815168,7.924648379023942,4.66100123806075,Medium,India,TikTok,51.587002183964465
0.6915869529817382,7.328081461499516,6.962494496941737,High,Germany,TikTok,21.765259852230834
0.5046309088596335,8.84185648517214,7.438628467127546,High,Australia,Twitter,32.03693195705372
0.1843090149448168,6.143812040160384,11.57757688557264,Medium,USA,Facebook,25.39348832698667
1.745343672789073,6.42305957907701,,Medium,India,Twitter,61.756888273248094
1.4243530510447477,7.4200494856726475,13.396461597415078,Low,India,YouTube,68.16107653199276
3.0369361825835672,4.887964397342782,6.134323565341248,Low,India,YouTube,64.63730586066218
0.404973193270885,8.741392910345137,4.465173402634964,High,Japan,Twitter,33.90670352974282
0.06845362209475321,6.055629168801265,4.383928061079226,Medium,UK,Twitter,49.22737161442432
3.4241253934176425,6.792763467747365,3.3173933698664015,Low,USA,TikTok,90.28700256331385
1.3712685150480883,7.1800806064803435,2.128571441023261,Medium,USA,YouTube,61.46993757651802
0.005951582046970489,7.558930232355825,,Medium,Australia,Instagram,47.52192758752458
6.612643901575274,6.984520085365437,16.0,High,India,Facebook,40.461493129784955
3.131886731248656,7.3989434291544764,2.292013733352217,Medium,India,Twitter,78.85011202588002
0.6350566001362578,7.410558551414379,3.420351249872329,Medium,Canada,YouTube,62.41858136161749
1.3553227353795574,6.82945356355931,9.496752646509245,Medium,India,Instagram,47.32283237793361
0.4720085161097153,6.3402083135418525,5.886242537543646,Medium,India,YouTube,49.02989304029841
0.40357624089652755,9.122210886533402,9.980683204700469,Medium,USA,TikTok,29.290360885206116
0.8016758500600049,4.343391446599946,5.69146501062988,High,India,Reddit,28.699183971243176
0.509463374411802,7.191427261485776,4.270041304762238,Medium,Japan,None,51.01427323420178
0.5636458437882077,6.7966507921736765,5.283003251232859,Low,Germany,Facebook,57.759367218701
0.11229253123310214,8.128187230089729,1.4488155298564271,Low,Other,TikTok,72.87327372206299
7.283989385196225,5.318560805221487,,Medium,South Korea,YouTube,67.60986438529707
1.4743742878404342,6.750321988134594,10.686354257411384,High,India,Reddit,36.13672476787788
0.1695514058355347,7.346460399015366,12.368339069190307,Low,India,Facebook,50.64873137088675
0.2112588939547264,9.10511041555569,14.065143338742745,Low,Canada,Instagram,43.36560551749449
17.936635941824047,18.25428767912222,7.881526535355601,Medium,India,None,51.01977136397184
10.0,5.724767683696707,1.5626118365018944,,Other,Instagram,86.75555388957568
1.0032424099017936,6.768784921919011,4.132969196692698,High,India,None,31.03682732136079
0.33301860733745287,8.829077028991037,13.393819991760669,Low,USA,Twitter,45.77106113530747
6.786974646494931,5.698837701115399,16.0,Low,Canada,Facebook,64.57439404780617
1.5153430237779664,7.382033597441444,13.702641792370388,High,Japan,None,27.54145181041762
0.43887229138841755,7.486319321210587,5.250107334903789,Low,UK,TikTok,66.96552529053984
1.1384768990030762,6.921325410118853,2.762274625690372,Low,UK,TikTok,69.19829218124632
1.0647558938787167,11.543627674198373,5.903946620563981,Low,India,Twitter,42.233763679641534
1.8578016407069449,6.880902810828676,,Low,UK,Twitter,61.6980766620205
1.4195573119773772,8.174647739051697,15.476749911100589,Low,Australia,Instagram,60.56877686210627
4.097117544672472,6.3505483196710735,6.9356500223974225,Low,USA,TikTok,73.12905187265694
2.4536314897190494,,6.110500638135097,,Australia,Facebook,72.00295371062775
0.6653857995441027,8.806181395277903,6.322388657481984,Low,India,Instagram,71.08464581698304
3.8234911665824725,6.618053944880853,7.689957815390763,Medium,India,Twitter,64.39107184797828
0.4843120343246896,7.417947277172201,8.80979395138837,Medium,South Korea,LinkedIn,39.229664704099115
0.780441415980268,6.15708034516369,3.9168099709845507,Medium,India,Reddit,50.246313993531544
0.07466942197017643,5.783394281925163,3.2072945524672587,Low,UK,Facebook,57.38699106725898
1.9963714872699558,9.055193148750309,13.767835527539942,Medium,USA,None,40.48112307968218
1.3083692072672506,6.668998581174528,2.260023526845391,High,Japan,Facebook,49.64649059767673
2.0295025623749305,3.8795815072378947,16.0,High,India,Twitter,24.010996933495672
,10.148034234740434,1.922435326746187,Low,India,Twitter,76.71510582881272
0.7475724817698037,6.296857015406091,,Low,Brazil,Reddit,64.65010482194536
2.1279418015081566,7.130440434377954,10.838584240370864,Low,Canada,Twitter,65.22945727746489
1.619328979112113,9.961359758241471,6.050888576742713,Low,USA,Instagram,63.373315213794534
3.3596904118250848,7.28738685871854,,Medium,India,None,85.7710896142731
4.374885999788916,7.254995096697205,7.813530360228799,Medium,USA,YouTube,72.42987781751404
3.2306880499965054,5.6577404331742,6.297814100908029,Low,Japan,YouTube,72.99888665418905
0.9893450737910174,,5.314139120200523,Medium,Canada,YouTube,41.70631453959097
0.3314745271409381,7.250420603105807,4.160547289226971,Medium,Japan,TikTok,47.55075824943734
0.17680158247463607,8.044214661112342,5.925330110263811,Low,South Korea,Instagram,58.367566874451704
0.48476239344168026,7.958288112316159,4.2667270428639785,High,USA,YouTube,33.44063142683591
0.7751422590788302,6.778108379296176,16.0,Low,UK,Instagram,53.847857148274976
4.115408271093087,7.530386699020413,5.238261711812168,High,Canada,Instagram,64.83309970017903
0.685636244655733,4.744185007008049,4.8343458629675995,Low,Germany,None,63.12637477733563
0.03968622325155052,8.190250531043217,4.371115819161512,High,Canada,Instagram,37.574583088470604
0.64174797534198,7.742108767155069,16.0,High,India,Instagram,12.066859281512915
0.7131406770492296,10.460491341274286,2.262702450024637,High,Japan,Twitter,25.883656509273624
0.42405597256548877,7.511219469643571,7.505675390735054,High,Canada,Reddit,32.99395371473676
1.1907503749750283,6.085995971780881,5.240547705778129,Medium,Brazil,None,56.86548486212253
0.7948268761521239,7.423915298866771,2.5752843036738797,Medium,USA,Instagram,60.38473856561326
0.11068276908520705,7.008300299976245,3.7008192101147306,Medium,USA,Twitter,46.138713752048524
0.9809440582362374,8.152061803155597,7.316795042297842,Low,Canada,YouTube,70.70882269450286
2.2084771235090783,7.540338092587779,3.6015491350921,Medium,Australia,TikTok,70.59326538008804
1.623413515790631,5.610079948421035,7.069136643275379,Medium,India,Instagram,51.44201271548754
0.1136959210982183,5.046385067708971,16.0,High,USA,Twitter,0.0
3.855970366325467,7.894362303949524,6.701694509799055,Medium,Australia,TikTok,69.53991250145904
,9.574671811603858,2.5291733567457313,Medium,Other,Instagram,66.12189138856732
0.9950551813205424,7.619021826077579,3.6397763697951606,Medium,India,YouTube,59.97432998271859
0.38545933964756135,8.71994603088031,5.097532284029501,Low,India,Twitter,67.2012835416988
2.6861387875507514,9.0192137313054,4.897177058560005,Low,USA,Reddit,80.35117728131104
1.8392533839186629,7.900187768692002,6.627371745122088,Medium,India,TikTok,58.27672439477789
0.05133961530213983,6.278262768207888,7.297017954023205,Medium,India,TikTok,42.29386082205976
0.15971894411821042,7.792962127568346,16.0,Low,USA,YouTube,47.100658320684516
10.901102447886128,19.16384390861389,,Medium,UK,Instagram,36.455044376738535
1.1804532451896865,8.294835824399872,3.030365780506793,Medium,USA,Twitter,58.29729808879407
,8.622368014242983,12.088851668025152,Low,India,TikTok,72.62775995537612
3.862525067954132,6.806180637462261,12.907580133841595,Medium,Other,YouTube,47.17427799317534
1.322642724505692,7.196469360381776,6.955034990888979,Medium,USA,Reddit,53.63472641224857
5.673474644213766,7.321909033649449,5.218256607512765,Low,Australia,Twitter,83.42076018545491
0.8656475926478017,7.4229929961948065,8.789236444391948,High,India,YouTube,31.912507915536324
0.5043583468811115,9.251937474018538,5.330004656367473,High,Germany,Instagram,20.106755605419597
1.029427627783035,3.979239407492749,1.762220466808386,Medium,Germany,Instagram,52.034442617639044
0.4171159413149733,7.5458074568727564,8.483173130956422,Low,India,Instagram,61.9966992503854
0.5315444755351788,7.380755436457719,10.333085030116333,Medium,Canada,LinkedIn,38.96811672012094
1.124095984920849,5.442748287833776,14.362955227408934,High,Canada,TikTok,18.913855971541444
1.4988621720758268,,3.902217316342805,Medium,USA,Facebook,64.53076728290904
2.6660444119563094,6.413249712082614,6.928886967254723,High,Australia,YouTube,49.0162780195487
0.8526755466171725,6.96445102597026,7.019413971514115,Medium,India,Instagram,47.74530638725021
1.9736054168711041,10.273172861631064,6.367643957754096,Medium,USA,Instagram,53.76524789895595
0.056927721003921725,9.014960474308584,6.481251490532309,Low,Other,Instagram,63.477160515297726
0.37859240112876613,8.361730408717674,6.1859562958373715,Medium,India,Instagram,49.92271176279989
0.28352311139803116,8.071165401966606,6.8692136684997065,Low,India,Facebook,55.809193448466054
1.37660064759145,7.252979966331986,9.434834337730535,Medium,India,Twitter,50.770848711271164
0.1985974838814739,10.499065898055152,12.58080846053392,High,Other,YouTube,10.973909829633623
6.667120662322207,8.703251447160358,3.842797233301705,Low,India,Reddit,87.7464161711182
1.2109008353722215,6.375675129052121,5.455472248018869,Medium,India,LinkedIn,50.08562871625721
2.89362801802669,5.3998465826735185,4.694704296649183,Low,Canada,Instagram,80.855989071564
0.12263987523534589,8.350257002983904,4.308529168567391,Medium,Australia,Facebook,57.553032606809865
1.4622341007851964,7.416196305182333,2.2941930071774537,Low,USA,Instagram,78.74928271963068
2.218399855200608,5.356592749580749,6.1382118709313485,High,Other,Instagram,45.484350713161916
1.3555666754047688,8.142879248567374,8.065471898165038,Low,India,TikTok,65.93227822740896
1.1367967079489816,7.096459259532719,5.512069535141645,High,UK,Facebook,43.71087658248349
1.941126878045647,8.295997388291205,6.017219419462547,High,UK,TikTok,45.29414228021459
4.621643163585173,8.16261032187136,7.776156218200336,Medium,India,Reddit,62.44704988472685
1.404610632267084,6.587603967684242,14.107009719808362,Medium,Brazil,Instagram,50.19779626770741
2.849854433468555,8.449267146636307,4.702721023131957,Medium,UK,LinkedIn,66.30554032947131
0.6708154073712684,6.753142376047651,2.9952650687266953,High,India,Instagram,34.61688470049995
0.8453644728375166,6.850677190228543,5.730116784762356,Low,India,None,56.56013110398681
1.4171232776448988,,16.0,Medium,India,TikTok,47.479695377442724
0.2713288383789305,9.196461641709407,3.0145774314283167,Low,Brazil,Instagram,72.36557705878964
0.2669010156167615,7.079141417918459,8.93594062567149,Medium,India,Twitter,37.97757143919634
10.0,9.558664770846377,12.118678470043536,Low,Brazil,Twitter,63.84597523642431
3.4562732849901288,10.17522730528029,1.4632785031793305,Medium,India,YouTube,72.6070005922559
4.27950952878297,6.391921294718327,7.737924615895026,Medium,Other,Instagram,57.70977688409522
2.9807255188883004,3.1185070279545997,8.688900288968927,Medium,Germany,Reddit,37.44523855508248
2.447770576691187,9.066764314906909,5.15310208104448,Medium,India,Twitter,59.987894335360224
3.659571577758209,6.987042153959789,4.104717259151143,Medium,India,None,73.21505372444648
1.5563978235246565,6.200720380302013,4.244409004369662,Medium,Germany,Twitter,51.61719746256353
0.605514579364311,6.616922840770548,4.967212921721093,Medium,India,TikTok,48.3524451094494
3.1353840121272034,6.877779267950956,5.046739448432339,Medium,India,YouTube,59.0126574520163
1.6356668429600767,9.44578963604061,4.506558473711268,High,Germany,Instagram,49.43168530422416
0.39131206320034995,7.739866858976272,4.920031084098867,Low,Brazil,Instagram,62.832828338625
5.168940035563683,9.425397945162203,12.360119179136001,Low,Australia,TikTok,73.64965263922124
2.102368442315631,8.241330178917742,2.919296704512113,Low,Brazil,TikTok,84.49881016875702
0.49452009211407577,7.036153914074274,2.118196345281237,Medium,UK,YouTube,56.817776117774116
1.1103726759063735,6.914464195186114,12.479297413240868,Medium,Australia,Twitter,33.88091622061162
1.5425656011477027,8.342413126124402,5.3913151019781465,Medium,India,Reddit,53.68978962880509
0.9358563970625938,8.730638443999062,4.792540394105453,Medium,Australia,LinkedIn,48.893679345031764
2.680267241401922,8.995189028551303,5.659127485124428,Low,Canada,YouTube,78.44030023440297
1.3808610707970754,7.107692232936386,6.859029918682303,High,UK,Instagram,41.9608606039382
0.73832619212869,7.762808784606708,4.417479407948018,Medium,Other,Instagram,56.08042035494315
1.6579894659738765,8.37606061388299,8.19528244056431,Low,USA,None,61.76976531026973
3.29996241044648,6.924052461094707,3.3961500632692645,Medium,UK,YouTube,72.64250456251267
0.12667223511708087,5.797589949295849,5.047556643795063,Low,USA,TikTok,54.181676894331595
0.3300485337564172,6.290593399946815,1.6018868998817197,Low,India,LinkedIn,65.04371911564057
1.882412591207872,7.138446836178022,12.223279398032377,Low,India,Instagram,61.53600544527653
2.4915889450462063,8.493310708830451,5.443092546004743,High,South Korea,YouTube,53.17029696673389
0.7191898709514163,9.388466243358152,9.043646392179681,Medium,India,TikTok,33.99090592131733
0.3935144746927712,5.4659291868980695,8.052195205248463,Medium,Canada,Reddit,31.151889513683237
7.2479286525607245,6.603982479105026,8.413926655939928,Medium,UK,YouTube,63.29171729103436
0.6458497700570364,6.963206254405122,6.021489673961267,Medium,Brazil,Facebook,48.31071285995362
0.25153460773409897,8.692075548459966,7.636477492328696,High,Australia,Instagram,31.54834000528877
1.621244075369884,,3.3981438376083934,Medium,India,LinkedIn,66.4851783845903
1.481631610560489,6.855401497578792,2.9960443429472843,Medium,India,YouTube,52.981842416487304
0.22320850909314757,5.382011134274665,5.693564146909725,Medium,Canada,Twitter,38.521291180621525
1.4527375525871091,8.225110973959888,4.023427582312904,High,India,None,43.123104431315795
0.07131454946434929,7.257901388105168,14.228948325859667,Medium,USA,Twitter,26.60852660804209
1.487064593318684,6.518932447530606,7.576767500556804,High,India,Twitter,28.084360864785747
0.5003541948205714,7.110730163276855,3.935788196698432,Low,India,None,64.10244197381175
0.6585241960744804,9.190493252896895,5.140116460507375,High,Other,TikTok,31.183325979888767
0.5817164839680687,5.992669637520235,6.552220168210079,Medium,Japan,Reddit,37.20941656014515
1.1391618267645236,6.237510553344606,5.807779002766236,Low,Australia,Reddit,62.475682344986666
2.227806127353639,9.378378671198432,7.120996117351087,Medium,India,TikTok,66.73967503010421
1.312883898915071,7.613662242028286,,Medium,Other,Twitter,44.571495207655175
0.4409592328626052,8.504631145067876,2.6263786309419843,Low,UK,Reddit,75.62908729187966
0.24143605441952365,8.10262786500853,1.664387619191948,Medium,South Korea,Facebook,57.26813636061925
2.3405831976583578,7.446998171559077,4.834774907751133,High,India,TikTok,47.23632676233912
0.8057331342588965,6.977551321277165,8.468010752558024,Low,India,TikTok,46.09499309733702
1.3781082864390313,8.747337033725728,4.867490853964581,Medium,Canada,Instagram,59.68060758456882
0.7223567458290125,9.243504851716732,12.704273946144875,Medium,Brazil,Instagram,28.59999707313527
0.41491635188366693,9.126282520524144,5.881830249628544,Low,India,TikTok,63.24909463100774
0.27673184836748965,5.721792549528474,13.657893577446476,High,India,YouTube,21.807679330022587
0.3755982628745183,9.457366526766494,12.075058733183697,Medium,UK,Facebook,25.76130117796423
0.09212601863989489,6.963097118703533,11.367655876635347,Low,Other,Instagram,52.4311995487203
3.321141862390201,6.367455693682748,2.9384817002697545,High,Australia,Facebook,56.25081534779228
0.26043332680063835,7.24600845484729,6.112185495411996,High,Japan,YouTube,18.316013536057834
1.1033061209011104,8.746692652873097,12.59958771624795,Low,Canada,Instagram,49.81559408097879
0.616130029523144,8.310696276042094,7.123554546128242,High,Brazil,TikTok,31.768501979888885
2.2805395287576258,7.1169203822185985,8.436908440619483,Low,USA,YouTube,70.6256428855515
1.9240304514105193,8.756498800316962,2.630746422950197,,India,Facebook,42.8859260746458
0.005867277633003865,7.709790871139153,16.0,Medium,Canada,TikTok,34.044627173888834
0.45392149719456476,6.6405428016909385,3.7628451438809107,Medium,UK,Reddit,52.904210126358606
1.9731794058761079,6.43794707556226,1.828223837529233,Low,USA,Instagram,84.95954155253135
1.0292819299656175,8.11535226663243,4.9004378452839825,High,India,Instagram,38.457571923656396
5.401254104932352,7.376223396276598,1.3930696437864216,Low,Australia,Instagram,96.2145633684232
4.760851590454457,5.436742269879545,3.154799402429201,Low,Germany,YouTube,87.22214750576666
1.6699703454514971,8.770742239604255,16.0,Low,India,LinkedIn,64.53907370128832
0.23760754336177436,6.77958745706337,4.816153274006293,Medium,Japan,TikTok,49.43601306677754
1.3928474969804956,9.888179471983191,2.5685144562956874,Low,India,None,72.73630902534076
1.6611039248208104,5.395515022267934,6.1421738819963085,High,India,YouTube,32.04286809743452
2.391584049125295,7.228937105414983,3.530070184283403,Medium,India,Twitter,68.58381322272837
3.3785505310006987,6.450033473341159,10.162571594357676,Low,USA,Twitter,64.9812902983553
0.1397016072816778,6.036866219433992,3.5476064348137655,Low,India,TikTok,64.95653661433684
5.5777739013657905,6.769813924862435,7.116672182616171,Low,Canada,TikTok,69.63555245906885
0.2413895235467016,10.155851413555473,3.03971748300194,Medium,Australia,TikTok,43.186865267051516
0.2338077368789493,,16.0,High,USA,TikTok,20.549468832046887
0.41821995485242647,6.312437941803857,8.183944376545071,Low,Brazil,Facebook,53.484047959354754
2.4440821028622395,4.757057384493892,5.543890560429648,High,South Korea,Twitter,41.00880253481036
0.4183932476096669,4.917956180478471,5.07448503894725,Low,USA,TikTok,60.77768889190248
2.0527540643746787,6.695305283821897,4.339850975369838,High,India,YouTube,45.74238678088481
2.370739180350862,6.549468023792009,3.8322492873985814,High,India,YouTube,44.99323307033035
0.45495684112618906,7.163923940648272,3.7695738739587554,Medium,Canada,Twitter,50.146232149126554
1.2838352126605308,4.091724299346223,16.0,Medium,USA,Reddit,28.040591117618998
0.8111950882700973,7.3624776074302,4.342419257322384,High,Canada,Twitter,40.68309030942283
4.567681553852903,9.041594662720662,1.685982796881027,Low,Canada,Twitter,86.2836693688766
0.9796229345095122,9.934261871046292,3.005426137664439,Low,UK,YouTube,66.70922204210832
0.008335537991885245,4.6583307781242915,10.555370388828607,Low,India,None,44.81331750905734
1.0973097387892876,6.297910861141267,5.199724097700334,Medium,India,LinkedIn,49.870071765301894
1.3541105337176544,6.2186492085381975,5.582021796658746,Medium,India,Instagram,44.48776263346012
0.6611968508012991,7.718582141288475,12.205524423581098,Medium,Germany,Twitter,37.46498028635071
4.0467605747700075,5.67034129818532,3.795059337751941,High,Canada,YouTube,40.02880046068262
2.7215450297288966,10.023394873090021,8.841447727134499,Low,UK,YouTube,66.28086101097114
,7.56528370752861,4.0522411973769765,Medium,Canada,Facebook,62.35895483390341
0.5178088983595439,7.315280566051182,8.546535379482684,Low,USA,Instagram,49.1042401654323
0.4844801073536696,9.889070600674167,4.784200132731194,Low,India,Facebook,52.07882376873444
0.34010912791144843,7.4759285638749775,5.233448841603643,Medium,India,Instagram,44.2746650910299
3.5164364845571647,8.100455109748033,9.895500852575223,High,India,Twitter,49.46600913121737
0.6688531121699987,6.373802590061926,9.476498434721913,Medium,India,TikTok,43.677977091787234
0.15985601619921797,5.444246902418424,5.478017189532805,Low,India,Instagram,54.60185351849987
1.9386265911448093,6.584457552743654,4.5586466764747815,Medium,Australia,YouTube,52.02067764339304
0.1403942822506873,10.780463758417236,15.791764195582829,Low,India,TikTok,39.89017486120299
4.155024883471318,8.449531422430434,8.615806547508882,High,India,Facebook,55.60948535195804
0.07625373143743915,,4.784181308218395,Medium,India,Twitter,46.7422820941941
0.7718530293060277,6.0354399147222,4.088382364942802,Low,India,LinkedIn,63.797990506857204
0.938964753973814,8.866876201475769,11.189082254442242,Low,India,TikTok,55.24701124588274
1.3577603163883862,5.463460088529313,6.483367502117188,Low,India,Reddit,51.778189334096425
0.13507391997714044,5.149415325476428,5.484183394740409,High,India,Facebook,25.95752773797294
2.244357154477936,6.661669315677531,6.481714802281485,Medium,Other,TikTok,60.6660562403122
0.6253552308170237,10.431736367942172,,Medium,India,None,26.786015797216876
1.8024331084596148,10.346841348588917,5.847337980096706,Medium,India,Instagram,43.760496431235
0.7648618104472247,6.823144607624185,12.456120644095234,Medium,USA,Twitter,31.562972288396633
1.188182665910846,6.488701472703024,12.87906449583224,Low,India,LinkedIn,57.202013449393235
3.2579657761993985,5.03945693916033,8.323916452345479,High,UK,Facebook,33.592476274915704
0.0011728572879403792,7.6170460882801265,13.802246852343416,Low,USA,Twitter,50.48432270770203
0.12286873848243415,7.743019127982179,6.080567685122055,Medium,Brazil,None,43.84473223031283
2.923625227605865,8.684334381295368,9.154070126969266,Medium,Japan,Instagram,58.12234774315798
4.951073543757921,8.866061269987746,11.052689492370078,Medium,Canada,TikTok,59.015432067958955
3.2046419594577955,7.20386712350305,11.149815693181086,High,India,YouTube,43.177139101017445
17.908893958323794,16.84407465771234,10.481370975847707,Low,USA,YouTube,73.56897337360667
0.5729098640943132,6.449041698230196,8.834932948588834,Medium,India,Facebook,37.92751548070765
5.376186242368186,8.305563800041028,16.0,Medium,Australia,Instagram,59.86260518577781
1.338998885804668,6.739151882723162,4.376207706172422,Medium,India,Reddit,53.67974449542497
0.29022957744171246,8.189187773950406,5.5116692554873365,Low,Canada,YouTube,60.629735359482346
0.18898174020544503,8.067751987928048,5.319044670477939,Low,India,Instagram,72.34544838387967
0.4373500836226814,,4.850877969190175,Low,USA,Twitter,62.57090304086335
1.8558748287686035,8.691809577239031,1.8344354434992711,Low,India,Facebook,89.32864668424638
15.979782650528206,19.33120183809322,13.803454451704198,Medium,India,Instagram,45.15195983849456
0.680949427129564,5.90262567266859,3.2686456492445126,Medium,Canada,Reddit,52.937356559472754
1.8101575022437295,,6.698535666343641,Medium,UK,LinkedIn,63.03335396066574
0.8761944301562856,5.335104918490016,2.577663306516106,Medium,India,Twitter,48.21828441453254
0.03994628082301086,6.889703228167942,8.779587619975358,Medium,India,LinkedIn,30.592453330599863
0.3055202126954113,6.9380545573836745,3.7763667812687918,Low,Germany,YouTube,61.60931487453229
0.20520355004009827,9.46452568000004,3.060024264581248,Medium,USA,YouTube,48.03662684560322
1.3980304648869746,7.713800553437194,6.797847912869144,Low,UK,None,69.65418284279818
16.042843059037903,17.456112688984902,3.973150082424793,Low,USA,Twitter,60.978219342582754
0.7298145470618559,7.9525120782145775,4.286645714377742,Medium,UK,LinkedIn,52.832027605401784
4.7890166475271485,6.6964990931519015,6.706476954894454,Medium,UK,Instagram,72.79251327442132
0.2102344755726544,7.7005752116197685,9.77661854465717,Low,India,Facebook,50.04043616215492
0.3415457614369424,8.59413950089826,3.7023202113990634,Medium,USA,TikTok,47.99950067370722
0.4263932739667385,,3.3377085731622653,Medium,USA,Instagram,54.059022638075525
1.5143403406605405,7.30153490559835,6.135491567220591,Medium,India,YouTube,58.21431242709434
1.69221886150848,5.028734034220584,8.360778528295006,Medium,Australia,Facebook,47.8131875927519
0.3298961401231976,4.923296613867147,14.550903895884002,Medium,India,Facebook,34.97167437170083
0.7136231579453091,7.01038108482467,3.181021084554669,Low,India,TikTok,70.5293169926673
0.6744661300780578,3.993147748278041,4.998909253008562,Medium,Germany,Instagram,35.429775673498995
0.2683073471699169,10.192656698605246,12.249334574240377,Medium,Brazil,Instagram,18.864646647742454
0.2994454649057554,8.3953998470996,16.0,Medium,India,Instagram,31.124707239107366
3.445291041064782,6.546499485754133,3.333908703281245,Medium,Canada,None,71.8940350264779
0.1634394415597571,5.835528608986806,3.883406949497286,Medium,India,YouTube,37.03640336183628
0.7027497368251326,9.042178643964165,7.603890747575394,Medium,Canada,TikTok,34.51794767634864
0.1721062285581518,5.829544266523492,4.277437497198626,Medium,USA,TikTok,42.330572626320304
1.0891550068761022,5.9726598545984215,3.836118113304963,High,Australia,TikTok,39.89738028551816
1.7473742246468196,6.351081089959962,7.005407591004309,High,India,Twitter,33.6374089500577
0.8962680610999474,7.671131121861488,15.327551678119974,Medium,India,Instagram,45.33860698988028
0.48641214999337556,8.431196158721097,2.757461811081237,Medium,Germany,TikTok,58.35577285697988
1.600480915000186,9.289008350123495,14.86486633775625,Medium,India,Twitter,48.39398048500081
0.43749786905242916,9.067456948420052,4.285076774178018,Low,India,Reddit,74.38465551527213
2.6958235134484907,7.501160563852112,7.4444973798450444,High,USA,Instagram,59.030120116729236
0.4659552110644327,9.0307829606345,15.713346278316434,Medium,UK,TikTok,38.26286542849934
0.3851283850999293,6.49350057903546,7.353630636257268,Low,India,Facebook,51.371701856754264
4.009821229196013,4.76870097830705,5.060702820977925,Low,UK,YouTube,74.73222629339124
4.202350860403287,6.493303392434238,9.308289745579241,High,India,None,48.568762131425196
0.4613674171956229,6.290609228585569,5.452642091312717,Low,UK,Facebook,53.75564624716262
3.9207220486465317,6.552019392301235,8.271456646633126,Low,Brazil,Instagram,80.76774143583528
4.142542805881035,6.060937906137166,5.350507418411271,Low,USA,TikTok,78.01786277893123
0.5218584500608017,6.808335633630432,10.14206613437811,Low,UK,Instagram,50.543839892403994
,8.430025821140367,2.620751174408985,Low,USA,Instagram,87.55455108061994
9.81250191517352,10.072885653993858,3.293289869695815,Medium,India,TikTok,61.85660669682769
0.028529929873223968,4.911980288611465,2.5977428804306615,Low,Australia,Instagram,54.987623354548596
2.5734448435368145,5.568398059648883,5.848249247274462,High,Brazil,Instagram,47.75558634038161
0.0020268597121230825,6.312830611907748,2.4163957457664775,High,Germany,Facebook,28.71674515948649
3.428445312841882,8.64861281615489,3.9944306561615917,Medium,Japan,Facebook,80.48207789507923
,7.192578835540425,3.1127134484623857,Low,USA,LinkedIn,63.15449212423292
2.5347139187020127,6.413836165344566,14.699386198712528,Medium,Canada,Twitter,43.591920229088736
0.3610278685886198,8.575099511558133,3.3387343187709866,Low,India,Facebook,68.50917434845432
0.6053994559628857,8.934585399512953,2.79567219904998,Medium,South Korea,YouTube,57.51103349099675
0.5540352844180911,7.471860060864555,7.021684315624081,High,UK,Reddit,30.705951312345285
0.6460901552752505,6.275671160069185,16.0,High,India,Twitter,19.026172860438642
3.154946165879243,7.905419350853089,5.642683512561727,Medium,Germany,TikTok,78.52976967671472
0.7574742388162261,,5.910724519958532,Low,UK,TikTok,63.35794609737871
0.9389099059447252,7.138480134321809,13.124155671882228,Medium,Japan,Twitter,36.713165857800504
0.08652074723300253,6.731399672097245,10.246514540531475,Medium,Australia,Instagram,24.952916950004784
0.9381279715544151,8.887474870983134,,Medium,Brazil,TikTok,50.801347872642665
0.4346359546250275,7.874820339490191,4.265654224471122,Medium,USA,Twitter,50.183843318312285
0.6029865170010832,9.053551322834446,7.953203025160681,Low,USA,Twitter,54.08616434033566
,9.504489218217188,2.6738771702476622,Low,Australia,TikTok,82.40865942192222
0.5189152697783523,8.188471153299961,4.161163282356703,Medium,India,Instagram,63.26526831302178
0.6747748522005259,,14.280251810909409,Low,India,Instagram,51.61599569744736
1.556690556269977,9.060489348329677,13.212926237478483,Low,Other,Facebook,57.526575691517856
0.6069308066044068,8.198497053417531,7.865537064846607,High,Japan,Reddit,29.369353201183078
1.729375204178386,11.40505166521146,1.9010146447287313,High,South Korea,YouTube,38.18456693707626
0.29843811351093374,7.9651543327420296,2.9301894604559307,Medium,India,Twitter,53.1434117595741
0.12624876354827422,8.546532058521127,4.024161406014281,High,India,Twitter,32.011012205784155
,7.935635836944048,5.457444179637337,High,Brazil,None,39.233304797588694
1.2541284220383218,7.351352112197823,,Low,India,TikTok,74.85521723679355
0.37983020696515746,7.11181267561865,,Medium,USA,TikTok,53.236181439304595
7.646341169838881,7.94136576698785,16.0,Medium,India,Instagram,59.18407726797918
1.6259221024774622,8.281763627720784,7.694467207599258,Low,Brazil,Instagram,65.80900853522542
0.6471862375179681,9.231581849466638,6.898444679154379,Medium,USA,Twitter,49.39442582492393
7.4731865747835124,7.9632758374556465,3.28532883396023,Medium,India,Reddit,76.7475313630537
0.7025775107473631,6.805666236862157,2.2628139015219904,Medium,USA,LinkedIn,54.554078944141374
0.01640660531035673,7.009719005101525,2.895280926043907,Low,India,Instagram,64.09972976185892
0.982412498080123,5.515594585645228,2.2086169633157273,Low,Australia,YouTube,74.73338348482427
1.881635415285293,9.991820765358465,6.328233677608276,High,UK,Reddit,37.79560472576475
0.5115109695978258,6.688239579718727,7.616610714627951,Low,UK,Reddit,61.050939233705215
0.16611841234198915,8.95116069020686,3.389986802471043,Low,USA,Facebook,62.87621552093614
4.37779459580805,7.914826286163801,6.6111102432714315,Low,India,Twitter,88.57854907262002
0.8221945201844734,7.9555977462591105,14.605472536348776,,India,None,42.58837132862698
1.9907187786334863,7.323828187091495,16.0,Medium,Japan,Twitter,52.63394128733632
2.8272322167326163,6.318301667059989,9.60463899545401,Medium,USA,Twitter,56.712698096865665
1.2877314240403193,6.047196899262037,5.447167221236936,Low,USA,Instagram,59.16462329107881
1.1576965273661919,10.092698083207406,9.420258655438106,Low,India,TikTok,52.69992127942497
1.0274247113746218,7.670941618255869,13.613827309969638,High,Other,Instagram,31.689153926773052
4.332088113211362,9.187901619281476,1.8142335958969928,Medium,Australia,TikTok,81.29523638181756
0.5878696452564693,9.577360406467877,14.720505042694999,Medium,India,LinkedIn,39.66068792014321
2.1566086819912114,6.883729604851179,4.363384019811453,Medium,UK,Facebook,62.40296645131825
1.2205799284708525,8.135258648891766,4.388652476637823,Medium,USA,None,65.9530213462524
0.17730946853200186,7.567516163237022,4.88927101872474,Low,Australia,LinkedIn,59.17933000631449
1.8543138389988025,5.764179295474667,7.330549531397531,Medium,Other,YouTube,40.091028216940146
2.7593029952051067,7.221780036143616,3.105725823908377,Medium,Australia,TikTok,69.809175077183
0.7107343397937719,8.38125988535884,5.099342343628034,Low,Brazil,Reddit,72.391690739577
1.5111840095044387,6.7514561174837135,8.290964637009152,High,USA,TikTok,25.936849097822048
0.8704713055771709,7.012735206942208,6.897387726547765,Medium,India,Instagram,38.42195189162801
0.03601928558501683,7.239949716921532,7.602587946589794,Medium,UK,LinkedIn,29.638938346502353
0.7201440070648965,10.667293996965155,4.980940718882227,High,Australia,Facebook,31.319345692411215
0.8212499235870727,4.748926594343341,9.172647625515337,Medium,India,LinkedIn,23.396063075876917
14.008376711848754,14.8313652418222,11.40269434128227,High,USA,Twitter,46.735291835921366
1.573047381195507,7.119991384121753,,Medium,India,Twitter,42.42391166785018
0.3255301270610528,6.539017637246349,7.819074050686694,High,India,YouTube,18.35963552051771
0.8769289371858566,7.083186439265602,10.62633724489675,Low,Brazil,TikTok,48.35456562742944
0.19396138365157067,8.501064365750135,10.20253634311451,Medium,India,Facebook,35.57888780959675
3.2469063894519516,8.58678539103084,16.0,Medium,Germany,Reddit,53.88206936463901
3.2944137402636455,7.779025683652129,12.564058552809332,Low,India,Facebook,74.09123868613852
2.4009337456819884,9.13911197468494,5.735950755053984,Medium,Canada,Instagram,62.31817711294727
0.5361766459183941,9.403249492650865,3.500803198984918,High,Japan,TikTok,37.9877133701026
0.08293272630099299,8.724563912925921,5.172291637829122,Medium,Australia,Instagram,49.50607912316316
0.6574131101511007,6.680711323279172,4.957636359044078,Low,Germany,Facebook,63.41170100315092
3.4266207273499147,8.241662323819314,8.22232931545301,Low,India,Instagram,73.22707715454223
2.978455863828264,8.248800988707854,3.9742905448200605,Low,India,Instagram,90.22535326834593
0.24180372154485041,6.276552849530173,12.370397287581762,Low,Australia,None,48.321659381822506
1.550469302159305,5.145841658918613,2.62810274587718,High,Australia,Instagram,38.50906803544555
0.8699705218704878,4.465836567938167,2.2716011112420267,Medium,Australia,YouTube,45.704592026538826
1.5843932598348747,7.604783235168227,5.578558419438408,Low,Australia,TikTok,84.52376989757602
1.643048405624115,7.947059572300377,3.649041646378223,Medium,India,Instagram,57.34476557673147
,,2.843568244377342,Low,India,LinkedIn,62.43802240424273
0.7406929942940987,9.069048498827044,4.127855517648555,Low,Japan,Instagram,71.55986839683897
0.3415816219745598,7.728327223944619,3.8309334822890495,Medium,UK,Facebook,50.36230195973797
1.1168607496905705,9.524178922373029,6.086545009061039,Medium,Australia,YouTube,46.779224025875706
0.2360585199879995,8.055803804975387,4.169172300462596,High,UK,YouTube,34.23498903520009
0.5453310157185678,5.900499642181273,4.377682107227852,Medium,Japan,Twitter,45.0215529907244
0.6799837553361127,8.187421819935224,6.032011692208318,Medium,Brazil,Reddit,54.10761634586328
0.8108896900161643,8.505166042308153,11.117772371397377,Medium,India,None,38.475413581387876
2.4204346030912527,6.678564621169492,,High,Brazil,Facebook,49.63069600472318
0.014148146915597416,5.3368605040351875,6.610508220310098,Medium,India,TikTok,30.67066867797623
3.364689490346721,7.65044409645991,6.926300770034165,High,USA,Twitter,58.17360028908253
1.0941688014246198,5.9987330470257225,5.41995650018106,Medium,Germany,Twitter,49.918015660910804
1.4303519726923322,9.181331494591698,8.074808648400566,High,India,Facebook,32.07283378788733
0.20253239711651144,6.889234979360111,7.645609919259937,Low,India,Instagram,60.416979768010684
1.3652708428832676,10.086901659739947,13.403402730772152,Medium,Canada,TikTok,29.57417887582236
0.7562622997645057,4.313761998721747,1.9479493863314492,Medium,Other,Instagram,48.56116521950734
0.21841122494322324,7.702193406217722,5.255637730020272,Medium,India,Instagram,43.83506940772521
1.455625717015308,9.64408896015198,7.415066334046522,Medium,Canada,Facebook,44.35104438487236
0.22531986294374753,6.164543526169055,5.95499060699219,High,USA,Instagram,22.158245030565684
0.2371828291756992,7.2611985965594465,3.443526806855558,High,USA,TikTok,30.51431853689245
5.499570371804921,6.895446428453934,2.7742487572949037,Low,Australia,TikTok,80.38326290546175
1.0850409934342629,6.474348536771576,9.81383824649045,Medium,UK,Instagram,39.9870476559611
2.46127235717659,7.866933961671422,3.8414292188502874,Medium,Australia,Instagram,69.22499223990896
0.10326086324791983,5.556867598501345,2.110784554377274,Low,Australia,Instagram,59.273639344211276
0.7656402908310409,7.333546828004661,10.114233771104773,Low,Other,TikTok,57.25518307906579
0.18075119807323628,8.27399135652686,7.967651168479185,Low,Germany,Twitter,57.69059034703313
0.3032376884080048,7.177359432920035,5.643336911479384,Medium,India,YouTube,43.692814687352666
2.1943034361438425,5.999693700021337,3.494775169190256,Medium,Australia,TikTok,76.07088277739743
0.7173757608415283,9.045278097902253,5.651579897679922,High,UK,Twitter,37.51888753029297
8.12372539622654,8.595385442425275,12.545381129075826,Medium,India,Instagram,69.8424617708451
,5.938219243044388,2.296027437192655,High,UK,Twitter,30.033585114201976
0.7897288924415091,5.5588386524661875,2.3669765654535553,Medium,Australia,Twitter,51.88423994091386
15.904173248773297,17.226920715539244,4.150964870989682,Medium,India,Twitter,39.45026074431105
0.4186907878518244,8.317909748230823,5.9537054351045615,Low,USA,None,60.54123214830261
0.3673239127381611,7.9133593484438185,4.491671307202053,Medium,USA,Instagram,48.44305405451019
1.3719441091219111,8.685124068668571,8.896784729347335,High,USA,Twitter,45.970621008216845
0.37311646172972895,7.010774672924078,11.626655694543949,High,Brazil,Reddit,15.565643897005284
1.570835950059378,6.11289864374984,7.151064771893326,High,India,LinkedIn,30.970451161698957
0.7488330898031258,8.87826973262175,8.467704073814378,Low,Australia,Facebook,49.0399740690901
1.4665310685219772,6.669827229823254,7.122506722391587,Medium,Australia,TikTok,51.2739075002842
0.3086427018548237,7.779822083780968,6.084258454735207,Low,USA,Instagram,56.87665676267359
3.619861130669954,5.175112741326939,2.7839332895862756,Low,USA,YouTube,86.33334638647374
2.406721894140697,6.645284363515801,3.264821124398344,Medium,India,TikTok,56.731236758453804
1.228167622400313,9.01409448141227,2.689751778799406,Medium,India,Facebook,58.43646715606143
2.622213055436786,6.425588149995214,5.533923861862546,Medium,USA,Twitter,51.616247886716195
1.137676697450357,8.721755732177249,6.954346214669102,High,India,Facebook,31.375960330462444
0.010238649282510327,4.003470455717709,2.535631121393074,Medium,Germany,YouTube,36.32064896022929
1.0799588169580616,6.660912510535221,6.3189751061582475,High,UK,Instagram,29.490725490792133
0.7462447234781365,7.2429680311828015,3.578236935696001,Low,India,Facebook,66.49515624436314
0.699976371008793,10.113810455013608,3.1850895152171197,Low,India,Instagram,69.03768670675987
1.8371314854881406,5.746405679978322,4.156986239492586,Medium,Germany,YouTube,66.16248059780065
0.24324403136354136,8.506489943170635,3.088588223765775,High,India,Instagram,38.89505792660912
3.90717440716441,9.08539767187319,8.705852239935348,Low,Canada,LinkedIn,69.59356075758383
1.8127357147864207,6.417765529133588,5.4695554861325,Medium,India,Facebook,54.819446316058055
1.0111716558134043,6.939714076840965,9.866334772684626,Medium,Japan,Facebook,37.41104679178337
0.6139156112712473,7.712443160717855,4.636233026323769,Low,USA,Twitter,71.61747929022143
3.368656482122339,5.277772549211206,4.742613537011808,Medium,USA,Facebook,63.69386248851411
0.5269490226356237,6.817345182207965,16.0,High,UK,Twitter,11.595998169357129
6.3401992918557575,9.414168061419623,2.2845377744526516,Medium,India,Twitter,79.12166075681183
1.3616418432878798,8.28398221629663,13.074826575668535,Low,Canada,Instagram,64.59140857887103
4.2112883553266585,7.264873065775136,16.0,High,India,Twitter,49.534635780939894
0.48575240432719424,7.669608542754725,9.578207804976069,Low,India,YouTube,51.03672938904219
4.382528792826463,8.371358048294658,4.961547650500748,High,India,Instagram,57.615567565145064
2.792795699855164,8.65861522186517,14.24122949280925,Low,UK,Reddit,63.78402133574853
0.23842894832864753,6.665378778931347,4.987541904403006,Medium,Brazil,Reddit,43.843867901164565
2.536911739046563,9.802081414919504,3.9611272687122896,Medium,India,TikTok,65.16907676890898
1.579936853977356,9.474522301806992,4.792436727663299,Low,Germany,Instagram,66.58003494862334
0.042927095236740556,8.51588644552982,4.296856704899009,High,Germany,TikTok,34.24942912468811
3.859351548688899,6.235560201231163,3.4281684022802845,Low,India,Reddit,85.2118202698831
0.3049548050906477,5.96966413984411,11.775306867126664,Low,India,Twitter,42.06911271660031
0.0943838870669734,7.010094305105111,3.8035353459821377,Low,India,Twitter,69.27396698235704
0.10622508833649025,7.5911476464666165,5.942986629825984,Medium,India,Twitter,43.18471087248868
0.20154395672671466,4.8472622016614215,2.543998017926722,High,Australia,Facebook,28.305649039032716
2.5840980523643555,8.242039700317884,6.162523846953495,High,USA,Instagram,41.963799754098915
1.399694881754344,9.431193395772707,3.0235885074103765,Low,USA,Instagram,75.50976956260702
1.3877130402518572,8.364711209746316,2.979359981806673,Medium,Canada,TikTok,59.809990986465266
0.010110874808487632,6.485920795793647,5.665681877388762,Low,India,Facebook,59.64642033554663
1.0114871955636753,6.308394903899265,11.406499894578488,Medium,Brazil,Instagram,29.76974600244215
2.128650045663023,7.949778516261118,7.879372058160889,High,Canada,LinkedIn,44.283369039910035
0.785492052788104,7.2700444269927305,8.21097957888251,Medium,India,Twitter,31.92638422400931
0.38118707442421584,8.164561761383862,5.59598676664723,Medium,USA,Instagram,51.48062312514354
0.6879568708299789,8.402582058908452,4.946181382100345,Medium,India,Instagram,50.65386007189661
1.9075531588530668,9.137835793341994,9.724849201351681,High,Other,Twitter,33.3937266398148
0.12281756981429255,5.801814856605717,4.314984371409532,Medium,USA,TikTok,38.40152645825894
0.20401711540725154,7.832428421773968,9.98077250530202,Low,Brazil,Instagram,46.263423853487
0.280153897762258,6.9547874940580146,12.699570364945144,Medium,South Korea,Reddit,30.887865584881624
0.1538519903624803,7.352047434096958,3.651609138161413,Low,USA,Reddit,65.4700427750602
1.7345040547439443,8.796613279003116,3.988170891537058,Low,Canada,Twitter,78.60200542140059
0.08433900779146417,8.959688809576866,4.3604824118119225,Low,UK,YouTube,62.45396892839369
0.7918494709420006,9.597665475575482,2.508844841121422,Medium,India,TikTok,48.98821776991707
1.0387683008823703,8.138385375552401,4.564725409689422,Medium,South Korea,Reddit,65.53318847027259
1.1149679599544875,7.3349748138663085,13.208622583181716,Low,USA,Twitter,57.92371329969865
0.2568273309461885,7.120682295824425,3.230557343766381,Medium,Brazil,TikTok,47.349131928578245
1.662434507391902,4.897867496407997,13.398163766178984,High,Canada,Instagram,23.012047070599625
4.180007923761051,9.509602567347905,4.664279270864098,Medium,India,Instagram,68.580827948474
2.331651268306383,7.0171523793214945,16.0,Medium,USA,Reddit,48.8451534830474
5.38076888879563,8.258845590004366,4.018513912634106,Low,India,Twitter,87.45438961074001
4.8729024625776045,8.51849478861365,5.548961705167696,High,India,Facebook,58.97797272632534
0.1650810991823855,5.632026736424791,,Low,Canada,Instagram,66.72812540226585
0.812807479985042,6.114980411310548,4.004343054975007,Low,India,Reddit,53.771505011904345
3.4143350970083306,9.82052986058324,13.50294081831885,High,South Korea,Twitter,43.87055843758229
0.0931462079368244,7.9356532735253165,8.042355485232623,Medium,USA,Instagram,40.48154166154738
0.4081064446215423,6.629121503552226,11.215431780588775,Medium,USA,TikTok,33.964790290319364
0.3836743777904883,7.310479483308685,2.747376398553467,Medium,India,Instagram,60.20108360959245
0.11308496708528798,9.129355357249258,8.961136602459467,Medium,India,Twitter,20.7103723404112
2.0007599140523205,8.901471719601457,3.377493985067959,Low,UK,TikTok,83.03040451761471
1.9460133717054147,5.300877356640536,2.711789888080622,Low,India,None,79.40462698867601
2.3787882366850113,9.951425765507839,6.981471305479745,Low,UK,YouTube,65.32784086449863
0.9685946855420811,8.949222046498019,6.93875941606093,Low,UK,Instagram,54.63520559292433
0.9160609237822088,7.27128712598762,6.246413579581602,High,India,Twitter,41.99724602615579
4.184964890916419,5.7124163353699196,9.304843281693364,Low,USA,YouTube,58.80559845823788
0.1221091490522075,9.081012960091389,10.217886781831659,Medium,India,Twitter,33.74607032895123
1.2721906758987815,8.214641250441929,14.611919555070937,Medium,India,YouTube,49.4345021373795
1.1489140258963184,5.3133024328833525,2.961791142440046,Medium,Australia,Facebook,53.023039108851854
4.656558011158442,7.151882886962435,14.897743332257125,Medium,India,Reddit,59.430694497817
4.250931400971605,12.0,16.0,Medium,India,Twitter,42.67490197712665
0.5393764122806317,7.524752636121632,4.856227928369426,High,USA,LinkedIn,37.587055481220126
5.042862774478503,6.387044108496514,2.2231052730444714,Medium,USA,Facebook,69.44807027210663
1.0205448333769955,5.987255062040039,2.6376823982840123,High,Japan,YouTube,35.62445065149312
1.9534140566274298,10.158148475144129,4.585454238877598,High,Germany,Instagram,40.708811776108774
4.004306928462739,8.771639234366532,16.0,Medium,Australia,TikTok,49.21422373677862
1.420295804266174,9.611158670875842,6.11196301186291,Low,USA,Twitter,67.523024787278
1.6197908477876874,7.872277926138237,4.177402032346669,Medium,USA,Instagram,49.600241535339315
4.6420914534378355,9.38102885299918,4.009869290835579,Low,India,Facebook,86.26528868778072
1.12244739596354,6.227519415678134,2.735643263185113,Medium,Germany,Instagram,57.33490842682623
2.4381263438732845,7.743886471372587,10.224078931353995,High,USA,None,34.50795475423764
2.9045681010121904,7.930580272459104,5.7245202864435925,Medium,India,YouTube,62.47773448687026
0.32102273934120246,9.573670397812831,16.0,Medium,UK,YouTube,29.2326517132958
0.4026222420781712,7.9782645602106825,8.819151273161905,Low,Australia,Facebook,59.284544338306155
0.9683406596436822,6.561732387395677,9.953873676558464,High,USA,Twitter,23.837466212286916
16.907941950191557,,5.231704334428655,Low,India,Twitter,68.53247367848867
2.553392051007184,4.985380196309639,3.1436413608877203,Low,Japan,Instagram,76.03795926096649
0.0789867827800817,4.018546900094599,3.5817496561919433,Low,India,TikTok,52.06149166319372
2.7725234246474857,8.74701205516243,2.6603344119411974,,South Korea,YouTube,88.63915354749486
2.6282626625175975,6.9378841705404835,10.446184915441176,Medium,USA,Instagram,46.84468139770503
16.637274143366923,19.07812833675392,4.802088308888051,Medium,Japan,Instagram,61.69762411480328
0.35213363884185916,8.746420019049921,10.713453881659346,Low,Japan,Instagram,54.4201140939949
3.227532453509834,9.595515577566898,6.56366175369584,Low,USA,Facebook,79.89359190136811
0.06954802673041084,8.301731932241374,5.074910993450667,Low,Germany,Instagram,63.719578575788326
0.07756099556308992,10.392109245326719,2.9988782408285157,Medium,India,Facebook,51.76826821964608
0.5522996548917602,8.254033701085916,7.249841740832252,Low,India,Instagram,61.1166137279037
0.17856275924462486,7.953320195369992,5.305904144879128,Medium,India,Instagram,43.76747713851101
0.05644241497818679,7.860583233756898,10.394848602743277,Low,UK,YouTube,45.70016302753859
1.487793284042236,5.571756656799575,3.938317471743053,Low,India,None,68.22371510489053
3.003484470183296,8.933997908460183,8.755347566044215,Medium,USA,Instagram,51.21579835979334
2.805174690041512,3.831800969977071,16.0,Medium,South Korea,Instagram,39.21368703659178
1.8222194594409888,6.620620714086333,7.12445725699059,Low,Germany,Twitter,68.56996364754619
,7.534395525851418,9.690779550599721,Low,India,YouTube,57.35465236641022
0.2805711125076807,6.315356514879955,8.526117909968757,High,USA,Facebook,11.470631448323093
5.068716600932714,6.822366115390768,16.0,Low,India,TikTok,70.78485255640695
0.24093428656967925,10.259063349340842,7.560491890957643,Medium,India,TikTok,33.648810600706575
7.769861420659791,9.156035828672518,9.207103549276937,Medium,Japan,LinkedIn,57.54562631753023
4.111657390934656,,5.919395800082171,Low,Other,Instagram,79.794371942885
0.948290197619547,6.795650233541435,3.8013903393462223,Medium,India,Instagram,53.10711168121068
0.9487711993246097,5.584494077172234,2.9302700575424176,Medium,India,Twitter,57.56351551209007
0.3924111674902308,8.557490679009206,12.937815269452429,High,India,Facebook,27.12931020602893
1.0135104283701222,7.125386324384286,3.303506160064236,Low,USA,Instagram,82.06730926718964
0.1645241542661057,4.550300293658179,,Low,India,Reddit,38.803975663262094
1.053930365866926,7.651175387715087,7.764872046508131,Low,India,TikTok,60.57051706408641
,8.158468325402739,10.492610074371255,Medium,USA,LinkedIn,54.52731665744094
0.9733600602884172,8.94471145976258,4.442302337152099,Medium,India,LinkedIn,50.30508767711873
0.2295690029598919,7.389967808134838,3.764300490559103,Low,Germany,Facebook,68.55852769359552
0.6476443993252333,6.940993255820428,7.5914537111198,Low,Australia,Reddit,61.30911938238697
1.9342873260131652,10.479397020734293,5.076362673985418,High,USA,YouTube,41.243377563378345
0.48962781219232504,7.509879234149328,2.8903655963081007,Low,USA,Twitter,66.40828703230325
0.9081275319348763,8.579342747396902,16.0,Medium,Germany,TikTok,36.65227472861466
0.4059820399942791,6.690690534935612,3.7627689167920626,Medium,India,None,58.38601638826918
0.7191082096143884,8.534864477453748,3.3328252670004956,Low,Brazil,YouTube,66.12137967738846
0.2875587689929161,5.316556511393853,5.231607222016975,Low,India,YouTube,60.57030147560047
4.064517225940438,6.80689868142205,12.829088625957304,Low,Japan,Instagram,72.25047496681448
1.3790244131654297,5.687588640860919,1.6486536318562164,High,India,Reddit,38.99792109360754
0.9390908982825092,6.592540017195799,12.206030937647135,Low,Germany,Twitter,45.960459454664104
5.8522757502243525,9.375705060346606,3.5012354752136745,Low,India,TikTok,82.29949399386723
3.083561886279471,6.581511166044454,7.090211310112175,Low,Germany,TikTok,78.35716954930722
0.18213778999174618,8.577384188211127,4.032537469956382,Low,UK,Facebook,59.51808192199451
2.520963223610946,9.77589777308556,16.0,Medium,India,Instagram,55.836166505112146
1.7026751243971692,7.4586340295950215,6.5193328819571175,Low,Australia,TikTok,69.11830256566076
2.6622319510404044,8.99065065758442,3.955650526710795,Medium,India,Instagram,70.94835895325997
0.6229625249392032,8.296628937208013,5.049782670907655,Medium,USA,Twitter,54.27128323160305
0.9496859935238595,7.674655395875299,,High,India,Instagram,43.4458147722774
2.572581997518176,8.625473383975393,6.7302074285311635,Low,Australia,TikTok,74.06339212884481
2.2946346669580935,10.259907134987781,,High,Germany,Instagram,35.16893600115775
1.2462650450469879,6.544096631237171,6.044551183414929,Medium,USA,Twitter,42.02815645916728
2.3536273071000475,6.061198649735887,2.647729684668319,Low,Australia,Reddit,79.97022993602229
0.14525450337397958,5.973128181516985,4.932467635726284,Medium,Japan,Facebook,46.42343747914038
1.669184700733656,8.991641954604832,8.705848358248678,High,Canada,Reddit,33.719647351896036
0.012883007733851589,9.194051434692529,,Low,India,Facebook,71.77175037531386
0.11872208221666293,6.694444599999097,9.058184990569766,High,USA,Instagram,20.68064215816002
0.06802558881054013,4.29597967584098,6.1658800743822075,Medium,India,YouTube,27.611361211136106
4.1027909960611435,6.487864890115372,5.308747363116725,Medium,USA,Twitter,67.95841489270053
2.7565703883430475,8.321781266710495,12.385003375933888,High,India,None,33.448464026590415
1.5649160689930706,7.39991529152575,2.1321292608226687,Medium,Germany,Twitter,60.79376186253904
1.156509037647456,7.77052162013305,4.034197757615223,High,UK,Reddit,37.163618361244495
0.22933490193012673,6.7149833725866035,12.672790640060446,,UK,Facebook,46.775167151575545
0.19451417183183156,,,Medium,India,Reddit,32.16896273464765
1.7996588838870204,8.014787702631955,16.0,Medium,India,Instagram,55.363668511916615
2.585356418791701,8.379695208545703,6.235216601869828,Low,Australia,TikTok,78.08068657038375
2.480693748816397,7.738598524540023,7.962463427294679,Medium,USA,Instagram,53.88118658673875
5.253647687110069,8.286552245416265,9.87944855905604,Low,Japan,YouTube,81.9517581991348
0.9576995862245842,8.187857532271442,,Low,USA,Instagram,42.186962568842226
0.24791013465350747,6.107888057796327,7.299859933692487,Low,India,Facebook,51.35751126874643
0.19577952183800973,8.059594643062692,10.545395868174058,Low,Canada,TikTok,52.41589505993602
0.29215406228580826,8.68726225791978,7.971433034909774,Low,Canada,Facebook,54.60816318848738
4.9783450127516495,9.232712199292266,8.275789835814615,Low,India,YouTube,76.88013601524531
0.17007969816980104,8.12416072242557,3.486779245598405,Medium,Canada,TikTok,52.70049767106361
1.1919502066359244,6.052124221902696,4.965290316392394,Medium,India,Instagram,51.82917259952218
4.435667142860326,6.283024005638996,4.420878717316606,Medium,India,YouTube,64.06880275039944
0.9560031009090999,6.847277878120604,2.9643646549515967,Low,India,Facebook,63.330962660422976
0.19224710941662176,7.784195862204787,2.245743991158679,High,UK,TikTok,39.828633920408606
1.7819149045407925,7.31664584803861,4.691833765635792,Medium,Australia,Instagram,54.659694834347476
0.24859697345179432,5.814401901553629,5.163788957591032,Low,India,Facebook,51.694286791246725
3.1924771344119818,5.8054199485274225,6.443180248411322,Low,Australia,YouTube,80.92113537818217
0.09118361490046778,4.352217337639974,8.443886635991063,,Australia,LinkedIn,32.818610657359784
1.0903257076843662,2.820787614197984,6.772520664191284,Low,USA,LinkedIn,51.787984993940626
2.034923345531424,7.302327265567612,5.185432715639047,Medium,India,YouTube,65.31202189095583
0.253058627428871,10.980345562714284,3.4935702603138896,High,India,Instagram,26.66891686376163
0.06330359023528545,10.19516928568714,10.239383968757886,Low,India,Facebook,46.802971448504216
1.0247683239983987,6.032652881815543,5.691117748038674,Low,South Korea,Instagram,62.87905850534412
0.7316940003737831,7.724854946085916,4.663312921905395,High,Germany,TikTok,47.83214172319314
0.43784912061127235,5.303130734924752,5.4093418469596575,Medium,India,Instagram,34.60145544753044
1.6591644233903633,5.531835703712819,3.897570427047986,Low,USA,None,72.01977398032369
1.8795904167091262,5.703791103554431,4.399960862302196,High,India,Instagram,33.53052247888884
4.033263992386179,7.1617519733372506,4.316845866220299,High,India,Instagram,59.24663702846213
6.220336556116991,7.226310584682036,5.091627628041438,Medium,India,Reddit,60.58064401963917
0.9452821594187684,7.8790529562102884,8.966119502850683,Medium,India,Instagram,38.595456160523646
0.08938742845609005,8.494824584556424,7.723497002913369,Low,India,Instagram,48.013939498506836
0.38229735321681213,6.994678614907262,15.302901399409372,Low,India,TikTok,50.29775329065255
0.05045643451680343,7.5543029559939425,12.516370847822472,Medium,USA,None,35.39348908629158
0.8135647029399025,5.859281239964686,16.0,Low,USA,Twitter,60.19803755705067
0.14995258860564203,5.483254463614228,8.461234524064828,Medium,USA,Facebook,29.52309968085223
3.9693870256902235,5.251541480927536,8.380127535604936,High,India,Instagram,41.91854561207504
0.09143075952426397,8.47387170169234,4.515656287361092,Low,USA,TikTok,63.351168851855405
2.3097167942166417,6.993138227867635,,Medium,USA,Twitter,53.06857450545333
0.37998128256028874,4.693319605763396,4.080950153135926,Low,South Korea,TikTok,55.329070712898414
0.651680962020742,7.405366570974586,2.503592462429445,High,India,Facebook,47.07401718519988
2.426671982722145,5.626768002320874,15.116608429149588,Low,UK,LinkedIn,54.65708029311455
0.04418817400684774,,2.859054692850688,Medium,India,TikTok,33.006229384251654
0.264070069133593,6.631767417619761,7.871991451070947,Medium,India,TikTok,39.04666720626542
0.9400573198429227,8.522258978728683,3.567272065191218,Medium,USA,Facebook,47.48785580455399
1.4562222478864404,9.13344454107748,11.89360158610796,Medium,Australia,Twitter,48.6746914677747
0.9571185330464442,6.067607321164438,12.907002473102335,Medium,South Korea,Twitter,32.18678229354568
1.0976441749153363,7.614070676332061,8.310391207332353,Medium,USA,Facebook,41.27027407253847
1.7794107183052716,8.330201852082219,12.779199699749272,Medium,India,Instagram,61.41707873124547
0.05591093838628307,7.67331925861516,6.076338204221302,High,Australia,Instagram,28.85746895790826
0.6004204430430911,8.041651138964728,16.0,Medium,India,Twitter,38.586229687056395
0.907798427338793,5.50555590966127,9.465930979969869,Medium,USA,Instagram,37.35966057898089
1.7030963707317759,8.331054329571787,,Low,Germany,Instagram,82.56723678027775
0.9054728119144899,6.770753708740936,6.307655315984539,Medium,USA,TikTok,52.25329246727961
0.7566471060966438,8.02417683492621,5.520667540740422,Medium,UK,YouTube,45.48993315700391
0.4949647424795864,8.879983268327196,5.205655157469939,Medium,India,Instagram,50.10618088153672
1.1353681050110138,8.50321276127741,2.238299583893431,Low,India,YouTube,75.0084146132073
0.2956713973355855,8.02307958823421,7.630235628489139,High,Other,Instagram,23.592321366752188
0.12089381713702477,8.463192444276775,2.634117503555459,Medium,India,None,52.76965124111105
3.319937516079764,8.532616580833178,1.3294371161181144,Medium,India,Facebook,70.48972986741293
1.441910123216561,9.74325174207589,4.921393958757617,Low,USA,Facebook,71.87344405568105
,7.448923950805844,3.8438090227410284,High,India,TikTok,32.946109854307075
0.035146892814642304,7.745935490163583,3.6077264886751412,Low,India,Facebook,62.85809610146848
1.5128747104086933,8.898100213464167,0.9400167636383252,Low,India,Facebook,80.47216159851666
2.3511682433683467,6.764418585354731,3.63094982717402,High,USA,Twitter,48.9520619307122
1.0999672408575933,5.497098790983022,5.451086141821034,High,USA,None,35.8638268927567
0.05583536171251258,8.239845261874155,4.135083972227388,Low,Australia,Reddit,58.67102580164862
0.30375787667251253,7.190964473076083,7.632429476980661,Medium,India,Facebook,38.20181625731093
0.08449362879528927,5.688708882398449,13.95163058270065,Medium,Japan,Reddit,25.348001210017745
2.111561915244809,8.250812894069757,8.246760562567555,High,India,Instagram,34.94654722068601
0.2427633310062019,9.646699522543873,11.199135372769431,Medium,India,TikTok,31.15187579105048
2.725016189631285,5.055386180566371,11.769083064642249,Medium,Japan,Facebook,41.40230776703606
2.0061482655418676,9.033487492824722,3.282756742785257,Medium,Germany,Twitter,56.68693427431914
0.8873947815119303,3.6943987263814773,7.873233291542466,Medium,India,LinkedIn,32.824806961599876
0.8601077843446517,6.899570054727729,10.99119405806742,Medium,India,Reddit,45.21551789198912
0.15616488908511347,10.26077386836387,4.65724333074468,Medium,Germany,LinkedIn,40.805219099067614
0.43329235901420315,7.0075139272307,3.7645337288430643,Low,India,TikTok,64.56863275681248
0.164275683292547,7.634907593731488,8.316519812266975,High,India,Twitter,23.4401585070717
2.644024582088804,8.644299301160332,2.486864492299731,High,USA,YouTube,54.778083841029435
0.9933302675833267,4.925289728909021,3.1493536778822326,Medium,Germany,Instagram,53.624903968026516
0.12910758019466811,,4.054981768284782,Low,UK,Reddit,64.79822381762777
2.6013191950725645,7.596319607941962,7.92726852393151,Low,USA,Instagram,63.484457070925416
0.09809683916651465,10.29348145987311,6.898800203502808,Medium,South Korea,YouTube,40.35861813818235
0.37337603997977076,5.646388753503265,11.239367017730766,Low,India,YouTube,48.34173791403046
2.7398593052792317,6.927691025324817,3.479462985551389,High,Australia,Instagram,56.938986032881864
1.4199521578797984,6.107466313764577,3.3693377686648485,Medium,India,Instagram,41.58910354604956
1.142418057092126,,8.284175935111387,Medium,Australia,Facebook,40.20769218337424
3.044110892863395,9.191104090596868,3.746416778846627,High,USA,Twitter,59.68956874442213
0.2717288012958431,7.539977253001227,4.211831761050031,Medium,India,Reddit,51.70165697782076
0.5056158875484627,6.666649205360219,1.985639634918942,Low,USA,Instagram,69.77318158907524
0.7488506666614748,6.723231148286197,7.203071993919282,Medium,Brazil,Facebook,47.353613361915286
2.7299008993337184,6.655159384581906,15.252970684858937,Medium,USA,Twitter,52.156386205633595
0.20191611649069546,6.789295233888459,3.262281020424561,Medium,India,Instagram,54.63492924025863
2.3577958219366577,5.603331983566103,11.167660732615914,Medium,India,Twitter,45.084478417834895
0.04286352640865558,7.1119056861522,5.837839918245645,High,UK,Reddit,27.606851542017754
0.43993609147846124,6.961189962521783,2.0975106083318296,Medium,Canada,YouTube,58.58254050399532
0.38310136116459126,6.363304940394986,3.5365931849231362,Low,USA,LinkedIn,60.68361303210437
0.930189235186218,7.732569384457462,3.4079795225845966,Medium,India,Facebook,52.3656318522843
0.8414639890328374,7.8598342201772375,5.003228124037789,Medium,Canada,Instagram,53.68198530540627
5.942260892234696,6.665029178562438,7.781184477505786,Low,India,Instagram,78.1590281432746
0.7283888529032732,7.283798773850617,16.0,Low,India,Facebook,57.58911858303559
1.4970715119070346,10.737935590351285,2.563343658972093,Medium,USA,Instagram,59.270968194757906
0.05229035010556997,10.680649887903206,4.522810360702144,Low,USA,Instagram,53.04545647517181
2.168068812232938,5.918864714805396,3.533933258764574,High,South Korea,TikTok,44.32832593296178
0.8218480747206128,6.128328650117162,2.8269893829245123,Low,UK,Instagram,64.06004601844906
0.7004768026793888,5.910895084512005,6.406214993956482,Low,India,TikTok,57.481237544493816
0.21943972993321373,9.08558090995836,6.055021905255828,Medium,Germany,TikTok,34.0700194052269
4.248176115192582,6.902206050636459,2.037489864720657,,India,YouTube,60.62889572307289
1.4804925809346756,7.859511365394449,6.115890088519663,Low,South Korea,Twitter,85.24066431244518
0.4690860126839741,10.495450999921326,2.935161285537867,Low,India,YouTube,53.91366382599805
0.04818991840648455,7.484302808534307,6.092732280769535,Low,Brazil,Twitter,58.875077917586765
,8.55937308263598,12.957799643603893,Medium,Brazil,Instagram,55.91891681212097
1.4396297433779341,8.28063112395059,7.987204124053617,Medium,Brazil,Twitter,52.958828355257445
0.7987761409711038,6.617673972456076,6.729563324574102,Low,India,Instagram,54.20378155412827
0.46393120741760263,9.08874259761279,4.40500126057826,Low,Germany,Facebook,65.92190967279038
1.9394541149389477,6.225448786349721,6.297297609551238,Medium,Canada,YouTube,50.00165124946763
2.247095730968796,9.509819679666265,8.482053116961755,High,India,YouTube,28.594437032557977
0.7821837009509884,6.618823552186321,7.992469658395083,Medium,USA,Instagram,45.511376212014746
1.2293200956687664,6.783048419195858,5.700014631185582,Medium,UK,Instagram,54.039791911077195
4.970437205398085,5.867268264559812,6.892444380834044,Low,Japan,Instagram,69.40514982636044
6.675364720239738,6.11361088377503,2.7457737406491005,Low,Australia,None,82.87102179776963
3.060927913916006,6.859853516507197,3.893848246703033,Low,USA,Twitter,82.29215467039214
0.9898667848673208,3.8529771631340823,9.249188810601307,Medium,UK,Facebook,19.989947710110282
0.17948083544105714,7.150001488236605,10.026381516442378,High,India,Instagram,21.848001324707973
2.6232523733826736,6.738038644137725,6.399111512161558,High,USA,YouTube,48.93998682460108
0.05251411016534155,8.685016647917749,14.693121228406675,High,Australia,Facebook,16.0169984648001
0.567064932835384,8.134471107535239,8.205557346300507,High,UK,Instagram,28.34411385880488
0.06082004538718154,6.438543853351055,5.259960353070594,High,Australia,Facebook,26.664324749940995
1.6597585580296723,6.812173860861139,2.909986226980083,Low,USA,YouTube,77.47375763326893
0.6612927754692062,7.148072942218653,14.34268347794129,Low,India,Facebook,45.14498797544372
1.1918532024807813,9.728934831713774,9.60410368470732,Low,Australia,None,56.051050077339866
0.8891946711872649,6.2665429793153375,16.0,Medium,India,Reddit,29.302192981517468
1.2479410311758417,6.420359002574019,16.0,Low,South Korea,Facebook,57.07184032694229
0.18720062055798278,5.807123772574274,2.7950103675777997,High,Japan,LinkedIn,25.41417328430739
0.15310059995787426,5.276940780845723,2.7993850093071115,Medium,Brazil,YouTube,36.83356165645161
1.7492813275700276,7.960505435438242,1.085542706713892,Medium,Brazil,Twitter,70.98222279653956
0.8309200022221214,7.804354996609815,10.496241935757501,Low,USA,YouTube,55.61225388313025
0.8568079331289764,9.424142779253028,8.970035309773532,Low,USA,Facebook,54.25153728685204
0.10847668504732934,9.062113511590395,6.415182201468163,Low,Germany,TikTok,51.117725267854254
1.3881454173780514,11.09567507179771,2.8988672619874096,High,India,TikTok,37.48938349300484
1.2260940054293354,7.389190848688356,5.734954326319585,Medium,Germany,YouTube,54.51308802384125
0.03923758933634385,7.10920565430569,6.758650885621721,Medium,India,LinkedIn,45.682662645147296
,5.549660482299961,9.675872349048207,Low,Brazil,Twitter,43.13331075319909
1.1554108478320861,8.544867251214487,7.126299879046763,Medium,USA,TikTok,46.25110730773374
0.10885343071074668,7.677801362169508,9.009510818703905,Medium,Germany,TikTok,30.322944818199694
0.4474020236299443,8.476899457516025,5.615448599489476,Medium,USA,Reddit,39.98169230771229
0.20621619780104283,5.7913136711424,12.291268550496065,Medium,UK,Facebook,29.429874921661966
1.0141499168473955,8.02740628354005,8.837800614826032,Low,Japan,Instagram,64.87506701614902
1.060497294419964,7.807799426930913,2.9678570416333514,High,USA,Instagram,40.84443123626917
1.2900851559823816,7.7085525598405304,13.922861768500226,Low,India,Instagram,60.43120947756188
2.0175019449141756,6.475101137714214,12.620757935991374,High,India,Instagram,29.169326707510805
0.7237373081233213,9.283986972830098,,Low,UK,Twitter,59.24842199490383
0.06142270081885344,10.575461368467018,7.159431819407792,Low,UK,Instagram,51.62134114299768
2.930918091573453,5.834483960553577,16.0,High,UK,Reddit,23.45421735830086
1.284166907360713,8.580665969389436,2.270527719979165,Low,India,Twitter,82.43502557219605
0.7148526451891535,3.1832247729894165,12.739847939984665,Medium,India,Twitter,22.712705069080343
1.2769620343593542,8.502914924223688,4.546128450976933,Medium,Brazil,YouTube,54.18193554733492
,4.694768075187367,11.670992243642887,Low,Canada,Twitter,37.28534827683947
0.6415315283944085,6.712548978151113,6.502752236611911,Medium,India,YouTube,43.88430456910737
1.7988368093961782,5.530463007368624,2.8698058688126844,High,India,Reddit,39.81928788644942
1.5093221257712806,7.176582757575906,4.491057125312885,High,India,Twitter,37.86824704960121
4.24545313521562,8.758190547551743,11.167831340792516,Low,Germany,Facebook,68.42824954431126
0.5172783351263489,4.714030104409465,5.332793828016767,Medium,Canada,Twitter,32.46155277700833
1.27425196050927,6.9607804657265415,4.1666349814912715,Low,UK,Facebook,77.35339232605155
1.0324906438126549,6.729946846775915,4.1499519892612975,Low,UK,TikTok,68.0843566408039
0.07322783339789464,9.871573025807812,8.893747069369773,Low,Germany,Twitter,57.129378350277506
0.4344358161053823,8.147641511775428,16.0,High,India,Facebook,24.74030233353308
4.467449932827052,5.734174330089866,1.674425259299111,High,India,Facebook,59.6951754426514
0.76603796712559,6.7930584314544005,16.0,Medium,USA,Instagram,30.99251112803417
0.15941808467221275,9.834156357578298,6.836307436409623,Medium,Other,Instagram,35.756905974695854
0.9579943245543872,8.571547975161037,8.568858111322378,Medium,UK,TikTok,44.31907395373928
2.0182169512180623,6.122649806391868,4.65640155672608,Medium,USA,Instagram,53.80908774791944
3.0273289267743055,7.0993941924253665,6.036901750264234,Medium,Germany,YouTube,63.19994867550457
1.5661830279561202,7.147336277387778,6.790386129136376,Medium,India,LinkedIn,54.243583172255036
0.4877188858399176,6.693027109266292,3.223740736194896,Low,USA,YouTube,67.81330667459174
1.6856615023465518,4.934681765517466,3.7306822920386593,Low,UK,Twitter,60.21258697298452
1.5316051456568158,6.483567426915047,12.314045537819368,High,Other,Facebook,27.605815380130956
3.8385276333301306,9.583798958798061,2.3835521923610585,Medium,India,TikTok,75.47099959613321
1.5101506186375098,6.9282832694082375,7.882329342183532,High,USA,TikTok,30.13713047056524
1.0172776633639868,7.345119554308622,4.843753101255375,Low,Brazil,None,64.94974776746692
0.29780165606619624,7.710788470280361,3.3993210153607403,Medium,Canada,Facebook,54.93461029157067
1.144167147398908,10.827212092068189,16.0,Low,UK,Instagram,34.97905203698929
0.46075548649080944,7.513312157125442,3.4119994322900076,Low,India,Twitter,68.21971629223869
0.207797099535883,9.140918030375268,3.070802107145945,Low,India,LinkedIn,72.59383892998264
3.4740880588205387,6.602729741923206,5.407659518425676,Low,India,TikTok,67.90997360231758
0.6875154031106928,7.110901109246263,3.8147106615434514,High,India,Reddit,41.521325341372766
2.4259305843637433,7.518829084665428,6.072852289925643,Low,Germany,YouTube,80.02274252759901
2.256027989204008,6.338800587225923,6.6408474143665766,Medium,Canada,None,47.61080358057763
0.6871869878070247,7.194423329095564,6.964284258697314,Medium,Germany,Facebook,47.466922860210985
0.5950027945101473,8.832076403719904,5.616257358705535,Medium,India,LinkedIn,52.398172824925716
1.7619838411106332,6.299453158362175,3.9697494351863734,Medium,India,Reddit,51.48622377839319
0.030740941711549154,7.500133546445458,8.899915885336076,Low,Australia,Reddit,47.460550312633735
1.9404608815483475,8.563100327483898,5.6575126817075665,High,India,LinkedIn,44.25803959138733
0.41683454686375676,6.263300926780883,4.493489685859855,High,India,TikTok,35.042506599877804
0.3010282448267609,9.143120688922433,14.702186429990299,Medium,India,YouTube,30.130151192699593
0.3660233188299426,7.609325219566984,5.624954300855519,Medium,India,TikTok,47.092648011572436
11.860284611958033,14.194404907997544,11.648669423314846,Low,India,YouTube,65.807606830173
3.3153305263778226,4.487778291299678,12.63035531093562,High,India,YouTube,31.073901307915747
0.6879569938737642,6.939581336979789,13.099888271210112,Low,Brazil,YouTube,56.495372371297634
1.5832559988756882,8.057388624217955,9.158612421721914,Low,India,Facebook,65.06944662667595
8.232725858369099,10.118017528203701,6.047348441706825,Low,UK,YouTube,74.62226280996603
0.264979385497861,8.35183373116742,5.821599112547476,Medium,UK,Reddit,45.994718894101844
1.166882455052027,9.189324347667522,5.225382123756457,Medium,USA,TikTok,47.511179146315335
0.31909098462770846,5.686343139567092,1.6484947486497559,Medium,USA,Facebook,44.204903209686385
4.058897381140567,7.309766256520568,9.31181555401084,Medium,India,Reddit,64.97661628772619
0.09773345647761122,9.331119663493295,7.005386406751759,Low,India,YouTube,61.132471025938614
0.08920769723050342,6.168399674400115,9.927558331202048,High,USA,Facebook,4.61080754588038
0.7405499761431079,8.947833943459655,5.639520640714851,Medium,South Korea,TikTok,50.94490990617946
0.15830989725813524,8.5999767969005,9.015047243383053,Medium,USA,TikTok,40.62362123945887
0.5488665544669622,7.912085472674731,2.647182223205997,Low,USA,TikTok,66.36289310867465
2.3890215784790043,7.006946062296038,2.999485081520076,High,Other,Twitter,50.28246845100647
0.6135064230471431,6.0205572681413475,1.3692635494605292,Low,Australia,Twitter,65.68189029134685
0.04536315181017217,10.163068941154972,5.581125633601321,Low,Australia,Reddit,62.26254916793478
5.051434139226032,8.447793776586046,3.805641790272396,Medium,USA,LinkedIn,81.956971499888
0.21188055867417188,8.010924187013174,3.518275218917672,Low,Brazil,Facebook,63.24977560919953
1.1179075893859667,6.880725377696623,7.394906310501934,Low,UK,LinkedIn,53.6826558943992
1.1240327883000103,7.556807444384966,4.686545216868384,Medium,Canada,Facebook,59.368013850598665
0.6604542987897655,7.747075904955049,2.560353656237427,Medium,Australia,Instagram,60.59079147019816
0.014888609875428716,8.099813527100359,16.0,High,USA,YouTube,25.939822276565145
0.869730300407259,8.6015104327079,5.916787370583086,Low,South Korea,Instagram,59.46445938673594
0.44620831219230417,6.326292711217363,3.158515593180175,Medium,Other,Instagram,52.5962534618689
1.6498197424149565,5.300104551769493,,Medium,UK,LinkedIn,48.621436952286636
0.07521182862069178,7.626421276910246,5.452718101640229,Medium,India,Facebook,48.59140196753942
1.9717708345169882,4.879173994012858,5.445842222919871,Medium,Australia,Twitter,49.49066042652314
1.579074714595805,7.014508507509543,13.214286617673242,Medium,India,Facebook,53.19372176164899
1.6108919558258603,6.736215254832356,5.7680958963236995,High,UK,TikTok,40.648725402627335
1.6170957722296615,8.237622288302504,16.0,Low,India,TikTok,60.416305457614854
4.029733525133532,10.473895553229463,4.667138922906769,Low,Germany,Twitter,79.1262375166202
0.1677113796077781,4.583114064144659,7.81356733144424,Medium,South Korea,Twitter,27.63763668037318
0.1162079995150189,,11.169514154835484,High,India,TikTok,3.512372127533043
0.11177575607202053,7.150387261321461,12.39249915624942,Low,Australia,TikTok,57.1202158654819
1.0712890405460223,8.02171302325887,,Medium,Brazil,LinkedIn,51.47705884435232
0.1625523003680078,5.377751763564425,5.138663136547576,High,India,Twitter,22.083250295630826
1.0988526654468962,8.995307355339481,6.029755386530244,Medium,India,Reddit,53.23460709563242
1.196109521884543,7.562208804527586,1.3666280930712165,High,India,None,59.65828786871843
0.16469978871575802,,5.37841637546178,Medium,Germany,Twitter,51.68723450086555
2.3932196508392547,4.593922327645569,11.643551491942109,Medium,USA,Instagram,38.98448947856024
0.6294677442953902,7.610695220771141,10.361550501225713,Low,India,TikTok,53.03873673895539
1.6618811173309882,8.76874248572486,5.7437236952480575,High,India,LinkedIn,32.27309752142539
1.6839177715042972,7.145582046775217,16.0,Medium,USA,Instagram,48.927529575193
0.2636871724759151,9.261299018466225,4.8047106851053325,Medium,India,Instagram,51.2667507635421
3.334403605170336,9.199342757837044,3.936594878452525,Medium,UK,TikTok,76.60967260347073
0.458388864280652,6.538356925888728,4.568125560105421,Medium,India,YouTube,49.90542605851345
4.812704768454301,9.892670788196089,3.084905377532072,Medium,Australia,Instagram,71.47878646918842
0.13989349943301724,7.567942446487623,8.788438220149597,Medium,Australia,Twitter,32.43076097772665
0.022018191792690576,7.574617876181746,7.192861579814933,High,Brazil,Instagram,27.091010801645414
,7.648471833904097,8.723213300655335,Medium,India,None,35.9010866841673
0.9050226323423243,7.603973626411689,4.717963802962472,Medium,UK,TikTok,56.487063194415214
,3.5547999650122373,5.8424849553807245,Low,Australia,Facebook,47.71016727386665
1.5563435065128126,7.221740402715419,1.6371366421074942,Medium,USA,Reddit,67.83894820249503
1.3242711760172312,5.454080292506319,7.581683941004135,Medium,India,TikTok,48.07189779191184
0.5648308249273721,9.939503553323515,6.419273010408389,Low,India,LinkedIn,57.59820814711835
1.8376706704695651,9.8791244875818,3.1257785967140608,Low,UK,Instagram,76.01271462327239
0.10258660887068147,8.777907498683382,5.6814443123240865,Medium,USA,Instagram,48.07058657956787
0.04975370975909716,7.142298843991667,5.182514787922603,Medium,Japan,Facebook,52.86261135335253
0.20083916488514314,5.987977595094453,16.0,Medium,Germany,Instagram,28.022203178240293
0.2055708022668622,6.513628498086593,3.200553677710757,Low,Canada,Reddit,65.30280625978538
0.7260120384516824,10.41396285963905,7.380605691916222,Low,Other,TikTok,60.256893534359705
1.371828896893071,6.461703920220059,3.144135552791097,Low,Canada,Twitter,75.30755225604388
5.675965137635241,3.9666069684209044,4.3287375194670386,Medium,India,YouTube,48.03269766917212
0.38670136296152113,9.04524826272809,7.142703686237773,High,India,TikTok,22.4777659068533
1.3516754488055132,9.75075467042684,5.329099131872574,Low,Germany,Facebook,69.2428475813075
0.23263317087687402,9.988823530749784,6.0279409590890545,Medium,India,Instagram,36.83505556813564
0.07953103389135444,9.057522006373993,7.386346769826173,Low,Japan,None,60.1420667028602
0.044319423605701666,9.302279515852172,4.498690062967117,Low,India,TikTok,68.18833223622178
1.9379809863941024,7.579401111080313,10.282957579033353,Low,India,Reddit,60.87022650505478
5.898288946403941,4.385556564762505,5.0365038159401125,Low,Australia,YouTube,67.7884533671161
4.051529542090842,7.54182156225002,5.705705978976887,Medium,Germany,Facebook,67.09710955482761
0.8563891716760827,8.432359158629126,7.514141396783804,High,Brazil,Instagram,29.241736987592084
0.06826927621076799,7.297094915150624,6.932358732279203,Low,India,TikTok,63.08407847898251
0.27470566874084124,7.228745821890577,8.90432180307504,Medium,India,Instagram,31.6751520383971
2.38117981649153,6.053822941472516,7.316840732513397,Medium,UK,None,56.68477949291306
0.3711963761883809,5.997391885091961,8.015830484163443,High,Japan,Instagram,26.858752041202223
1.313758471054175,10.257222772149104,4.976747133139058,Medium,India,Twitter,53.13541099673685
0.5415397155789323,10.311519554820213,,Low,UK,TikTok,64.3037458095258
1.0675407273752588,7.496029303130845,2.5687429592864937,Medium,India,Facebook,59.29152969474299
2.4421117123160414,,2.220148113418237,Low,Australia,TikTok,97.92054820484839
0.8708862752833877,6.028712914444472,16.0,High,India,YouTube,17.855663568188177
7.3292984708650035,8.46386227490918,1.603736073922703,Medium,Other,YouTube,83.87663230291912
0.6910922346985424,10.1394737574213,12.381879824472328,Medium,India,LinkedIn,31.177166842602908
0.6661153372403626,5.20615383008296,3.6968407117798066,Low,Canada,Facebook,50.70292082346043
,8.195824949553591,12.327895030659048,Medium,Australia,TikTok,40.867348392983104
0.08899857150036382,8.30853336396756,1.6136133535519015,High,India,Reddit,39.662402584041786
2.4493257317814345,8.291409772333886,5.253758151371988,Medium,India,Twitter,64.57759563860486
0.7151596024130691,9.964226501772703,14.474878676213022,Medium,UK,Instagram,29.56282040213478
1.7871179134006672,10.554027318256729,9.280595714265216,High,UK,Instagram,29.008196507916924
1.1520407740875664,7.149774483191006,4.941360625729711,,Canada,YouTube,42.147469972855525
1.3195488665131438,8.509760508234537,1.8855388065661376,Low,UK,TikTok,77.27440733517669
1.4761819623518482,7.626350558589089,2.7360270508265634,Medium,India,Twitter,61.90371271460904
0.43308944299482344,,13.922249695942549,Medium,Japan,Instagram,27.41858247321597
2.3983962356699537,7.906221235321522,4.90892648421009,Medium,India,Instagram,67.81155028880504
0.0011085598523856855,8.507249292750371,5.794478827860644,Low,UK,Facebook,65.38327121415507
0.11245379209828057,7.825393028125479,7.171544643224499,Low,Japan,Instagram,64.1654265024762
11.670029209496919,19.270480627205036,2.768475069400383,High,Japan,YouTube,43.75249874107606
4.0952249603586175,6.8046590402164835,7.724322432271124,High,India,None,55.86378891532363
0.43183410906081865,6.816138869738014,4.7031416030453554,High,India,YouTube,30.150517339372367
0.23113643002602643,6.236334067603943,7.215429154609865,,UK,Reddit,16.676156331750853
0.992269191190819,7.9703093724085035,4.276647668550983,Medium,India,None,50.31854029469318
0.2187514630901553,8.127168144439617,2.3540337922073147,Medium,Australia,YouTube,49.97491578052272
0.038496103698157896,8.969276401330795,4.68130295754591,Medium,USA,TikTok,46.3963549126757
1.0127112745351576,6.213566477759053,8.88590728174786,Medium,India,YouTube,37.453867279109566
0.16058908721799312,6.63378197065681,7.663249062719731,Medium,USA,TikTok,33.50167855891555
1.4037210316073714,9.831854177896856,6.1629682508987385,Low,Canada,Facebook,59.25795561242762
0.6834548686304005,7.253256203890619,10.369606876238453,Medium,Australia,Instagram,32.050076480835315
3.9691333800909767,7.545196543877451,5.353998112047707,Low,India,TikTok,80.34644687225874
1.2388759230179098,7.237344417906526,6.257406414063838,Low,India,Reddit,71.29383737987548
1.8440749144922237,9.199546228082465,4.536427791090976,Medium,India,TikTok,67.63002750324652
0.9425340273314498,9.257713021072544,10.739953785571778,Medium,UK,Facebook,46.835221483458376
1.5629195873665922,9.169812150883272,7.206022456144365,Low,Australia,TikTok,68.24448659601057
2.4854586689801086,7.539851417036322,4.331115516515065,High,Brazil,YouTube,49.75390606274524
1.0142346657644614,,2.4758459908081023,High,South Korea,YouTube,36.350579049417455
1.0096557026024437,10.387819616638883,11.739705923011645,Low,USA,Facebook,52.30666629018954
0.26366290172290247,8.784463465433276,3.8711861906499667,Low,Brazil,Twitter,63.06169286413663
0.03881534223321976,6.815011527911415,6.316963358835218,Low,India,Twitter,56.83774318209663
19.41180455618885,17.9421978135267,16.0,Medium,UK,LinkedIn,41.96610683949342
1.0972396540269465,6.696586627111357,9.785539405085185,High,USA,Instagram,25.184558120725942
2.181800991151345,9.616055104782983,15.905894332995448,Low,Australia,Reddit,72.37944476531109
1.0097420768798169,9.717426884076737,4.38033459260015,Medium,Australia,Instagram,44.62301851395793
4.185597045140883,6.117775842478416,11.502746559243441,Low,India,None,69.7082154050925
1.467329914473651,8.372637454531441,6.147228905302918,Medium,Brazil,Facebook,56.44869983720638
2.6467750966490837,8.673286055941993,7.535386709006514,High,Brazil,YouTube,39.72218342030338
8.465343031556944,11.422363799379497,16.0,Low,Japan,YouTube,65.31882253031797
3.5252588789008845,6.386548323549214,5.1182495995462185,Low,USA,YouTube,88.40461926792062
4.479706550725449,9.648814915490743,6.1199423234437065,Medium,Other,YouTube,74.11823361558322
0.8005879967975338,7.5260190270503315,3.5186282399480007,Medium,Australia,Instagram,57.76865876881293
0.2627686856864251,5.637953724629146,10.30965807983956,High,Canada,Twitter,3.153430273937074
0.6494221760013287,7.320019245248569,4.32159203517669,High,USA,Instagram,39.05642308103603
0.12733413554668802,7.50369714164956,11.17440895861271,Low,Germany,TikTok,52.74325955844049
0.1844698305390838,5.9116647103270665,2.2480250044669186,Low,Australia,TikTok,61.32642498640535
0.03377195128259204,7.968260428277294,8.407993353693149,Medium,UK,Twitter,40.19883031630426
0.002200023521841034,8.936713883247872,4.111483927903897,Low,Other,YouTube,58.57490321267903
3.474704397189207,7.857300981093019,9.377475436835804,High,India,Twitter,45.31703729283091
5.226161040283852,6.687233865930185,6.000630195449657,Medium,UK,Twitter,69.83479490165972
1.6791399814925043,7.277291897389551,4.3876626137977945,Low,India,Twitter,81.51824960801194
1.2920797164088564,7.493184964809823,4.79735262773963,High,USA,YouTube,34.96245141148982
1.0149225946305562,7.825982441221573,3.631940287598854,Low,India,Instagram,70.78684788077703
5.461861826524289,9.164746143360047,10.000875640319759,Medium,India,LinkedIn,47.39874296734197
0.5825316695330169,7.907909630079134,3.22462798577105,Medium,India,TikTok,65.4219432062441
18.948797720858867,18.975367950924564,,Medium,India,TikTok,59.31038454235164
0.4109317305878779,6.656518392016963,7.442030645452971,Medium,India,Instagram,29.303433799542546
0.41999997023906516,7.749031576344955,15.928289072046045,Medium,Canada,YouTube,37.033452254995034
1.8437462278897803,9.18618672743117,6.015989488958497,High,India,Reddit,38.54795383024648
2.1737586020311737,9.446769662304828,5.230430812843328,High,India,Facebook,39.74721841393423
0.185105976416562,10.162028012381183,7.129070912046059,Medium,India,Twitter,40.19144506687459
1.6076173447057884,7.695921596368957,1.7435468719456395,Low,India,Twitter,87.35269217562673
1.5146451667041492,,2.9470733099828608,Medium,India,Facebook,63.51688105406955
0.3250381313813071,5.318307698395546,4.829679458067625,High,Japan,Twitter,21.59107499186464
3.8407966104160787,8.144822359742225,3.944091000251969,Low,UK,YouTube,86.39424291406806
1.018399666067892,5.887103847808707,2.315209144036754,Medium,India,Twitter,54.12722361319559
,7.406191206367875,10.12155381090605,Medium,USA,Reddit,35.4039314958379
0.6187510097849753,12.0,7.069954453975906,Low,India,Facebook,46.24601467275465
0.6414435282761634,7.9553313542856445,6.580818622870924,Medium,Canada,TikTok,51.291232567092706
0.07503804481907383,6.204280171229507,3.98925824179493,Medium,South Korea,LinkedIn,35.77663712281528
2.095275381012147,8.111683508936858,6.344801262686555,Medium,India,Facebook,56.66254443470635
4.4413315948059715,6.724387220115968,8.237275744001739,High,India,Instagram,44.135894716365875
3.225269126112644,6.058883830263673,5.160649107753311,High,UK,TikTok,57.16063703778982
0.6916051497817457,10.654709300085752,7.8990566704882275,Medium,India,Facebook,39.39303007172665
1.893352605191288,9.10021803940013,3.752280208925933,Low,India,YouTube,76.34732803369556
0.6165047810933629,8.018304937493618,6.414051867167368,Medium,Canada,Reddit,50.835232366428656
0.23910347730090362,6.912265064628688,12.007109945085265,High,UK,YouTube,17.05436873834585
0.6848158106967056,7.033815775541701,12.669681072399404,Medium,India,None,41.99990845698711
0.7021363343739586,9.813722800266225,13.417412221673132,High,Germany,Twitter,20.530965230899767
0.29450153137331064,7.959866306496852,7.180299169545839,Low,India,Instagram,65.63873077502564
0.7534053986860867,2.8757922855767806,6.165494676624511,High,India,Twitter,8.339982228210642
0.8996804961869498,11.131407773488256,4.621533841435028,Low,Australia,TikTok,54.08702557149937
0.4425891115955297,7.774593535458427,2.045227736916104,Low,UK,Instagram,73.89887437548491
0.08213950039865604,8.015053508602225,2.699482754254796,Medium,UK,Instagram,56.31575102648759
0.3784959041147592,9.130042220152195,5.4693895841783595,Low,Canada,None,71.8360166418886
3.080052144170558,8.19810424096738,5.669080473050977,Low,UK,Twitter,75.63656582844459
1.223077135429623,8.620362926575215,14.116351654702925,Low,Brazil,Instagram,57.13778911531705
0.5663113809315262,6.8644147989526125,13.314843660974317,Medium,UK,Twitter,34.59854029743897
0.44496972567055115,5.65530701405042,4.007262400791707,Medium,USA,Instagram,45.352022921688835
1.5301275351532753,7.920349172209795,9.884772375099597,Low,Australia,Instagram,70.87678913875892
11.078105691400403,14.911200573548857,4.543777348713454,Medium,India,Twitter,48.83878142931686
0.3659663015184157,6.528296162425324,9.11179570812838,High,Australia,Twitter,11.241354183865855
2.646837321357906,6.407964007770335,9.812044256809905,Low,India,YouTube,72.94524119630421
0.8563178952056376,9.331528890569906,12.74648678408948,Low,USA,Facebook,59.053742721419646
0.25366585552146237,6.814132192288363,4.501514911531487,High,Australia,YouTube,32.34744117049078
,6.884160129248397,11.118186737019952,High,UK,YouTube,7.773321997505883
5.044076158196956,6.940283590580637,1.9666106490956936,Medium,India,YouTube,75.08651286131514
0.003096402056816297,7.4025285285142814,13.167206849257887,High,USA,LinkedIn,19.97852527006193
19.112156146567408,16.003394285507717,5.959520151298238,Low,Germany,Facebook,62.32145082657143
1.522625817169775,6.69098983118756,,Medium,Other,Instagram,43.002400048352115
1.1646830829843822,7.845552028709583,1.7816467847616515,Medium,USA,Instagram,60.400033078470926
0.7048689943686165,7.834856904262244,4.791293744019654,Low,India,Instagram,73.49022726915562
2.7653496805263256,9.23698957886938,13.643833206008376,Medium,India,Reddit,59.68366448212085
3.0736365860551973,10.259088333292206,4.683187018294497,Medium,USA,TikTok,65.99740897285223
0.7405201139219079,9.768725169996605,9.282005715543082,Medium,India,Instagram,41.386807010632495
1.0211326165534724,8.871978576110902,6.176384553855185,Medium,Brazil,Instagram,51.516591598377815
1.0325579428765193,7.276898113849189,11.445555443394104,Medium,USA,Reddit,45.18347978897868
1.6000093087591518,6.565396395064679,6.786264067130079,Low,USA,TikTok,65.82161125816903
0.31503666134240504,,3.4587701618808406,Low,India,Instagram,69.38038119717864
19.45360019172417,17.586764788659828,6.258061095041248,Medium,India,Reddit,37.48471115588046
0.7753327928287819,8.732906697368502,15.811383293211641,Low,USA,YouTube,56.88172188301911
0.15798561421746415,8.434628600273776,8.154639644617982,Low,USA,Facebook,47.877007161673504
0.903433602251845,7.318236792935921,5.641399740307698,Low,India,Facebook,69.00199696889213
2.2589091833609154,8.680293359763393,16.0,Low,Canada,TikTok,63.15518484292556
0.8713533260210772,9.391308757625254,12.1281527244597,High,USA,Twitter,23.255533097487106
1.0786454255230211,8.820240576101313,9.875336135433152,Medium,UK,None,35.895877158161106
1.2791265809668584,7.451980417254902,7.318500660163569,High,Brazil,YouTube,32.2266417293108
1.9144769597585052,6.24922696124099,9.376103774292377,Low,India,TikTok,61.71231868420326
1.1924950853940226,6.213648855917839,9.560492513737797,Medium,India,TikTok,42.26498298873411
0.780696418186671,6.478173564611728,1.632823610712149,Medium,Brazil,None,61.54516246295474
0.7496535857790116,7.885612798012395,7.667278494425893,Medium,India,Instagram,40.62111532301744
0.29113247151444044,8.27970563033345,5.493230326528169,High,USA,Instagram,24.97149733602091
0.7690679751756548,5.3782015230839555,4.482290715261532,High,Germany,YouTube,24.58309144605488
1.9984814759084233,,5.3802650134896695,High,UK,Instagram,37.185177509885776
0.7029295192905531,7.864928197958091,2.378549356804798,Low,Japan,TikTok,81.97092019753929
0.6127246403892306,6.150480134853597,2.048758377154669,Low,USA,Facebook,74.08286220454292
1.1178113466619597,8.150856229589406,12.780255621978295,Medium,USA,Twitter,38.35598218901659
0.2497397938366196,7.038857563625151,7.982843623835419,Low,India,Instagram,61.74778497602256
0.12497115151402852,6.414869592496115,1.42218258555967,Medium,India,YouTube,57.50628433577676
1.7543041294189146,7.579808148673346,4.280925716715988,Medium,USA,Instagram,53.5033370481828
0.46075784906596856,8.08842049436865,10.26080236640196,Medium,India,Instagram,33.18121916481774
0.4099050169817657,6.227206628595108,5.114048577598291,High,USA,Facebook,20.10664594477189
2.7817090142992047,7.136081430278929,12.768777998007808,Medium,India,Instagram,53.365089608490784
3.2603160530535957,8.201517565960662,11.357190636300519,Low,India,TikTok,74.28099035644183
0.9472070600317715,6.356864725024849,2.6804193989202543,Low,USA,None,69.38176611855361
1.3396007181031637,5.013364739364148,5.551152371394048,Medium,UK,YouTube,34.75874680707722
4.5609809946609765,5.195139231465369,4.623473882288548,Medium,India,TikTok,55.085677549462005
0.6876327142258747,6.872923703914545,2.628614820937539,Low,Australia,Twitter,70.72199385624711
2.6680340779718557,5.522372585542293,2.5280175160727105,Medium,India,None,68.22483160651291
1.7774360450111324,6.978417157235631,3.729921068810313,Medium,India,Reddit,50.70929783585593
4.044287057244187,9.997414276759018,4.118317698192687,High,Japan,Reddit,45.3088885583184
0.34572117341471265,5.432102418466977,7.170230961856104,Medium,Japan,Instagram,39.680667356143296
2.206675752078707,7.076092722783449,11.319513376718687,Medium,USA,Instagram,42.83601082157277
0.23206886540843413,10.698456831407077,8.233300552559763,Low,USA,Instagram,45.40597638722024
2.200603208481886,8.112195124463565,9.489855103483958,Medium,Germany,Twitter,46.83369050593019
0.5202458998037185,,5.155320597608678,Low,USA,Instagram,66.2247357488544
0.07738523302295981,7.264676048221142,8.686760786681258,Medium,India,Reddit,25.875971288097837
2.366102698984664,8.144043762589916,5.5343549050351095,Medium,India,Instagram,62.994464249990365
,10.043657895941159,4.641866601031033,Low,India,Instagram,60.49249608174992
2.5055435634297765,6.703719588784136,16.0,Low,Australia,Reddit,67.9093698874524
0.2871043845081639,6.363584575667576,1.4943845144783812,Low,UK,None,64.6946502394978
1.1157261621653403,5.431786900829659,1.9660322424493226,High,India,Instagram,35.24446558072374
0.04413672678649509,7.654644048764706,7.611192432829094,Medium,India,Twitter,38.77920630353351
,5.391468945273131,5.160381912889999,Low,India,YouTube,46.055826174242675
0.39530191734839903,6.804326062767308,2.5543796350796972,High,Australia,None,36.4937334363268
0.6015279100881182,6.1369748383344715,3.213091087167957,Medium,Brazil,TikTok,48.91301509257333
0.258737823125257,9.111185265351159,3.4741731973356575,Medium,USA,Facebook,46.849982248066404
0.16041418522617937,6.737405418949791,10.333612403870625,High,Australia,TikTok,21.234673229948164
0.20561771810416957,8.095395492008423,12.521488628435197,Low,India,YouTube,45.91094165757378
0.8953007931974026,5.0938619974671555,16.0,Low,UK,Instagram,37.01591724916368
0.07996522673780132,7.697260431679268,2.331689860395127,Medium,USA,Facebook,50.972942023839174
3.2361615324589668,5.695259541208877,2.6637259625946506,Low,India,Reddit,84.74171146810734
3.313584759275388,6.861527250105211,2.5564616010493455,Medium,USA,YouTube,73.52131371406513
0.08834230258716817,10.816803861384336,13.109199078014802,Low,Germany,Instagram,38.68371289543671
1.652211387530674,8.898261565861326,7.7705012454417615,Low,India,YouTube,59.56656915811791
1.540279898799744,7.307381125753039,6.347871309682231,Low,USA,TikTok,63.76938550647903
1.082411983435421,12.0,6.943300350521013,Medium,Brazil,Twitter,32.85931408667863
,6.127237964440024,5.847025285541943,Low,Australia,Twitter,53.1179738047667
1.0869960455372187,9.247824573113043,3.0873551057961772,Low,USA,Twitter,76.47671013479177
2.5660827843452614,5.2009883147293285,,High,India,None,35.07477382100451
0.45961599492097255,7.134115863528079,5.410366830720352,Low,Germany,Instagram,59.02465687375754
2.0956553109165856,5.478315374729159,2.9441115533522417,Medium,India,Reddit,64.79329039104994
0.8318470100665978,7.885913872636312,8.538379769115242,Low,India,TikTok,62.0838750911141
2.970093088306983,7.583955380368135,4.6857567005311855,Medium,India,Reddit,63.59445646062454
,7.038502801224627,6.934369209563555,Low,USA,None,47.85167078435141
2.326450393117816,9.13808553768946,5.612591204723703,Medium,UK,None,53.396610052719225
4.046066159829669,6.649351540495815,10.327675807005006,Low,Germany,Reddit,72.57207925395886
0.7569663775171107,7.990277621710986,6.903978119575741,High,USA,Facebook,38.21432148095205
1.507352077691667,8.730832410407007,3.560068887456732,High,South Korea,Twitter,36.93416168778998
4.73412245319786,5.275168186655725,7.338995160372856,Low,UK,Twitter,74.0464059245435
7.43972811154892,6.377378487488425,7.4843429716781,Low,UK,TikTok,77.90235574156
1.1069957248096993,7.580791450973751,8.221887326053519,Low,India,Twitter,68.5996221148362
3.8313538662783295,8.445230129142479,11.263017297431205,Medium,India,Facebook,62.97105021347414
0.6109375277842737,9.6318566488823,4.180414184771252,Low,UK,Instagram,69.66845050482891
0.6877768002686434,7.176180301908119,9.03188776419673,High,Canada,YouTube,27.069045757346835
3.704052298192671,7.025293436025174,2.149230040487429,Medium,India,Instagram,78.00270809188416
1.3309388970903009,6.191105954679504,5.6294351629784956,High,USA,Twitter,32.651924151689286
2.3914645658191214,7.9949761382655495,5.130504867796534,Medium,India,TikTok,70.38664072704384
0.6191142343731271,7.054323639452862,,High,USA,TikTok,14.508174830043052
2.1955534325329786,7.088951605761422,5.507984366928519,Low,India,Reddit,74.45688582216357
2.573322967757086,7.3591672411672375,8.712800506419546,Medium,India,TikTok,58.940669132300144
0.6616238465920866,8.32744209313551,2.102091552126935,Low,India,YouTube,80.7690678261901
0.9652713829784245,6.654404170231109,4.898579284746575,High,Brazil,Twitter,32.70364864544745
0.5464431442391848,6.341762866636643,3.640729521418815,Medium,Germany,Instagram,53.46967807859792
2.9267553819437726,8.147586279201155,16.0,High,India,YouTube,41.83780495025811
1.6163697750675377,2.9614126471761226,4.0548834535129155,Low,India,Instagram,62.574694837165325
0.24449189600854226,6.594482739507471,6.32156904270677,High,USA,Reddit,21.52318299064753
,5.773035750888954,6.5269873488066255,Medium,India,LinkedIn,63.4045324882548
1.4262098428345211,9.304887334525183,2.3310365162970283,Medium,Germany,Twitter,59.885849258967845
0.6716905335736103,6.838600856185655,4.412223483531975,High,USA,YouTube,28.77186305419628
1.3261699897119632,6.658925827099154,,Medium,Germany,Facebook,45.196987378416644
0.32530108669738333,7.427066272120089,6.368942002593119,Medium,India,Twitter,50.99687488067701
0.508922945693085,6.606941357302629,1.521586311727047,Medium,South Korea,Facebook,49.59915861719141
18.5378180101701,17.810051399240596,4.305120521959556,Low,Australia,TikTok,73.3896090267117
0.5029507133835351,7.645665615634745,11.161752703069645,Low,Australia,None,54.59998078593442
5.272535886541144,6.866939348240598,8.610081261116793,Low,Japan,Twitter,65.55356372877847
0.36427840489219865,6.856173821591945,12.563804372739847,Low,USA,YouTube,56.15569732999357
3.017537134929858,5.984763489433037,3.3488318969241337,High,India,Twitter,60.39807311934971
3.066312106190198,5.769324389219204,13.046993461938888,Medium,USA,Twitter,55.79919604498066
1.7214380565331657,7.590955346385421,5.890591228779359,Medium,Germany,TikTok,57.35268782224147
0.34795185251662386,7.959900764678734,15.726284753166263,Medium,Germany,YouTube,45.9465262178051
0.6364518686544665,5.357765034324076,6.061653759448834,Medium,USA,YouTube,46.09577805117906
10.020643555309181,12.661685740509883,1.7709474827844254,Medium,Australia,LinkedIn,58.38600615485984
2.0538648798801615,8.64607145973712,10.069919803381264,High,India,Instagram,41.040813335138616
5.420574114735959,8.962033707417934,4.636184830516383,High,India,TikTok,50.00303558641625
1.5506732916325472,7.9498336271108965,4.827178971585973,Medium,UK,Twitter,59.1516087485505
1.6325731770699612,8.455623150433494,2.529804789236798,Low,USA,YouTube,70.94626102129533
2.107216425040738,10.777538766867483,16.0,Medium,India,Instagram,41.47719515525843
0.8316396189246049,7.04771759868406,4.425305411907639,Medium,Australia,Instagram,50.30818133335499
0.3477592884859795,5.931462748665665,15.564948029391347,Medium,USA,YouTube,27.246925592962942
3.209339351787799,5.198910175167807,4.670443817555421,Medium,USA,Twitter,61.291260378655466
5.6761549911067295,10.133510895348476,3.467219162956957,Medium,India,TikTok,64.90018226668697
2.3551175263949773,10.153180888047986,13.352685216296978,Low,India,None,60.43658737032564
0.4501296922515787,6.113100387098655,5.789229165012614,Low,Canada,Facebook,62.99821163170635
1.4104300926837443,6.409018780982165,5.8232399284508105,Medium,Germany,TikTok,45.05215194958258
1.6103446801775658,7.0140134437032415,,Low,India,None,81.24160623736964
0.7646053692004702,9.336385308218976,4.59710145855605,Low,Germany,YouTube,65.35475914310825
1.5440029986172297,5.569046702279534,7.824168698572842,Medium,Australia,Instagram,44.938421218017176
4.97273967928911,,2.7745595218783907,Medium,Germany,YouTube,64.11033973269741
0.9616568746094751,10.751271714843242,4.377804677243987,Low,UK,Facebook,57.15665590929952
1.0587206896862258,7.968559930380113,4.700797323168299,Medium,India,YouTube,58.816330418167034
1.6316289156254362,8.18161995887784,6.295685029785692,Medium,Australia,TikTok,59.18153540214548
0.9953067428059184,7.19234099220001,14.698358007606775,Low,USA,Instagram,50.72947119518258
2.6210071550905574,8.198677385577035,5.053232412523652,High,India,YouTube,45.84769392354466
0.7635507753326376,5.228691174988521,3.9976216730655576,High,USA,Instagram,30.455656520829987
1.4488761592620896,6.238619149709655,16.0,Medium,USA,Reddit,43.31909009271212
2.2087629233070842,,4.665004448483773,Medium,USA,YouTube,69.66398982309549
0.3825724263762975,4.0936636606496375,5.39571490961769,Low,Brazil,None,54.962562896199806
1.05222670169154,7.0462235792786565,4.880717210766045,,USA,Instagram,39.257869074336725
0.9284903390787766,6.953753444498389,5.1240161677813525,Medium,India,Facebook,49.11683267202763
0.8397348274379912,7.045964652074458,6.338568268630012,High,South Korea,Instagram,32.04454409889235
0.7175958222048843,6.6733772882685285,10.511583993873536,Medium,India,Twitter,29.21839185573505
0.2786484084243302,6.006162111188255,7.709032042424245,Low,India,Twitter,46.56802835390031
1.7597238580739865,4.76695222459362,11.545056515376961,Low,Germany,TikTok,50.87937158369261
10.900367136667695,13.616509084060983,11.31825834811596,Medium,South Korea,Facebook,33.839988354525616
14.119501671178845,18.677600532165496,6.856048554871601,,Canada,None,64.51918115896804
0.6095358921562092,5.437077680146983,7.582077070998044,Low,USA,Twitter,43.795218972022504
0.518481699973202,7.593800119250656,11.766329326935086,Medium,USA,Facebook,31.765707568168594
0.5841310968425167,7.057574707390941,3.105808423082519,High,Germany,YouTube,42.01679500993497
3.5980100455623987,6.808464072506828,16.0,Medium,Brazil,Twitter,51.067132922483914
0.6268880463116915,4.264657669788824,4.447974934412594,Medium,India,YouTube,35.57288760676508
1.1989550593430205,8.52415126846184,4.9009107101374125,Low,Brazil,YouTube,70.71793725872026
0.18258547175192186,5.650423439836304,2.9237277102321215,Medium,UK,YouTube,40.09712220030923
2.744346006815831,7.594905382261862,2.976385114127402,Low,India,TikTok,93.4250764361594
3.2499279182704104,6.287597334850961,10.852771024410206,High,India,YouTube,31.86623870678394
0.0585534381665916,6.916910223678022,16.0,Medium,India,None,31.14368834547092
0.547706876891628,9.228438737624867,4.304478246829975,Medium,Japan,Instagram,44.96377929758385
,8.297427301205062,7.451310454654512,Low,USA,Facebook,58.2036318714206
5.693675925002557,9.195059919434206,6.903993121176592,Low,Canada,YouTube,75.47245570070159
,7.9955782419323596,11.024794012115862,Medium,India,Instagram,37.84783193744222
18.640564267559583,,16.0,Medium,Australia,TikTok,57.08960961290745
2.353116814548775,4.828291499660733,15.068162147005001,Medium,USA,TikTok,37.70086827629293
3.9905177547376107,7.023712509200169,5.242531180478064,High,Japan,Instagram,49.50967017267079
0.6908699431221168,7.162636602227088,8.308346246537127,High,USA,Facebook,24.82713588226258
0.1865386967324329,9.335497230527963,8.818349364701808,High,Australia,YouTube,26.474544143911466
0.1256796478094711,6.740656008139608,5.977160493315079,Low,UK,Instagram,55.576446567784465
1.3908129299837275,7.897289263584184,3.134401729229594,Medium,USA,Instagram,69.05066921811253
1.792633909463636,7.838636014627128,3.7461710643975117,High,Japan,YouTube,48.445630560315486
0.7653789445312054,9.236512740421091,12.047914694437896,Medium,USA,YouTube,42.12516571100074
1.5161661017338925,7.2993838765408,12.817158710632258,Low,Brazil,TikTok,61.363822096676174
1.1865690451190019,8.74168042303972,5.3412493223043285,High,India,Facebook,40.945539579070314
0.8615866497565328,4.942702298793713,7.075465500128402,Medium,Canada,Instagram,29.795997900460293
1.689239243777625,5.078970850584088,12.408209286552394,Medium,Japan,YouTube,28.909059900469316
0.18491733914717623,4.07498348306321,2.175891959465291,High,Brazil,Instagram,30.690550306908023
0.293159629681767,8.6789774627,4.628294961859985,Medium,USA,LinkedIn,53.3474868520807
1.8228264556762614,8.510500406683104,16.0,Medium,USA,YouTube,59.64788620834733
6.242149483151302,8.845241360848924,7.239735189711374,Medium,Germany,Instagram,56.08993152494486
1.5679073452860306,6.483957246440711,3.0724348228881646,Medium,India,TikTok,61.2269977850313
0.8610424236032348,6.654678513698,6.490693463875275,Low,Japan,LinkedIn,55.16121492550456
2.2105979531572126,7.318428536006534,11.165864986823513,Medium,India,Reddit,46.255492135125316
6.496925414568288,9.665548954421485,1.3126923243710054,High,India,TikTok,57.5448425342293
0.5963209319160669,10.040742191433075,6.7245935857408945,Low,Australia,Instagram,56.70788992985116
0.5985126384319868,8.690712734762045,4.838241204776768,Low,USA,TikTok,61.609516791014315
0.008792069598727916,7.996529587205251,2.258726421514127,High,India,TikTok,39.577919812177555
0.7138419560899947,9.50307404655019,6.354456343071342,Low,India,TikTok,62.97246979232203
0.15240220111626565,7.116236314275662,5.573994046324455,Medium,Other,Twitter,49.38904433375852
3.5705436059705176,6.913587704276558,5.962833864431091,Medium,UK,LinkedIn,69.21021275326167
4.609617158938575,7.306466819079283,4.908869288703654,Medium,Other,Facebook,72.21303446228742
0.22602272755030142,6.0319284458706335,3.2778819564477435,Low,India,Twitter,60.03302231608075
6.307644182129785,7.237485953442581,2.527215995546825,Medium,USA,Twitter,72.78724436017788
1.1098550753416094,5.823887934324089,3.997167702073876,Medium,India,Twitter,52.876530739839545
0.030863366287361735,9.037511728349367,10.130506008012015,Medium,USA,Facebook,25.842314735114034
4.105783216085536,8.315531086549527,6.957652801027586,Low,India,Instagram,81.93938726345695
0.7228509179174056,9.644343596321738,5.803702072714617,Medium,India,Facebook,39.31779128237177
12.858938414164108,15.930576205442673,3.2418336483118404,Medium,USA,Instagram,61.7414390115727
0.6925183365684401,10.352545420383109,4.833887649507514,Low,Australia,Twitter,53.77669460478736
0.4065283258468697,5.14128687930984,9.414909361338864,Low,USA,Instagram,41.27728302966751
1.2681559918192904,5.7025378873751915,8.189642593138272,Low,USA,Twitter,52.10152793127869
0.2531124354859017,6.568767679705365,4.543422933729845,Low,USA,Facebook,55.95862272151675
2.216453277371535,9.461581037954797,1.2625818466797325,Low,USA,Facebook,83.29206236006506
2.6374053985045727,7.8383602458428605,4.035343474548997,High,Australia,YouTube,43.2453179723052
0.3751729598856671,7.134256124217642,4.528466174951828,Medium,Germany,Facebook,39.204848755587214
2.0787984580491523,6.311058848032259,3.510422629092736,High,Germany,TikTok,50.1171296787485
1.8332173096855235,5.436097274008951,4.721348840741631,High,India,Instagram,38.344149434210706
4.795846625293495,9.198940985539515,9.874247219227271,Low,USA,Facebook,66.90178495907426
0.16381725859322263,8.69795889157296,5.915772731626985,Medium,Germany,Instagram,48.598787488752734
0.29377352118597233,9.528675565638526,10.955237240713386,High,Japan,Facebook,13.039598557157072
0.7011460317846789,8.095227190471686,2.4472788861717003,Medium,USA,TikTok,56.21159569950076
0.3312640024385675,3.5368463121666975,5.037760132910753,Medium,USA,YouTube,28.286170560401793
16.81516504382561,19.54053464852311,1.890018719449241,Medium,Australia,TikTok,61.61930029737174
0.13146494306113982,8.197306958770064,4.683536477257903,Low,Other,Twitter,64.72915918912493
2.276473366304338,6.9454244621459695,3.230398572954835,Medium,USA,Twitter,66.8960427175424
1.8101760096657764,6.66173704960781,13.049524548723948,High,India,None,31.46036120386289
0.9625243646337824,5.845159852665708,7.735554770079782,High,Germany,Instagram,15.478399946960634
4.271253711355331,8.92138435112181,11.121694912047346,Low,Canada,Instagram,68.34442025423598
7.816263770971386,,4.675758075753228,Medium,India,Instagram,74.84838329384388
0.8073332589588329,8.251786834362184,3.281068533426946,Low,India,None,72.22830498046478
4.168974967928094,6.549596626822414,3.2189724807587274,High,UK,LinkedIn,67.17804880699903
0.8730449318247983,7.7644316383497145,7.094100821432474,Low,Australia,Twitter,60.630876079101384
2.534765187260615,5.493352610705278,16.0,High,Australia,Instagram,34.96744717545849
2.679330653713919,7.30525802873071,7.747958390775855,High,India,YouTube,48.31580281974844
0.6574414728212782,3.7081056321103367,4.8314148889018,Low,India,Twitter,51.72752159457685
1.6352041862421682,5.1478257912981675,5.401828389578601,Low,Australia,Instagram,64.79038289088831
0.7332251710511751,7.016532233621983,5.937094076431045,High,India,Facebook,30.638193115435815
2.1932444303217067,11.062677219412397,,Low,USA,Facebook,45.42940458606102
0.7922535053355685,4.798885389862703,12.681765058273468,Medium,USA,Twitter,30.27948761101827
0.24272133959636547,5.634629111190206,7.070812549342127,High,India,TikTok,21.94539768691491
2.6966276529343656,7.825162195039215,6.461355856530939,Medium,Australia,YouTube,67.648508383219
2.203747229917517,10.154134359021905,7.2399335937524825,Medium,India,TikTok,51.229088067705845
2.5898740733318855,7.80325874548211,8.138170509083695,Medium,Australia,Instagram,64.43860668800247
1.963493028003032,8.553212778456235,4.721286038241939,Low,UK,Instagram,72.3619280222784
2.6056150029082943,6.993594373985284,3.64571546019133,High,USA,Reddit,60.0469469102633
0.36434558466403766,6.734067616590935,11.238351346311209,Low,Brazil,Instagram,42.91145976417544
2.2870707133133203,7.623276528101635,6.129968665941864,Low,India,Twitter,75.92555417746355
0.39415831852298366,6.512565914060843,10.689230737351938,Low,Germany,Instagram,50.60789897288606
1.502107200542518,8.586404008076618,16.0,High,India,Instagram,27.096476098124594
1.564351617363831,5.090592151581625,8.267803212699203,Low,Other,Facebook,58.95269903636295
0.6422784343980502,8.83498054885025,7.5016956956616925,High,India,Instagram,26.330138837782492
1.6038700660065461,7.558969518454128,16.0,Medium,UK,TikTok,46.657503735487424
2.275015978029954,7.177918697098705,6.849749463733983,High,India,Twitter,41.88178617841661
1.1643582932995848,5.035523159720368,3.1445535207597946,High,USA,YouTube,31.71149555690165
0.2088615734508143,6.030316992003195,5.110334493566171,High,India,TikTok,37.2717000371209
0.47604832973733513,9.297977209699768,,High,India,Twitter,14.417739789474094
2.366955766194603,7.187101502949952,2.782916809826508,Low,India,YouTube,72.2961994390661
0.9794556198461365,7.917597698809232,3.8517370852135397,Medium,India,LinkedIn,53.85851174578
0.7564803300271281,6.1807019800269805,11.750033405191058,Medium,Canada,Instagram,34.43113000321079
3.715150280557446,7.456418045661824,5.139869111695585,Medium,USA,TikTok,68.09173389900673
0.8443224217649044,5.441771927820031,5.662426597516292,High,India,TikTok,32.45847888425046
5.452260139467354,7.649823381431831,11.519297725465153,High,Japan,TikTok,48.51021252660266
1.8380296012454302,8.055961345905308,3.93498588415036,Medium,Canada,Instagram,63.0509711317796
3.231280767006182,7.9809220907775265,,Medium,India,Instagram,70.24660476400012
0.8967696917677894,6.144622754264757,2.6291705533226017,Medium,USA,Twitter,46.76397699662292
2.754200922703531,6.9869235238492475,8.57686331833862,Medium,USA,Instagram,56.37813127780336
0.5126770623877722,8.305791218972447,7.067305262758634,Medium,UK,Twitter,37.387440559187795
0.5926749166014017,7.1828436070828525,3.9926696486237847,Medium,Germany,Reddit,49.65215872067032
,7.0690419264898345,3.0183943792849,Low,UK,Twitter,87.27926337205342
0.21649301961570613,10.355201412938335,5.143100588384019,Low,South Korea,Twitter,56.1675527416411
0.7164783675676732,6.073516321700813,11.821387273912439,Medium,Canada,Twitter,33.25423188050253
1.8025053758449598,9.120627702133474,3.6638306570964905,Medium,Other,Facebook,55.574092459471665
4.456831637052762,5.767979004742604,4.064901806349615,High,UK,YouTube,51.81834979953497
0.4401016603853789,8.482171628657122,2.961473828917503,Medium,Canada,Reddit,52.89582153027932
2.8746061023564073,8.562228837185959,4.852782571619949,Low,Australia,Facebook,84.80916068430629
1.1413836434451625,6.734452267414431,7.410125638518772,Low,Australia,Twitter,64.17905325968027
6.918290526731541,5.67378472070684,16.0,Low,India,Instagram,70.18575717476594
3.444858585783554,4.544350194294873,6.894120229632083,High,India,None,39.5865532603759
,6.577329736611997,5.857911477222122,Low,India,Twitter,68.00773969387268
2.4397424250289426,8.289327971928486,10.152926241484465,Medium,India,Twitter,50.800724216351895
0.059202294331897796,5.883557764350632,9.186447784270666,High,Brazil,Facebook,19.704576240705887
3.0941497717563253,7.645422871385592,4.277648793696293,High,Canada,Instagram,53.20514883114933
0.5647371030907524,5.285355303133732,16.0,Low,India,Twitter,42.62197629138661
2.300011720341298,7.149167711844054,5.96178533232327,Low,USA,LinkedIn,81.27538984929976
1.3596578489333915,5.779434143701904,6.971463626715683,Low,India,Instagram,57.15802818128172
0.6685373805199849,,8.421678476343727,Low,Germany,Instagram,50.122291504551626
4.10044569447542,6.748380795588702,7.444856718123525,Low,Japan,Instagram,74.32763014352275
0.0350342830984679,5.7144507956436,15.108214481859841,Medium,India,Instagram,33.09674884092496
0.8589099499334747,6.511689783166589,4.246328624417581,High,USA,None,23.948535867705196
0.6346805566008773,6.09876470663701,9.679684901992532,Medium,South Korea,YouTube,33.7852569195481
0.4422458526345745,5.529112949643881,6.677482646729254,Medium,Canada,LinkedIn,33.79069436582866
1.436413131991202,,,Low,Brazil,Reddit,56.156659595981935
1.4354746959917772,6.959737703323613,5.31752904387496,High,India,TikTok,37.28620568793266
1.2579454960599925,4.196661826389502,4.902526999219234,Medium,India,TikTok,47.39631003458682
1.7186403653622415,6.565078788607972,9.386233480436529,High,Canada,Facebook,29.81289464523862
0.5088641811329875,8.872067570727397,7.499197045823355,High,India,TikTok,31.88732438985618
4.873713217325655,6.357962050113935,3.6981156961061767,Low,Germany,YouTube,90.60721631691688
0.09978055678396767,9.746615817200443,13.563296692079414,Low,Australia,TikTok,43.96126621342684
4.060643206465196,6.215006917557616,9.388688607605664,Low,India,Facebook,67.59081693971872
0.11084641113285777,8.255112083724683,5.78620991496053,Medium,USA,TikTok,47.28671766012089
0.6571177920647546,9.054957876886517,4.567935411712235,High,Australia,Instagram,37.46820706411263
1.032863898479011,8.17529095846715,7.526864380275905,Medium,Japan,TikTok,42.97813260131796
0.34270251891633224,5.438259038038455,8.991602933419541,Medium,India,Facebook,31.195968012156683
0.9093735606372362,6.086297134617653,2.3246162127236047,Medium,Australia,TikTok,52.54083836464944
0.8135965213974694,,7.579206823756537,Low,India,Facebook,55.43858684926742
1.898581206639173,6.293082815502034,8.94891970319722,Low,Brazil,YouTube,57.533956768856825
0.7370641490522178,8.963514770853307,1.474812466008347,Medium,Canada,YouTube,55.22682216598451
0.967477084391875,6.854572917277585,,Medium,India,Twitter,52.42285716603831
0.600119850396959,7.712155978828727,9.17759768811047,Medium,Australia,Twitter,38.885625850362324
6.780438192811605,5.4208390844685725,8.572222111518636,Low,Canada,Instagram,73.97159360192427
0.38840620024743316,6.5875986379312526,9.791053033061454,Medium,Australia,Instagram,33.63514447873504
0.9628670148421358,6.187040429340417,4.970199821279001,Low,India,Twitter,57.36202517007704
1.4893452488924697,7.83839947583726,3.241564680115914,High,Australia,YouTube,49.11828852587693
0.7112050749049094,7.639796369573824,2.0547483868046754,Low,Germany,YouTube,68.17235731247372
0.03889991706632431,8.193974844368451,11.650323458924598,Low,India,Instagram,52.571028123025044
1.3091452103532595,6.76421624536099,9.22428145906414,Medium,India,Reddit,41.43045625689812
0.9515073556704547,6.104654893058132,12.195821078322052,Medium,Brazil,Twitter,39.30658762307899
0.02813577276452496,7.774093628316462,3.915390952825696,Medium,UK,YouTube,56.700712563315534
1.2851377999945874,5.955616645489449,9.799210817184886,Medium,USA,Facebook,28.928816275105618
0.46834008882395706,9.117633789633881,2.4556498449001625,High,Brazil,YouTube,35.8313330855519
1.986828284195815,7.328216420116331,3.5905445088530756,Medium,India,Twitter,58.18383067520088
0.06812407092026057,7.010797335442566,6.5246435926752016,Medium,Germany,Instagram,51.06787901397554
0.8570595445853755,8.193263434125317,9.006302210554814,Medium,USA,Twitter,41.366105123346195
0.4910469802517872,7.385453250852425,,Low,India,TikTok,44.89462757735879
0.09390733832606725,5.012922424747205,5.238114266516277,Medium,South Korea,LinkedIn,46.909355891723735
3.250464740690668,5.90785515091585,3.5986190222148973,Low,Australia,TikTok,79.00450884822821
0.9658792839959943,9.086563055796923,3.4893332541301887,Medium,India,YouTube,46.54814558916053
0.6896808113341105,7.625826521766874,4.003994280420015,Low,Japan,Instagram,63.21877068705034
2.3551543047523484,4.977648296454838,16.0,High,Japan,YouTube,27.467783553382667
0.9131807326357133,8.02816810007275,9.526945467189197,Medium,Germany,Reddit,43.60414693647632
,6.661111770195377,11.793153016460714,High,India,Facebook,23.359606338159715
0.9553049246092786,6.188250071236827,5.241504878693886,Medium,India,Facebook,44.866438703327816
0.838079987056116,5.782690911549231,6.043666054958127,Low,Australia,Instagram,57.99164353333817
1.6577325592434973,8.99989420697803,9.203268600086004,High,Japan,Instagram,37.873675739161754
0.05005573805855826,4.551752441991975,4.466123232544936,Medium,India,Instagram,37.108542293431505
0.9318836612791919,6.243701888340764,5.0795123763312775,Medium,USA,YouTube,44.91526663646821
4.768425701419532,7.680190148866863,4.035690481949316,Medium,India,YouTube,72.48940893910725
0.21385198967515368,9.867544603355245,4.6251295442779154,Medium,USA,Instagram,46.526363298471566
2.637542210581518,8.330787294525479,6.23006750056307,High,UK,LinkedIn,57.60235418956523
0.40795774575297294,6.230963076700796,3.6949755018671033,Medium,India,Reddit,41.42703246397013
3.1814073198934993,9.794030181160222,7.182068169524328,Low,UK,TikTok,80.4392565603882
0.25618802826162745,5.467314900442541,7.176049676564226,Medium,UK,None,32.414747949365974
0.7318822401191223,7.8980042480327315,5.43277913520241,Medium,USA,Reddit,43.743992919873264
1.3378725974536116,8.231676968628323,3.6822503986935486,High,Brazil,Instagram,36.459473336078176
5.94998084833415,6.178326625199339,6.442894072890508,Medium,India,None,68.2769444500621
,8.54638957783238,4.4685200206658475,Medium,India,Facebook,57.46881453739903
2.1607182833333938,6.72916480658856,6.22116071993599,High,USA,Instagram,38.80409110667897
0.7017165838129733,8.542713641276947,,Medium,USA,Instagram,37.3821548604905
2.449266515506978,4.740606761120687,2.8526144645169382,Medium,India,TikTok,50.5132282349325
1.5859201335564994,8.002464135343311,16.0,Medium,South Korea,None,51.48770925566265
0.12987317231972081,6.881839990959592,5.792047435770349,Low,India,Facebook,56.94432433545213
1.1780493057950872,9.224555674451732,7.745434432910368,Medium,India,TikTok,37.401199423434775
0.23424995666178292,7.434028905343574,3.8510658180886597,Low,Germany,Twitter,66.00615451820418
0.514008278377561,9.373844300580178,12.005044419203701,Low,Japan,Reddit,41.669510244387894
1.2848239461455888,8.261419147549578,5.610411782351891,Medium,USA,Instagram,57.99436892344859
0.323263547697753,7.308737311427764,4.775644860436813,Medium,India,TikTok,42.4679141109462
4.074302725689252,8.681503964421442,4.283159710057553,High,India,TikTok,58.251430709159614
0.8964820298148211,8.691087696790682,5.149526581492867,Low,India,Instagram,63.26852662868812
1.142211339229071,8.20786500673682,7.775738160155949,Low,USA,LinkedIn,52.03838932257166
1.1986330343446376,4.061547938062224,6.710586905044786,High,Canada,None,27.03959529406888
0.7521235430145647,6.026159263853403,5.906681454763578,Low,India,Facebook,63.60959370817176
0.6666965596322407,9.576158769758885,3.9477553407783605,Low,USA,YouTube,61.55063221234438
1.5096642437838916,5.6160812168471015,3.8133036594672034,Low,Australia,Reddit,69.38050489600293
2.9930174924950474,8.82369172509871,4.588143290914513,Medium,India,Instagram,71.3699045696798
18.468685674027842,,7.9738339697898715,High,India,Instagram,41.86591682920215
0.309689861217241,6.411371457626956,9.001182210773088,Medium,Germany,TikTok,42.24804169098611
3.3521758651065863,4.507152559324913,9.759357010067845,Medium,India,TikTok,48.714208412731196
1.8653406140466657,6.64663110307811,6.044325293607332,Low,India,TikTok,67.61015045322242
3.258078909686234,10.617022565449517,7.615130813143747,Medium,India,TikTok,57.633663523541216
0.6414247833505141,6.205084061685968,5.468091087843029,Medium,UK,YouTube,42.131766757071716
3.339766406327175,6.308613983101094,2.126805748312031,Low,UK,Instagram,82.5896715670383
0.3460076080583493,6.003626384535259,5.314526531564125,Low,USA,Instagram,62.594951774995906
2.4329602110863986,9.322176714824279,4.829795005244105,Low,USA,Instagram,79.77128975515937
0.9240929912650141,7.135626432562341,3.2432401530979504,Low,USA,Facebook,61.51905161035218
0.007441502853252518,6.561140656576292,4.304080363699003,Medium,India,YouTube,40.125566396958654
4.0276793334689325,9.620211025793026,6.560421464796431,Medium,Germany,Reddit,65.90630716278051
3.4292239074791797,8.369241131903305,3.0650133609795116,Low,Other,Facebook,83.04137914206478
0.35205320847534005,6.1210646374346105,3.9492619649954697,Medium,USA,TikTok,41.66286334253789
0.5543144583530712,5.6646241334073295,15.313598267605087,Medium,India,Twitter,43.400560291119035
2.1634088798103677,9.23725494731996,2.3126087225865257,Medium,Australia,Facebook,64.92131001171138
2.1435859811895477,,5.419972297281065,High,India,LinkedIn,52.1129550291758
1.9678919458045032,5.176403970215831,3.004810127724742,Medium,India,Twitter,64.43906111926799
0.11285296650809028,4.825326469659677,3.8536390948564736,High,Japan,YouTube,19.027544726361775
0.3379087720536058,,5.372845531062652,Low,India,Instagram,56.90675049655841
0.197150756179427,5.640773117845455,3.344958632114122,Medium,India,Twitter,54.07200404938855
1.0711211697530936,4.430884543647846,8.536562158671712,Low,USA,TikTok,50.248725818309765
0.038004610267464864,5.850739520027256,13.608442495398842,Medium,UK,YouTube,38.534588415205135
0.19607150773502202,6.12137915753422,10.024247235665252,Medium,UK,TikTok,25.86963060796411
1.3394704284267671,6.805978067423144,11.187173184689076,Low,India,Reddit,64.92516108471938
0.23546996843674592,10.03936506769157,2.6436448569022253,Medium,Canada,Reddit,47.20055727600634
1.9324617495605738,7.099735091852589,5.228672317740261,Low,India,TikTok,72.14955323450435
0.16909352937301408,7.248637743383679,8.008092880518943,Low,Japan,Twitter,56.52727046498543
3.60795592422932,8.263883045698414,,Low,India,Twitter,73.38717550343256
0.38974107018088366,7.14402289340016,16.0,Medium,India,TikTok,34.27117629319988
0.44510413816302696,8.100229445830063,11.489387175554134,Low,UK,TikTok,55.5858784176224
0.00752522621397688,7.9209223154276,10.35938812925374,Medium,India,Twitter,25.705220854889923
2.0611257365856965,7.6838828483988655,16.0,Low,UK,Twitter,61.23125635916868
0.9356368472703802,11.649699126628438,6.409526818649636,Medium,India,Instagram,40.47569652749179
6.6467538296267135,8.866688766066527,5.086372665152826,High,USA,Instagram,58.774965380731246
0.19855232215059118,5.877417022939904,6.7289205847439355,Medium,India,Facebook,38.061923749104466
2.8811226647538177,8.055333279283746,3.493724456122479,Medium,USA,Reddit,75.47268981151777
0.30714353824455987,6.312394790010419,6.300193022755048,High,India,YouTube,26.96795552311887
1.4683327082766604,8.16937614608978,2.146607488788273,High,India,None,55.491630455807474
0.5663399347688132,5.437218874337596,4.403010793024165,Medium,India,TikTok,36.140927973642924
1.020262506880809,5.838330827874032,5.645166378434504,High,Germany,Instagram,27.85513747022217
0.21401174381220828,8.01586134373519,10.695051678123757,High,Canada,TikTok,21.276503162913166
1.5981529600238593,8.996503670397038,11.782958899796606,Medium,India,Reddit,44.778157477110824
0.7934834800450872,8.25396652312952,3.393391151797893,Medium,India,TikTok,46.300330111602804
0.005820335372608492,8.781176001802827,16.0,Low,India,Facebook,40.63489082924657
0.4988390993927242,8.06072783814577,6.612911904655375,Low,India,TikTok,62.13221930046726
0.005788125949192157,7.758744148548498,6.986830218299264,Medium,USA,Instagram,46.67990964804024
0.2592344250972405,6.744460088612344,2.291906282390201,Medium,India,Twitter,49.22675031810339
2.598489710479802,8.719502713075196,4.170206545704031,Medium,South Korea,Instagram,64.14993999698495
0.6068676109548106,9.037318849239963,11.357681361052562,Medium,Australia,Facebook,38.34900772502581
1.987971917612261,7.405326463005338,6.698389186914064,Medium,India,Reddit,55.138753365968256
2.176909555531624,7.324610937332013,6.453927342064081,High,India,Instagram,47.983394181188245
0.035064457035177056,9.887108717583356,6.933074061370332,Low,India,Instagram,49.292766864397876
4.1421000261704055,7.469367330275666,2.5448645254831703,Low,India,YouTube,85.93922871045166
0.7322426343684294,7.613528805548953,5.708948567719285,Medium,USA,Reddit,57.14266625145978
2.3512167856607924,8.226338861629342,14.083419918545458,High,India,TikTok,44.09068350270364
0.7252216377252585,7.35329061606877,11.611831941633262,High,India,Twitter,18.437538178062397
0.6394397259917833,6.269489515885358,5.611849446035777,High,India,Facebook,31.142370249594563
2.145637223002117,8.066948363285283,15.459152219381123,High,Canada,TikTok,35.263957443093354
3.9524014830939906,,2.842093407457412,Low,India,Reddit,93.75755705497488
1.2051634203428954,10.263374634711745,3.376978588816738,Medium,South Korea,Instagram,47.76692009305613
0.03527707789653768,8.682672825438564,16.0,Low,India,LinkedIn,51.91073633367716
1.020791743817425,6.606776570335498,8.557292736119628,Medium,India,TikTok,47.17496582041848
0.5048494104665924,8.593590328785563,5.086894847190857,High,USA,YouTube,29.21048315690155
1.1557050475553419,7.9617987520964695,5.852148509381508,Low,USA,Instagram,69.80096484896472
0.7837334209511195,9.46413945291827,3.728557136426573,Medium,USA,LinkedIn,57.171741738455545
0.3936675175107166,6.713318680756441,7.141733693442069,Low,USA,TikTok,50.14146763872253
,7.783014222539286,6.810278859038663,Low,India,Twitter,54.327080971121276
0.026964380193891826,7.351359526361262,6.122257039980402,Low,India,Twitter,60.62420057885772
1.811912904244119,7.5877191345874495,3.0166479689106254,Low,India,Twitter,79.5011141997291
0.6683565741722026,6.172201576494076,7.091193532478445,High,Canada,Instagram,17.431301217298287
3.991907226227718,8.363867501869764,4.4030308817515404,Medium,UK,Instagram,70.93585475101463
4.830011302287332,8.126946413774245,3.3481690484010396,High,Canada,Twitter,69.85399406711477
1.9575538767415297,9.427835425382693,12.936405842935649,Medium,Japan,Facebook,55.263531011240616
1.2960159544279564,7.484961222019829,16.0,Low,USA,TikTok,55.12254046477995
0.46514653462905164,6.882240737627797,16.0,Low,Brazil,YouTube,44.68362657462873
0.8685174388136583,8.683941566916056,8.935871291165782,High,USA,TikTok,24.58263523059475
1.2157925881429836,6.308693427600474,5.158516058405536,Low,USA,Instagram,74.07432637570069
3.220478978747362,9.127476802625939,5.799586665460907,High,UK,Facebook,55.2015946381822
1.5183425532437318,9.124262996120555,7.716503586002033,Low,India,TikTok,70.678855139421
0.430613498099229,9.385918351701612,4.7013577431698845,Medium,India,YouTube,51.14124900455361
0.7483460312414555,8.06493447701924,,High,USA,Twitter,19.130209420729457
4.891938818106,6.7702554261033505,1.7834746345051316,Low,India,LinkedIn,85.87809597004097
0.3718182111005264,7.663781589458043,5.066066446233889,Low,India,YouTube,60.48364020862015
2.065468996322984,8.07010334261881,9.782967811684932,High,Australia,Reddit,34.17604561622126
0.25454855146857225,6.659787532218186,3.6433522718364375,Low,USA,TikTok,59.17562289628223
0.29252760399422273,9.499674433387824,5.237847677025199,Medium,India,Facebook,40.43707955664247
3.414818179934775,8.370126251352815,8.638129356810197,Medium,India,LinkedIn,65.12662325269814
0.9111355449470551,6.161665567016993,15.04373257443479,,Japan,LinkedIn,50.61472837057969
0.9866326432715977,10.324310514698666,2.7832993226150475,Medium,South Korea,Reddit,57.736461171692596
0.5958644569478212,7.646083912755265,2.6622065456025865,Medium,UK,Reddit,57.954926518381846
0.7080867757451368,5.858845435725021,3.429388232148912,Medium,India,LinkedIn,45.145223087934696
0.8781090385365591,6.254618815879089,2.4048282557929292,High,India,YouTube,39.97358668975052
0.37974890391197746,9.731675395748017,2.509724350896708,Low,India,Instagram,57.28042645538116
0.32395741328045885,10.237477374325232,,Low,Australia,TikTok,48.64499663530201
2.3112783912785435,9.014227580221377,12.68088991284702,Medium,USA,TikTok,52.64937762585687
0.5909172742330128,9.478962972880703,5.016607503619252,High,Australia,YouTube,36.361517837264
0.9351707823939968,9.324923188197916,6.164611167696275,Low,India,Facebook,62.13079269241882
4.773491929987339,8.3353742291461,3.4100312175064427,Low,Brazil,Facebook,88.17689699026694
0.04790729708844396,7.993562681716389,8.847387741873895,Medium,USA,None,31.52968871871449
0.46422372276229623,8.30979479171491,16.0,High,USA,Facebook,28.30923576576199
1.0894998428357492,8.604023164714942,3.551684754263808,Low,USA,Instagram,74.88334485479156
3.0712409343224554,6.387602990210403,16.0,Medium,UK,YouTube,54.57620717865607
2.3386024365161315,8.597938093968166,7.528189915901063,Medium,Brazil,Twitter,57.47247340702745
3.221762495134551,9.687925270945527,,Medium,USA,Instagram,60.62252253211255
0.48569640064270914,7.190441357506454,7.691180627718916,Low,Japan,TikTok,50.85297060931307
1.1763597155188932,7.030128322017305,7.64701900525129,Low,India,None,62.67736426583441
3.8932191667497302,8.214819463858,16.0,Medium,India,Twitter,56.448097582601164
2.72597143005738,6.5255136743877955,8.265848923727496,Medium,India,Twitter,53.12539861721156
1.0381656964345805,5.52477207505874,8.370087200647607,High,India,Facebook,31.068424695776528
,9.221578560157766,4.697827219126771,Medium,Germany,TikTok,44.21260844341654
1.3094130840104163,6.82357310996485,10.008615598142166,Medium,India,Twitter,28.504819688148018
0.027146092836770837,7.527672868080314,3.4072033261080215,High,India,Facebook,32.13255968268535
10.042464454796107,17.355503754840598,6.458534236972698,Medium,India,YouTube,53.16797264570442
4.033508376759465,9.415132222369499,16.0,Medium,Australia,None,53.64337260779447
2.0513391028567876,8.779764237426022,1.3464695895637693,High,Japan,Twitter,47.803319909545955
0.4744362257431729,,6.957973010467986,Low,Germany,TikTok,60.124278169317755
0.9882515967309072,5.730153952855872,7.120470128497033,Medium,India,YouTube,39.545120628363996
1.086672510183372,6.9796052927127,5.275885721244836,Medium,USA,Instagram,49.04352414727828
0.6445097898870212,8.35522904992457,5.351026669612992,Low,India,YouTube,66.10568865223506
3.082170572126397,,6.390713135083178,Medium,Japan,Twitter,67.42911172484864
0.6410383078321462,7.663647066677981,5.200724978029383,Low,India,Instagram,65.10753210930812
2.9029465423183507,7.8175481392047175,,Low,South Korea,Instagram,79.09406163275939
1.1897026134993272,8.63819434724724,4.515128181048215,Medium,Germany,Instagram,55.57545198336724
0.2018819491733584,7.437211193902433,16.0,Low,Canada,YouTube,51.07978072714005
3.256556903415687,8.175020175689253,5.200692313940191,Medium,Australia,TikTok,72.38803999733598
1.0352305239575277,6.019621188382352,8.514468088482722,High,India,YouTube,29.708556616717278
0.15485531343998513,,4.0494389477165464,High,India,YouTube,20.05869260875787
3.256501285966054,7.074211021025618,10.589742228001153,Low,India,Twitter,72.48747355443433
2.243240596138387,7.805389511825966,,Low,India,LinkedIn,80.91277044616864
0.48411824571183126,8.349698287179317,7.779998473011785,Low,Australia,Reddit,57.819388499410906
0.8193363586486204,6.883814231399189,3.266107099515507,Low,USA,Twitter,68.91378158239011
,7.511737191374194,3.851867808276893,High,Brazil,YouTube,52.100348336247414
0.6259590810344325,7.493512911985163,16.0,Medium,Brazil,YouTube,34.4156718805156
1.277726999340989,6.128942861139935,3.82636694765992,Low,India,Facebook,67.63983951179316
2.392599627779443,8.157884138309457,8.886571366964674,High,India,Instagram,43.96010022731313
0.6727018819872141,5.026167242611903,3.4321854025589076,Medium,USA,Twitter,48.151636533281604
2.9605855001805654,,11.078761990433371,Low,India,None,66.7998032157402
1.8042258144464822,8.689456327467589,4.007475874922609,Low,Canada,YouTube,80.67778158781755
1.2046157060397906,8.458683536480065,3.394265084004983,Medium,Australia,YouTube,54.31981400995778
1.035668935482534,4.895036831350137,3.945574274748077,Medium,Canada,LinkedIn,48.44614629947917
2.79544967061697,6.3112069900604695,4.339323420230085,Low,USA,Instagram,79.82688193812285
2.051552896581979,9.58401768120758,7.712204028643012,High,Germany,None,36.42032002563361
0.9715737939636696,12.0,6.306811398299277,High,UK,Facebook,19.193967845844277
0.6253549762071297,9.292038697585546,3.135869073366284,High,Other,YouTube,32.22986063810106
0.7198011345817363,9.055415115376427,5.9490514799831145,Low,Germany,Twitter,55.58835507452731
1.4752004007549806,8.287461342171282,3.046212926351938,Low,Canada,Twitter,79.63958452350296
0.040870233286417146,6.228754206434744,8.900739996898274,High,India,Twitter,18.47938706713007
0.2650565512566702,8.992761124800495,9.93577360219809,Low,Germany,Twitter,47.66212252483782
4.1157833407369635,5.848188994354606,5.963345188558318,Medium,India,Instagram,61.410325384243
2.294273392608274,,7.120600357876664,Medium,USA,Twitter,47.688121615027136
2.112131010921266,5.5897060118422655,16.0,Low,USA,TikTok,59.77118089343048
1.1648337258971588,8.96358396975239,5.503796927797315,Medium,India,LinkedIn,52.00796954533167
0.47618434062143483,7.413878917608747,3.4330367864876896,High,India,Instagram,36.05432926647414
1.351571382210607,7.651287149856571,8.563569848236149,Medium,India,Instagram,52.33921202209265
0.05479740409350093,7.476894094423973,3.0661041234075403,Medium,Germany,TikTok,53.905792522595455
1.0414072828819052,5.811425188202662,5.331638607793596,High,Canada,TikTok,23.568517759870154
0.020776696938124617,6.493903640973894,4.2232542170405045,Medium,Japan,TikTok,43.82944498585948
0.7055752458264662,6.569360690619821,3.9705638013715134,Medium,Germany,None,45.20445349125188
6.327915736417719,5.3920928291619585,5.206706169118939,High,USA,Instagram,47.24921391901156
0.5904021342838802,6.743684857049473,10.380559683831914,Medium,Australia,Facebook,18.93872579957349
1.763065793664034,5.8780403154056415,11.74469058068416,Low,UK,LinkedIn,56.602407984043076
0.771030160741475,8.366513443300489,10.545756144983997,Low,India,TikTok,58.26210661693555
0.05944555876986981,8.491456595950236,7.402460563163709,Low,South Korea,TikTok,54.44962954676745
0.008733063614387578,5.559541316040166,5.182927562690029,Medium,Japan,LinkedIn,31.527118338759898
0.24306422643716513,7.055052353627999,1.4700626262289804,Medium,India,Twitter,64.27141826471167
0.37858723816328377,10.284089821975055,7.542823609723053,Medium,Germany,Instagram,40.815082256332516
0.7521573724433349,6.028855653482561,1.540952859692151,Medium,India,Instagram,51.62499251622738
0.421547673820919,8.1399567266926,1.9078551140612159,Medium,Japan,Reddit,56.73779762129706
1.1326435291018377,7.658282901004327,5.490390632921893,High,UK,Reddit,29.063149092794447
2.2568219513675416,9.13933133676136,7.090432547394831,Low,India,Instagram,73.13817221385455
0.0450705562777629,7.943200262036109,4.615171633876795,Medium,Germany,Facebook,41.7492429371106
0.2222688318374097,6.853056783114375,15.200353575935381,Medium,USA,TikTok,35.52220496721693
4.304269345907305,7.600146182209327,7.982574627977451,Medium,India,Instagram,68.57385777727218
1.9375204107488364,7.622054915930604,5.208829966220558,Low,Australia,Reddit,75.61498949944077
0.2732026001866585,7.362457226575764,13.898570138465145,Medium,Australia,Facebook,29.313180873477208
0.11610430421723364,5.521332817013974,15.472558082436235,High,USA,Reddit,17.259249373752635
2.890275997076707,9.36463291139684,8.227936186299239,Medium,Australia,YouTube,57.104683148945995
3.570281419104747,9.099650381796486,3.799408528206225,High,India,Twitter,56.56900405192073
1.116210597336113,5.933716459695214,4.348529497450896,High,India,YouTube,30.13555785607808
,7.04891155172437,2.5394734901577785,Medium,Canada,YouTube,60.138845359215544
0.13333871967139566,7.162371495968676,5.89762585293128,Medium,India,Twitter,41.957568246315645
1.0131031546851275,5.765221799250627,3.2219125251069807,Medium,USA,Twitter,44.46849210033035
1.2087108448948716,4.699805598356599,4.965704290437737,High,Japan,Reddit,35.754609851253896
4.15279421840457,6.494111022131496,7.073533775450694,Low,Germany,TikTok,85.08823517648237
0.2832817030638314,6.965396489623212,1.8400170075238074,Medium,UK,YouTube,58.61880870354466
0.6415570389199157,,2.8341873268424522,High,UK,Twitter,36.74375392418686
0.9699811787508689,7.7654666461282185,4.463312338147622,Low,Brazil,YouTube,79.48895597210341
0.27594668308393594,9.24428445497451,5.861957421385131,Medium,Brazil,YouTube,37.33805334619868
2.311311766007657,8.763174219247901,4.498146936856764,Medium,India,Twitter,58.8949128471061
0.5206301357714619,7.309971520261922,5.143270911447638,High,USA,Twitter,31.474779135323924
0.5133316412911486,4.739382455218205,3.960172885724589,High,India,Facebook,27.65302257368693
2.3514493709736133,8.573553510988571,2.535422005826825,Low,India,YouTube,83.71570671625402
0.14823834363116709,7.719588253596838,4.389211216309767,Medium,India,Instagram,43.99127017468856
1.171150974018169,8.13652666382703,5.32332913579619,Low,UK,Reddit,70.54305998840094
0.5329612375577684,10.404154200453771,5.0216870241533895,Medium,Australia,Twitter,41.6209568047082
0.7613657225908933,6.26278255570402,6.469362366112188,Medium,Japan,Reddit,47.175269567603785
0.9895158382287372,3.1877761003169365,7.778291731428941,High,USA,Instagram,14.444202817705504
1.967889976746731,5.919818133285364,9.106930673702852,Low,USA,YouTube,50.13225993819085
,8.22906760240173,4.13658057585468,Low,India,TikTok,77.0306680116399
1.564147988994486,7.540388852622061,2.3502504986563695,Medium,India,TikTok,72.70804007761386
1.3169910602693808,5.676545805601977,12.97413576903149,Medium,India,None,36.3867481751434
0.9916353147064682,5.370423925235354,7.623743708412367,Medium,South Korea,Instagram,43.290212069964866
2.9556947869015597,6.968086476273907,3.411672326116295,Low,India,Instagram,83.4631050930352
0.095474533081269,5.6308579951772915,7.146502197752191,Low,Australia,Instagram,51.249718052880716
,8.280950127381788,11.482186563525218,High,India,Facebook,28.289318079904795
1.0066290754349922,6.882859667060597,16.0,Low,USA,YouTube,52.35197615328872
0.30125865078343556,6.559323173502432,7.031261716110938,Medium,Brazil,Instagram,37.876069532524305
4.029106613885073,6.36258539561549,11.42498224133253,High,Japan,YouTube,40.83379206408434
2.8945124993316362,7.894684089870892,2.9277633115464456,Low,India,Facebook,86.29464401680931
2.949681854236716,7.5639138356400535,5.920721692851131,Medium,Japan,LinkedIn,59.72688202154608
0.6121790339420383,7.802935904793891,4.94804431407064,Low,India,Twitter,69.08962600867659
1.3190867567527342,7.770194165708717,7.430119269493208,High,Germany,None,38.22079958083783
1.8032495513246767,7.39170669510494,15.906317562114326,Medium,India,TikTok,47.55525584252508
1.1990386870658043,5.950304124812864,7.028221148233059,High,USA,None,33.48741491592093
1.5013415161062507,6.404429809903107,3.4465907582113804,Low,Canada,TikTok,70.99878212614225
1.4771058388695293,6.9079876422915945,2.83470209936576,Medium,Germany,Twitter,61.768789220987166
0.8624085349958497,10.597792857132482,16.0,Medium,Germany,YouTube,29.758503132380085
0.6290075036981101,5.4767455193747825,8.234033957772956,Low,India,Facebook,48.06089903618569
0.6294606766921116,6.871535245024664,7.9157053754832924,Low,Germany,Twitter,57.433645060371276
0.25315129430166616,7.647400590165733,4.922227474975587,Low,India,Facebook,74.64229167220819
2.6067641632767895,7.045000870091261,7.1044196109394475,High,India,Reddit,47.98455578545947
4.317065747513263,9.110954312156606,3.346195591995045,Medium,India,YouTube,74.93374001975974
1.0668556110548497,7.037253104245701,7.631764016684408,Medium,India,Instagram,49.47164429905128
1.1427271588361234,7.148187901274086,2.9894156037700705,Medium,India,Reddit,46.52214053039326
7.521904520869802,8.721942770424477,4.876496018599838,Medium,Canada,Facebook,71.5168780655743
2.8392058729880665,10.216067494377565,4.113458302392023,Medium,India,Instagram,68.1180997096601
2.2107720989537127,9.611247560922493,0.8569115405559427,Medium,UK,Instagram,69.52104075640862
0.4140255013895878,7.295019173836285,4.913265657481598,Medium,India,Instagram,47.99323641298562
2.2877135924431933,7.425728682401395,3.5278201019097133,Low,Canada,TikTok,77.48537875978032
0.155912790484933,7.5700788671763055,5.3322115105002315,High,India,Twitter,29.03003705375532
0.3658073730051896,7.7204991126938785,6.055904098875751,High,India,Instagram,27.501217919965548
1.1961307568083226,6.2289778284782775,16.0,Low,UK,Twitter,57.482491594950304
0.585908516629021,8.904890698283157,7.263235555042356,Medium,Japan,Reddit,50.41795539502686
19.398205363562262,18.84664502248483,7.392511880094349,Low,Other,TikTok,71.9260833629688
0.6751442864071915,7.43271571677703,8.144707266447137,High,India,Facebook,23.52027709938428
1.7238839957892007,5.593281935161391,10.207115828910476,High,Japan,YouTube,20.82213740477958
0.7036945561812523,7.5934293127359185,7.94519761307197,High,UK,Instagram,25.391803847423745
0.8604357150163038,4.660181545168792,7.163708649311419,Low,Brazil,Reddit,45.52215961943576
3.4143445247768547,6.627525983951652,9.269673438114499,Low,India,Instagram,66.32382938016232
2.9600552844387717,6.655353440281202,1.4106059269437254,Low,India,Instagram,87.19786683787105
0.09417950363314073,7.930492789631429,16.0,Low,India,Twitter,54.84779481862592
0.46043133591852525,10.319775037417944,15.702782199726224,Low,Germany,Instagram,40.815174295196336
3.1651142493655344,8.357861198498156,6.891449574825496,Low,India,Instagram,86.60533236776162
0.05501735712091305,9.672603108953421,2.5913944532235074,High,India,YouTube,39.10857954123183
0.3520497194818937,8.467818259655365,,Low,UK,Facebook,52.37060717170307
1.4396682672894399,9.187580234531424,,Low,South Korea,Instagram,77.93884776650734
1.349011657734511,10.285691029414659,8.333675621570066,High,UK,TikTok,19.00883861364635
0.9352985855304186,6.402244751546617,2.8017847894861183,Medium,Australia,YouTube,51.29597286046801
0.8613011306115671,6.304343348802745,16.0,Medium,India,LinkedIn,36.054865181232714
1.7609925216419047,8.503216350715983,2.5463728701599866,Medium,Japan,Instagram,66.82531269727578
1.9738706789155147,7.494482318906631,6.305306889302394,High,India,Reddit,50.151790107976154
2.4898782944308504,7.830530749210441,1.6933141960160694,Medium,India,YouTube,70.01363711322216
1.0390305813777438,7.126999661838959,5.901853940064273,Medium,USA,TikTok,47.38083058028414
0.26787046401807746,6.605611924462924,4.687169475499621,Medium,India,Twitter,44.422572367593695
1.3436188756531668,9.931147003162538,11.968881058083129,Medium,Canada,Facebook,35.43126701702318
2.0266425539717776,5.850208329270128,4.686904489776061,Low,Canada,Instagram,65.6835810917394
5.27138669760808,,11.979227997980852,Medium,India,YouTube,55.498894219344244
1.0454123628084442,8.286342428595674,3.272413085664568,Low,India,YouTube,72.8092641599835
0.6480209938797011,5.131480053644633,5.1080771313969535,Medium,India,Instagram,48.17761766351941
3.36789973430082,6.253829505009609,5.169896873628992,Low,India,Twitter,74.98941629226833
0.07122625751837464,6.505964158575199,8.144582264460809,Low,Brazil,LinkedIn,53.30813379508676
0.6971327563190792,8.346876169974887,7.546053081030454,Low,UK,Facebook,66.68510135881235
1.4128520495471246,6.9494473411041735,9.330933775348605,High,India,TikTok,26.210298076924488
0.520976883687521,,7.10002540332412,Low,India,None,60.20367823008386
2.976747987556992,5.3135289645229085,8.99607972174296,Medium,Germany,Instagram,53.45758203825359
1.4345605258822929,10.98886757507297,3.5299427150561735,High,Germany,TikTok,37.751180249987904
5.6629351232900325,7.6067934281092455,7.639095454251923,Low,Japan,YouTube,79.7401511832669
0.8964576596800449,8.248501345945416,15.877826187097076,Medium,India,Twitter,37.78352631422025
,6.689061767152166,2.207817209791525,Low,USA,Twitter,70.24182457245314
3.1052010489020985,6.521059009398224,8.112489380348142,Low,India,Reddit,71.77233152623518
0.9803166897661957,10.369026982430297,9.079942561460664,Medium,Australia,Instagram,35.80982385354994
,4.624917589490057,14.537213739646667,High,USA,Instagram,26.021123039975333
1.0705007866204521,7.9179706026461645,9.352354782371794,Low,Canada,Facebook,64.13494787482456
0.20351372694013387,5.68274416333816,6.424954604412447,Medium,India,YouTube,45.93640598683199
0.19414899284981393,6.892498268404493,7.830637445130922,Low,Australia,Facebook,48.85766580124297
0.602320998153359,6.5428582984889685,,Medium,India,Twitter,49.522348036583125
0.19485521667919073,6.021033474871128,4.793300225705297,Medium,Germany,Facebook,34.23764015539008
0.11388751893056286,7.553162594559491,2.714419982647386,Medium,India,Facebook,59.74491019251676
4.491620782799616,3.6479562790409013,14.7643827386111,Medium,Australia,YouTube,42.81107234550375
0.38383621855754557,7.026767277121954,7.9255711880697435,Low,India,Reddit,52.865443237892265
1.2206023446765881,,3.4915037725722535,Medium,Canada,Twitter,58.755449772605765
0.04773792515484945,5.461085180390981,7.11933397062979,Medium,Australia,YouTube,32.94172675620247
0.7879709761988491,9.769828082174076,12.129113366288484,Medium,India,YouTube,30.565258167600895
0.38616907436215697,6.608312437804027,10.975608430381977,Low,India,YouTube,53.462453448388636
0.8273308302773181,7.143773636302744,3.467440910466028,Medium,India,TikTok,57.74883755579058
3.036666037891102,6.6116712541279465,0.9228364173178251,Medium,India,Instagram,80.35377400033265
0.6028718343497025,7.377650819354121,7.669348350418859,Low,UK,TikTok,54.76015894965952
1.7262111990143776,9.462216140259073,3.5533052295180876,Low,India,TikTok,70.4069933122113
0.4782395759816467,11.209523705885212,8.78808215997551,Medium,India,TikTok,28.449862806352698
1.851178752613553,8.618458805550988,10.699127894955016,Medium,India,Twitter,51.33538424767487
0.22986642699732449,9.131990650457656,11.800947993749778,Low,India,Instagram,49.8194478265121
1.7967224369845334,10.074641222215623,16.0,High,India,Instagram,22.18679140235245
1.9966484587696773,7.873306615149685,,Medium,Canada,Instagram,53.80521946426316
0.07004811839478176,9.855376310417805,16.0,Medium,India,Instagram,23.278275086353844
0.05041530670316349,8.688601698585604,13.83824597076209,Medium,Japan,Instagram,29.340820235122525
1.5027931051630485,7.7159810389673575,14.581163790447052,Medium,Australia,Instagram,46.67488578534231
0.6050187064594638,8.025511551677202,5.9031087352223715,Medium,USA,Twitter,44.12296551553473
2.9909910384285783,4.767874554948263,2.7910116851219917,High,Germany,None,44.20425467533254
7.284999900221309,7.938178890669224,16.0,Medium,UK,Facebook,67.51332329883937
1.1627434616041765,5.184378719330556,6.2825236894297305,Medium,UK,Twitter,49.164483223359795
1.4190388269844603,5.0620962725833385,12.644531615905665,Medium,India,YouTube,46.0492751126255
0.48315310420877244,7.789318033537837,4.34851801734168,Medium,Canada,Facebook,54.40406644510432
5.172982615893886,5.828882107199918,10.787126857312373,Low,India,Instagram,69.53935021009453
1.4363325712939556,7.489329373044933,1.3951779989904325,Medium,USA,TikTok,65.18524488874503
1.046575274697393,7.707651779024797,4.729095534982514,Medium,India,Twitter,53.62825798444743
0.9547039705317757,7.774574401225703,5.702777574735221,High,USA,TikTok,41.838563004543396
0.13246895867058167,6.143817889436848,,Medium,UK,Instagram,40.4823993578026
1.6768121455725429,8.848023573721798,11.509983692952865,Medium,India,Facebook,48.95567035188586
0.2772108261708275,7.366147145300881,3.1377759319271656,High,India,Instagram,32.638766247920145
0.29894399042357517,8.161613520256743,8.988813981409136,Medium,Germany,Twitter,41.231182999527775
1.7693413431229368,5.705340579079505,12.629055937981056,Low,India,TikTok,51.1253401234404
0.10498499648934306,7.232508664806019,16.0,Low,India,Instagram,46.14741535360094
1.109974506683155,9.14594172490518,9.24401939291907,Low,India,Facebook,64.36711390821091
1.3348328047978053,8.955266447713052,4.591911614466277,Low,Japan,Instagram,64.37991305954391
0.12626549190599867,6.304060975613409,2.820576243481015,Medium,Canada,TikTok,58.01841020617731
0.4706632129293479,6.681662714137731,16.0,Medium,UK,TikTok,36.23962831312962
2.220198013822109,6.016969904904272,9.41595095592931,Medium,Germany,YouTube,43.95902251090228
1.2491596926183148,6.515380622608677,5.970404144753515,Low,Canada,TikTok,64.46987027671764
0.6959052054579958,5.401398688940207,2.288986225975884,Medium,Germany,None,46.02554874207544
0.3560868307998478,7.292736191387289,3.460072800520586,Low,Canada,Instagram,63.63488732835361
,8.449707597274266,8.835627903609529,High,Brazil,YouTube,31.988815272619405
0.6175081912975133,6.322420704298382,7.4805013450193805,Low,UK,Facebook,52.883890156622414
0.9166512257930075,7.364090576008235,1.8817478730358874,Medium,India,Twitter,55.42036426645964
1.6164761718043081,7.169252388552965,8.84248135829297,Low,India,YouTube,61.39556309281268
2.8877219626744908,9.082678097397329,2.3606526586218144,Medium,India,None,66.29635777540655
5.881598163588413,6.582612244793368,13.63180194312495,Medium,USA,YouTube,47.97137567134792
,6.6371758385237225,6.856064224892048,Medium,South Korea,Twitter,47.80926388847843
1.6613318682181606,6.230968307561458,4.5811365884259185,Low,Australia,Facebook,78.11830970952367
5.758818697098915,5.793735719882268,10.95825006825058,High,Australia,Instagram,38.20306289833866
0.5089370052513426,8.293777487170455,7.479003588858397,Medium,Canada,TikTok,47.1781623832748
1.0778703696602205,7.297333805504282,13.396005494652554,Medium,Brazil,Facebook,40.8686030166933
,7.5822147897349526,6.348924116224107,High,Australia,Instagram,37.688463338400084
1.5348273870313216,9.411961734293095,6.5751120506556395,High,India,Instagram,41.072221738845656
1.6909239844422275,9.498121088891807,5.098007313021659,Low,USA,LinkedIn,71.82898632215797
4.715876573705417,5.030648538247795,7.083586063794257,Low,USA,Instagram,78.61527912613482
0.2963385625947927,8.471752009643351,16.0,Low,India,Twitter,50.2977734376376
,7.838470388566784,4.474262340213251,Low,India,Instagram,75.75995365483362
11.650518574396248,18.32837275718085,8.924257131167069,Medium,India,Facebook,42.03502628275809
0.29246131142428705,7.991525530541914,3.5670319027431665,High,India,Instagram,33.72798711407504
0.24643696761492467,4.910425147168821,1.7506037516741435,High,India,YouTube,30.45039177595705
0.568508775229061,9.693963514164599,6.85155233070951,Medium,Japan,Instagram,31.436228789721497
0.6263014690369987,8.272416145607862,7.5552542931662865,Medium,India,Instagram,44.38323829038527
3.4486523049564566,6.202203382751011,5.663087500837687,High,Germany,Instagram,47.25550693380703
0.7061106901470168,6.621884667270714,2.465535480907352,High,India,Twitter,37.277843192509735
1.2980434917295427,4.945280286678839,7.261458070181399,Low,Other,TikTok,52.97425438640121
,7.029064125245619,7.097823448384717,Medium,Australia,Instagram,53.78254618048738
1.3774961029791701,6.775902034139126,3.5492333461875636,High,Brazil,TikTok,37.82133875157155
0.8242504041971722,5.512334419314362,2.6856023913465865,Low,USA,Facebook,74.22928636341743
3.553689869395026,8.665053350564667,5.199524834214178,Medium,UK,Instagram,72.17838033142941
3.1799359685344246,9.415195784541712,8.950930989648045,High,India,Instagram,37.947061523422356
1.1900686141441743,7.458959264933283,7.767845481150215,High,USA,TikTok,36.172852847756744
0.13072580955339153,,3.566190008169733,High,Australia,Twitter,38.27071500589013
0.8579045127031535,8.152476903197691,6.567643228462899,Medium,India,Facebook,51.67980787964895
0.5939484699253901,7.4705415562574355,,Low,India,YouTube,47.60472228271344
1.0775929338243442,5.87673117565322,2.9933721894286363,Low,Brazil,Instagram,78.83067270894638
0.8871494170604903,6.520983020119108,,Medium,India,Twitter,48.67028247156825
1.1296963201534782,7.055345989877954,13.51478928081887,Medium,Canada,Facebook,34.02105670001475
1.5557530780315183,7.872279891715044,2.8152208319895964,Medium,India,Twitter,65.94266755675194
1.6744723674784125,7.514005076814702,12.101334970163771,Medium,India,Facebook,45.35021173961698
1.5906447911545607,7.815554069980674,15.982789249661995,Medium,India,TikTok,47.01951085305163
1.9993449776577883,5.212758025074118,5.294543092159023,Medium,USA,TikTok,45.64085175676759
2.3850327866289414,8.497826616127394,4.924362519543982,Low,Germany,TikTok,80.04968202826075
0.8422359567768588,7.505123826012769,11.244247352364273,Low,Brazil,Instagram,50.602119149433136
4.072251784050674,11.329063581225231,5.410393224580316,Low,India,Facebook,71.4100653776359
4.86265520453125,6.91854844473538,1.4742125452151233,Low,India,YouTube,93.92588235239481
,7.985187742664058,5.701465477926686,High,Germany,Facebook,32.481188507582985
3.459212795296722,11.743828743312752,8.022438122013122,Medium,India,TikTok,48.51648082006244
1.5886396779927956,7.791137444254768,,Low,India,TikTok,67.3961895682858
1.39544933624379,7.398554191085975,3.5666347392546762,Medium,USA,Facebook,55.39823894217401
0.3023431983409236,6.019617157874023,5.145483441923033,Medium,Australia,Instagram,38.39140106451618
1.3575783265651404,9.792399550813478,10.871496438479824,Low,India,TikTok,47.41808099189659
0.847000797456819,5.761347620735145,,Low,India,TikTok,54.117733407328004
8.021398480476494,8.140681375272184,2.417556220288609,Low,South Korea,Instagram,94.03900509559053
2.5342481590331016,6.789667018037428,12.712462426959341,Medium,Japan,Instagram,53.62997268694415
1.1808067989768936,7.215995606132966,5.320319652333707,Low,Canada,Instagram,63.978801920398816
2.5250394526705224,5.364101597084913,11.643304180305106,Low,Canada,TikTok,62.70578341259444
0.9482005226543884,9.514690832600841,2.618825624809104,Low,Japan,Instagram,70.50585324973588
0.1366426548986041,7.083304041122585,5.626051992237841,Medium,UK,Reddit,36.44821404767719
3.6154789122570197,5.677365511660449,8.21401313150209,Low,Australia,LinkedIn,71.04723105556506
1.3475875919957838,9.379035895560136,5.741457414679053,High,USA,None,41.882699753840576
0.5947869929883626,6.743794780444045,2.974857916232204,Low,India,Instagram,57.83565454111462
1.8388152782412344,8.001910937596081,1.4447235897463888,Medium,Germany,Facebook,81.11709691743661
3.14135409428812,8.762124573201548,15.088895526698376,Medium,Canada,Reddit,53.898910478121536
2.312024462035393,8.21105149586148,7.020419128295094,Medium,India,TikTok,51.85541380246525
0.8202970527833711,4.205046674251447,12.183476295196444,Low,UK,Twitter,42.07468095915539
0.14426235604864873,8.543035051466681,10.561353681687418,High,Germany,Reddit,23.13739381640189
3.0799490120951774,7.349079356002307,8.6547482041249,High,India,TikTok,43.9968718655542
1.0258269423913975,7.006456954795001,4.988810910669385,Low,Australia,YouTube,68.31841242462298
0.053194072863368635,7.336387576537167,8.116184506533203,Low,India,None,63.07932556584541
0.28781187162180644,5.084950809088378,14.289459503556575,High,UK,None,11.67056770591821
0.08042874892437978,7.788256371992704,6.358589378791797,Medium,Other,Facebook,58.812419955925634
1.7417802278831584,5.453412939436035,16.0,Low,Brazil,Instagram,60.071046475611695
3.3467573183948645,7.071240435665053,2.4604564170475327,Low,Brazil,TikTok,90.39149729544533
1.980211271891255,7.734396647307316,2.3067851223031104,Medium,Canada,TikTok,70.47000022903214
0.3386148770283126,9.111055631981422,10.944588450967021,Medium,USA,TikTok,31.667522991470605
4.015625936674448,6.270580260210428,3.7015595768121194,Medium,Canada,Facebook,70.0763118781847
0.3052531011494762,9.677381057768983,16.0,High,India,TikTok,18.54028972575399
2.879420565075347,8.920279880272721,13.496154901176288,Medium,UK,TikTok,52.33349527538218
1.2933390484603762,6.8558853862641955,15.682460214584008,Low,USA,LinkedIn,48.87039731633491
0.005224082241733211,5.836876100396095,10.284745554570137,Medium,USA,Reddit,32.995690465707725
0.3490282457459697,5.3342757266543686,3.4800610119346427,Medium,USA,Twitter,48.296587811103905
0.17202512271094397,7.907630777299709,2.2353437959315103,Low,India,TikTok,63.33292001111422
1.3086307013126368,6.3940737756887795,14.837782532097957,Low,India,TikTok,54.90029609788147
2.2049439762576015,9.299035207922573,,Medium,India,Facebook,71.42817325597264
1.6916104611434721,6.4807142552575945,15.65720841652282,Medium,USA,Instagram,47.07438370460068
3.1385250744496886,6.148993529922041,9.040991577249056,Low,India,YouTube,66.52364425343407
1.6151945217263997,7.85043952686647,5.779102580311927,Medium,Brazil,YouTube,62.78614158215294
0.3004225274134834,,7.887100766417425,Medium,India,Facebook,36.644833469738266
1.9485387110755066,7.512824990053205,7.997864441805778,Medium,Germany,LinkedIn,55.588334288802955
1.383204612083606,8.978983995087782,5.357801734764697,Medium,India,None,49.15773715526255
0.9738010180768937,7.675843997503086,14.230852813086843,High,Germany,YouTube,5.208737693387519
2.950091959566575,7.681446691054086,13.941088910248551,Medium,Canada,LinkedIn,53.43987986989162
6.6790119423632275,,6.641883487974583,Low,Japan,Facebook,85.30905704031306
0.7273381554422054,4.96035151457191,4.220710032238817,Medium,Brazil,LinkedIn,42.08117476263663
1.089336365211435,8.087756624895736,13.244368280466478,Medium,Canada,LinkedIn,46.6146188671096
1.525719344022146,7.7398973650888445,1.7976203669732196,Low,India,TikTok,87.20204153567596
2.0613685284994934,8.839345990475131,7.895836255046913,Low,USA,Instagram,66.74137033373775
1.9581396714260149,8.408716201705678,9.428575878426747,Low,India,Instagram,63.31406830756363
0.1400348239599638,7.1970770525917285,,Medium,Brazil,Facebook,37.77360376219738
0.0006592193055570928,9.048589337266035,10.851152466567976,Medium,Brazil,YouTube,23.072548060856363
1.4895405871613712,7.061053953580919,5.9546265165109284,Low,India,Facebook,61.5743263547253
0.24009796444300885,7.870735656116557,4.3604703362544015,High,Canada,YouTube,38.2857464907451
0.6292022006973387,7.033275854280966,10.78260301928271,High,India,YouTube,19.564068737440934
1.3362386090797602,8.192636707384818,3.1537409229157376,Low,Canada,Instagram,74.36383716314992
0.23447290731721937,6.935265326043357,10.1911123471385,High,UK,Instagram,14.373115995748737
2.5349528519041966,9.97132741341235,1.841521757092789,Low,USA,YouTube,78.89560379985599
1.2815580936181707,10.526044105838459,7.180885240713561,High,Brazil,Twitter,31.81338004599826
,8.810907381279007,6.210903482747365,High,India,LinkedIn,27.468064501448477
0.02308128363573997,9.811944974121042,4.376207754485049,Low,Australia,Reddit,61.95298613213069
0.5137544264875451,5.19117827871143,7.642883250036248,Medium,Canada,Facebook,22.800609463450666
0.5944844275567738,5.367933385087508,5.767610802315258,High,India,TikTok,27.472249386112654
1.3412646270152142,7.017659150053181,11.390929449667594,High,USA,Reddit,24.381789170907275
0.2516945258473965,7.561846447888316,8.466274736175798,High,India,Reddit,22.68789070215998
1.1846674754953492,7.202688872850501,7.937644269388382,Medium,UK,TikTok,53.2081156339418
19.20062084482463,16.271373596382862,7.207460874954294,Low,Brazil,None,52.106055451388485
0.9510106895077173,9.22738755948547,4.557162294931116,High,India,TikTok,38.76511196100052
3.979763322575246,10.731297350035405,5.047625173544164,Medium,India,Instagram,56.36602049689779
1.1806778637648978,9.421481518758934,,Medium,USA,TikTok,46.387129052576455
0.0026740062355084687,9.128284903179708,5.452009780359381,Medium,India,YouTube,33.921994273052135
1.4024659214386173,7.8391794077184045,11.78552045915016,Medium,India,None,45.289889890566805
0.1721823628365352,6.235503943909294,6.398541755664224,Low,UK,Instagram,55.25016298327778
0.629224611456557,7.608792078953951,7.580506095903822,Medium,USA,Facebook,50.0495722771342
0.7534095640241758,10.658382055262255,2.6074940855966515,Low,Germany,TikTok,59.78554378506955
0.7193332281676836,6.972017831239416,10.654029349055506,Medium,USA,Reddit,33.9979168560033
0.36605982353183386,6.817564128264087,4.268642426543637,High,UK,YouTube,29.306521149885768
2.1283499100755936,9.16095548865587,3.236226047108416,Medium,India,Instagram,63.022361122981984
1.3065404389057416,9.260529076118393,16.0,Medium,India,Reddit,35.59067599172181
0.8602483768635218,6.228147291337795,9.194200579186237,Low,USA,TikTok,41.022982833422226
3.1332472532786713,7.1077730801438666,10.872725778998444,High,Canada,Reddit,36.21753101202329
1.1468981175325288,6.747141756147848,7.94623085334226,Medium,South Korea,Reddit,44.05336475331063
1.1127515059057282,7.604534068591636,5.720804958252256,Medium,India,Instagram,52.277632198989735
0.5945156965870764,9.15553000642724,5.115307910593329,Low,USA,None,65.10633288434235
1.2468474508018361,6.293958718307863,9.654905336988547,Low,UK,Facebook,58.22432112295914
0.5580899339732995,9.134497218355405,11.935431643670562,Medium,India,None,32.67897061133357
1.5907003185069017,7.652476873381962,5.807149037723052,High,Germany,Instagram,33.88894089472193
0.6939444319978672,10.989288204471418,16.0,Medium,India,YouTube,30.610499190758553
0.9239919820777307,7.97824632655631,5.374195402086061,Low,Brazil,Twitter,68.82038719936374
2.136675869721135,7.354622145556102,2.6211022438617513,High,UK,Instagram,51.66692562563675
0.07057123080061398,8.362072090673989,2.153482621091655,Medium,India,None,59.834700149871225
0.36202098582812736,6.994280643169185,2.1975317072864686,High,Australia,Twitter,40.6322010261014
1.4422114073572994,4.807090314972262,4.719547491027192,Low,India,Instagram,62.58168044554341
0.22655408313892367,7.139218238593353,5.263463064166219,Medium,Canada,Reddit,46.030068910947335
1.127596757687199,7.115559586396162,9.111704379286865,High,Germany,Facebook,31.952282221030764
2.0048533141048233,5.111523809175282,5.946692477420503,Low,UK,TikTok,61.17042589443172
0.32342910900728067,7.390447215308261,10.034434428609089,Medium,India,None,30.74812476996925
0.238730523313488,4.399334663085904,6.214813395008958,High,USA,Facebook,15.799474359248112
1.4386629142094345,6.978469747266781,6.098927009811382,Low,USA,Instagram,61.28618566107397
0.5441710124647321,7.865393988067009,4.278023379054606,Low,Canada,TikTok,67.89279079352153
0.058009681937302764,7.645494265707349,14.204418472450362,Medium,UK,YouTube,34.53081074922266
0.540314992141718,,2.413575895956926,Low,USA,Instagram,68.47815450915913
0.4936817305082939,7.371704397077893,7.248439283335495,Low,Australia,TikTok,56.50808480364924
1.4838870034554754,6.323903343783254,5.424955642798699,Medium,Australia,Twitter,59.86937239040695
4.033687458771733,,9.670236425082772,Medium,Canada,Instagram,63.59261375554157
0.8032461700224544,7.587129609887656,5.974511632355767,Low,India,Twitter,64.35250953001034
0.8795554689449979,6.149625033147736,6.081103786720829,Low,USA,LinkedIn,59.89732411692237
0.6015936163919804,7.9015488007636465,5.155253163860044,High,USA,Twitter,43.412533301588255
0.36171816868953505,7.89217898262068,13.956618531828891,Medium,Germany,Instagram,34.53968953744425
3.6012573609146066,7.250685129628393,6.058386624392527,High,Germany,LinkedIn,47.0287829798507
0.4546978595308294,11.131570554430226,16.0,Medium,Brazil,Twitter,27.245786895053644
3.9604390648276575,7.288946419973537,7.123137218653395,High,India,LinkedIn,51.41747112559806
0.6176471438428989,7.081148631940473,6.129148936355127,Medium,Australia,Reddit,48.3854271778836
9.197947451742369,6.866410336188401,5.54448546608926,Low,Brazil,Facebook,85.74331440512091
0.5307406722391872,6.043591165385401,8.487106587404922,High,India,Twitter,16.539636823230868
0.28040651813949613,8.528846039765105,,Medium,India,Instagram,42.46014150792663
5.922952139430931,6.470629547970825,6.6024806826600395,Low,India,Instagram,74.4534796950484
15.392155631276356,15.88339923285178,6.07925532152646,Low,UK,Instagram,73.19321872047692
2.1196733457264685,6.692637660692103,,Medium,USA,Facebook,48.73521453057302
5.068857063788502,6.022584726227233,7.463453149263961,Low,India,Twitter,63.76253079931769
1.4529978851560572,4.873375001182915,7.69981981633869,Low,USA,YouTube,55.58928078445054
0.46128661162903645,6.80559019926121,6.404128417942674,Low,Australia,Twitter,55.06691273308981
0.9216278391793286,8.810002969068437,15.508156253206575,Medium,Germany,Facebook,30.49756388294427
0.24140868867546142,7.795469708197865,7.7954582596918245,Medium,Australia,Instagram,41.996759363748545
1.3997459456288837,9.840862905282188,16.0,Medium,Brazil,Twitter,36.90315238802096
0.8540012118149465,8.626434457483775,6.233330902004017,Low,UK,YouTube,72.12285821694141
0.19913062603984716,8.285947215411067,10.754754925955229,Low,Germany,YouTube,50.893474517169054
0.8724615478640128,10.323973533979073,3.913258782082445,Medium,USA,Facebook,50.83107436627486
0.40242199490022157,7.354281607495183,14.019841176455953,Medium,Germany,TikTok,35.55035343902402
2.277740268808239,7.594613510257428,3.9646978105104878,Medium,Brazil,Facebook,63.70098141635729
0.8921192647902536,7.482803367509794,7.9528218134298925,Low,Canada,Reddit,57.74804531540372
1.7041052459166588,9.815680096775324,5.1621010614127325,Low,USA,Twitter,73.86966253524908
1.3820209797692171,7.503772974688636,7.9343757328127476,Low,India,YouTube,67.97426515546498
0.3712125375016072,6.5275839388843435,5.2546965511573775,Medium,India,Instagram,36.50014994476543
3.218229054767587,8.381513306944278,3.767637938720192,Medium,India,Facebook,67.81182097741419
0.2497595369328386,6.2756102834144585,5.139956549986524,High,India,TikTok,21.28524659142486
0.524697220016411,8.300207268920888,15.255621750276033,Medium,USA,Instagram,43.29724740581276
0.040034866623974624,8.120761401212752,8.007397173165035,Medium,India,TikTok,31.161870592138506
1.5397473084994764,7.215895998290256,2.7918095841988495,Medium,Brazil,TikTok,66.13447804655154
0.23325387810165452,8.34871735813024,11.672429648666427,Low,UK,Instagram,52.462948440313454
2.085183054569548,5.268315104537472,3.5434169148834695,Medium,Germany,None,57.630248001170145
0.6486580240634704,7.744443181987479,9.450007856064584,Low,USA,Instagram,53.17704662923746
0.585321370738269,6.805851922999902,8.43086257259103,Medium,India,Reddit,44.77190695170617
0.10638513685606436,11.79339536592678,8.75641241810215,Low,India,Facebook,39.35380923568128
2.9617922804458487,7.733737604460312,16.0,Medium,Germany,Instagram,50.408244607089316
5.521420524976801,6.6054119253248444,3.67964192721266,High,India,Instagram,49.16593002514157
0.5295382687663437,5.432547395920377,8.727481720576234,Low,Canada,TikTok,38.92400256940674
0.6039125863482965,,12.880997553196073,Medium,India,YouTube,40.00053450767068
1.3649138823423714,6.974950920714333,4.112351388999574,Medium,India,TikTok,63.65951155725776
1.0681874551755755,6.312971899386871,3.8672662098303294,Low,India,Facebook,72.56060428160576
3.9457345714271206,8.00444882101359,5.092085526160952,Medium,USA,Instagram,71.53632477029815
19.096070218175075,13.555708960715402,7.351025457301663,Medium,India,YouTube,43.083843340327746
4.940884750406016,8.450929399814294,2.595331451985381,High,Germany,Reddit,56.43789720814301
3.010845881611492,7.529625634589042,8.421948329295688,High,India,Twitter,41.20603275928853
0.834704221041654,7.73878520533008,2.598587309731675,,India,Reddit,73.90784124561338
0.81574019811554,7.848055613521054,13.144435267474288,Medium,India,TikTok,47.85535769715655
2.1186998394799312,8.00459439844331,,Medium,Other,TikTok,63.26405445186231
2.567304077465642,8.137327793852224,16.0,Low,UK,TikTok,67.54744060475359
1.16717861626003,,9.036484864526006,Low,UK,Instagram,45.9967080215022
0.02086564954801117,7.584622293038775,5.038677915544236,High,USA,Instagram,25.0737666417968
1.684233497923382,6.274795101254457,3.746393780914502,,Brazil,YouTube,78.1500684389703
2.595430887928254,7.283562445343948,6.981994597078254,Medium,India,None,61.6008539557467
0.23314237953337635,8.630671228102495,5.940834709062595,High,Australia,Facebook,27.712136289788944
2.404002378207639,4.820208062422731,12.325661882567287,Low,Germany,Instagram,54.38602323360432
0.682392067728218,4.828871706942058,3.4654022320388034,Medium,India,Instagram,40.35686292391357
0.5567594222594414,8.877414182088486,16.0,High,India,Facebook,14.925551900222393
1.2068189643209943,9.780184225276992,12.9989185433621,Medium,USA,TikTok,47.89413188327868
2.139406614150863,5.6021999474707895,5.354224212801016,Low,India,Instagram,77.7309083865764
0.7486612034168977,7.650688906249343,16.0,Low,India,Instagram,50.48271387245948
0.8490196376835837,6.900682330624478,3.7815090251341337,High,USA,YouTube,29.17175548144698
1.3671499596145762,7.108754831637564,6.843873509807842,Low,India,Instagram,66.10762695372169
4.807036188189576,7.9582965131346235,2.812622631970021,Medium,Canada,Facebook,77.06428884284168
0.5190400236917967,5.560694656483877,16.0,Low,USA,YouTube,47.53581037063668
0.32414472160970964,5.839173749261398,2.251435273439321,Medium,UK,Instagram,52.5942990663328
1.335342536449541,7.048123240618162,2.549086302568363,High,USA,Facebook,39.65238934015415
0.885621343209214,7.281936603158759,,Medium,USA,Instagram,60.279564880030584
0.6689589813325071,5.811067341473743,13.375092448635508,High,USA,Twitter,14.830130874642718
2.130520649354734,8.684471512183777,10.728534113941308,Low,Brazil,LinkedIn,67.3458284467027
1.436880357600981,6.87365854033345,6.509289932595106,Medium,India,TikTok,49.40912451059178
0.2794690990612131,6.867273590899732,11.149065990177991,High,UK,Instagram,22.31729801131198
5.629928659603716,7.923988185344851,5.644895949901114,Medium,Germany,Instagram,58.77223925447137
2.2767012644018068,7.306637585898751,7.794803296054915,Low,UK,Twitter,74.64481943533107
0.18916970035537478,8.756215219358719,16.0,High,India,Reddit,14.328899219460318
2.2497538288366137,6.099866193299,5.217553824572441,Medium,India,YouTube,57.72093233928171
3.4565647057914273,5.403920104404789,3.819717349246154,Medium,UK,TikTok,71.28990183840244
2.110100880624724,7.035318654302088,8.022282870721286,High,Canada,Instagram,33.950624606154186
1.0946180264217948,7.5903542594025195,9.432532180336006,Low,Australia,LinkedIn,53.73696760532161
0.45791956513889454,5.638866083853719,6.464131356720613,Low,Canada,YouTube,51.198599919860094
3.483185089277872,5.418369657449611,11.045562772014621,Low,India,Instagram,62.4981265351442
2.2243419892996372,7.773446673506978,5.3615039223774135,Medium,Australia,Facebook,58.233949701776005
3.168079532486691,6.363329149027557,6.530787973413713,Low,UK,Facebook,77.6577057472241
0.8005131133277918,5.3212324244896205,7.574178748952788,Medium,Other,TikTok,37.54444030599873
0.1926833730889917,8.948011938471094,7.188026264289481,Low,Australia,Twitter,57.094295932026625
0.5767173080830598,6.5523079906093615,,Medium,USA,Instagram,29.725117387882776
2.1541384087554314,9.224717405798037,7.551405840751851,Low,Canada,TikTok,63.735711187918895
1.035295419401236,7.542706186664141,5.041273451151761,Medium,UK,TikTok,53.25702077568784
0.8315026485745063,7.942138293082955,8.304429281983458,Low,India,Facebook,59.43427364985464
1.1115012932576454,7.182750380854721,11.081870715005023,Medium,USA,Facebook,39.49381699588636
4.341401505072923,3.5172566331814545,9.626707479533685,Medium,India,Instagram,39.46610972017864
0.9768034236119383,5.794820263419444,9.311819830454455,Medium,India,Facebook,37.36435853864382
2.5784074615543138,7.311435810421913,2.462482318888627,High,Australia,YouTube,52.00439861854142
0.19300243356103441,8.047093705939057,1.3559365954344236,Medium,India,TikTok,57.354928908056095
0.8473388764568763,4.815488966417819,13.002722039181778,Low,Australia,LinkedIn,42.50882473514346
0.025777364150667725,7.419597438209308,7.872018168390146,High,USA,YouTube,23.037272330741345
0.19167081662056018,5.816603869178953,5.971830817749903,Low,Germany,YouTube,58.79655405898123
0.38465793182257824,7.851930247634481,9.17596730451148,Low,Australia,Facebook,47.97256616423022
1.1657827181555445,7.4708988214502625,16.0,Medium,Australia,Instagram,30.253228204981134
4.3647440794153685,8.61525240364436,14.12743567744093,Low,USA,LinkedIn,69.56803313500325
2.165545181256819,9.100234395281278,10.77611750832054,Low,South Korea,TikTok,57.16689364953997
0.00357190567631205,8.188484848911044,3.5536122462326913,Medium,USA,LinkedIn,35.32819267154203
0.2915267759792241,,3.841740496539433,Low,Australia,TikTok,73.29725477464592
3.6021304920010815,6.974486286114242,1.445069173249282,High,USA,Facebook,65.0838233879985
8.137945116680992,11.734676116900719,8.847262457488375,High,India,Instagram,36.27892469241211
1.964314585995142,5.671771355257679,11.76555645409761,Medium,UK,Twitter,39.97426298635506
2.695060441612296,6.708366333136018,12.355568198194522,Medium,USA,TikTok,53.498035879249926
,8.85203787412034,9.072594560084497,Medium,India,LinkedIn,44.24219991057534
1.8892418733193823,8.629081957291488,5.515486622922803,High,India,Reddit,47.880495322208404
2.6434385000080094,8.231083528713523,4.312136646199098,Low,India,Facebook,85.38815992304885
0.7006332902282101,8.512977986989661,3.686882029293217,Low,Other,Facebook,69.15332241454458
0.46291434208110493,4.374664268090939,5.484605076521726,Medium,UK,Instagram,35.68509959363772
0.6145115488599394,9.88394804180675,3.364583723313161,Medium,India,Twitter,56.29608855318201
2.994635240599471,7.194163561700077,16.0,Low,Australia,None,71.57039089781819
0.3813396282033461,9.368841273406279,2.7692515029990323,Medium,UK,YouTube,45.50417715593243
4.353570074844278,4.449710131548066,5.375050846948978,Low,Canada,TikTok,74.04216801594396
0.6569848635000564,7.884852755221787,1.8932008195504026,High,UK,Reddit,47.50749116749342
0.07717920424270922,6.654746581282727,7.227787095520806,Low,India,Instagram,51.44340294700564
3.7221317920644017,8.358180227371955,6.041001286667397,Low,India,None,83.204261052377
2.275113132930093,7.9756056787032685,4.883810658647482,Low,Australia,TikTok,75.56272054226466
3.5476532812707697,8.049071696248767,3.456754144975431,Low,Australia,Instagram,91.64720608474401
1.01899947943341,5.911587467652763,6.058590009762192,Low,Australia,YouTube,53.57946394845887
0.6505524335341029,7.414546318772083,4.363713722352335,Low,India,Instagram,65.6994427136653
2.5473211307000745,7.229749428105989,5.572697716376495,Low,Germany,TikTok,75.01920859168986
1.2537540337020738,8.242965062561149,16.0,Low,USA,Twitter,63.972703086216455
0.714778765326228,8.9839454931502,6.708036797335203,Medium,Canada,Instagram,52.76207216092959
0.9590682163562677,7.725713883012922,8.328807800807821,Medium,India,TikTok,40.03176013413852
0.8047866958051759,5.585741567417102,4.57826971193946,Low,Australia,Facebook,60.312483462894555
0.0016069037205463828,7.661368214350152,3.7785437882190394,Low,Other,Instagram,62.66017177765646
0.6054998684911028,11.416614342613894,5.966887125660905,Low,India,Reddit,53.58251582250357
1.760665718552653,9.969007990481678,16.0,Low,Australia,Twitter,56.69050208332739
0.02350271996137174,,5.091351841715599,Low,UK,TikTok,40.67636755959805
0.939910665752727,7.595014730542267,7.514711871510507,Medium,India,TikTok,47.581317180754375
1.0785175193158807,8.898179287883016,3.6801771549185736,High,India,Instagram,39.76172382601002
0.08087164835737196,,1.1581649084028522,High,Australia,None,47.603271849554474
1.6893891583640293,6.809863619784174,3.766330558608821,Medium,India,Facebook,55.3705145363415
4.678960067240807,7.099553677374767,16.0,Medium,India,Instagram,57.685648242284735
3.9742457727119307,8.328284228151979,8.647187960641558,Low,Brazil,Facebook,79.61706054589462
0.2859020442472887,5.777295038437487,16.0,Medium,UK,TikTok,30.588782604061716
0.15007203618075984,9.283032977414056,4.910455262725857,Medium,Australia,Instagram,42.30285858114512
2.064789438887584,7.416010512452896,1.4709395374450112,High,UK,Twitter,62.34637838925181
5.187610194844486,6.097463588832676,3.11047235695255,High,USA,TikTok,44.16925516917554
0.04327160382744866,9.186525242098043,7.676892605514924,Medium,Australia,TikTok,30.93815899231998
0.5847199645847418,5.182303642332538,6.97664621649646,Medium,India,Twitter,39.28320845406272
0.3012825271889392,6.667184854497624,6.011929360390958,High,India,Facebook,22.648638196311865
0.6231005711146742,6.642487402072254,4.401082760303568,Low,UK,Instagram,58.859497547577085
2.015019519452637,10.715912907354197,10.631586324062074,High,Japan,Twitter,22.920526604904246
0.08453198121469752,6.472468847040835,4.4780693084359235,Low,India,TikTok,54.442741337001614
1.1942995289971161,4.267552169249843,7.276792118964956,High,South Korea,Twitter,24.618069664450292
0.15645833406368834,6.627277327081288,6.801865406311513,Medium,Australia,Twitter,43.27813638653268
0.012416276140278518,8.183325521107168,4.849611186397402,Low,USA,Twitter,62.68357681092202
0.2123253927624531,8.676126819875407,3.5652079008550226,Medium,USA,TikTok,55.3542079655955
0.061204645913318874,10.914809540164159,4.681422178056559,Low,India,TikTok,45.19467106051455
1.7587179691145476,9.610346356478821,16.0,Medium,UK,Facebook,43.007796865060705
0.480291102194276,7.781883890872728,11.792558747827401,Medium,India,TikTok,44.70963181027403
0.6882368328654325,6.162876798637834,11.158853723939513,Medium,USA,TikTok,38.04168087535341
0.5547999341239211,9.936041147021038,3.773948405956225,High,India,Instagram,39.440834270932854
,6.947154674510653,2.5532994792570163,Low,South Korea,Twitter,65.18626621401884
3.243253267236705,6.5127641456780925,11.680216690013484,Low,India,Instagram,73.63700570480667
,6.874389296768895,10.410973106103738,Medium,USA,Reddit,36.673841803013964
1.035461521799471,5.621567641654786,6.568919675410718,Low,India,Twitter,60.32342807185886
1.2060726754496436,6.8024698632435365,4.843686321237724,Medium,India,Twitter,59.30362916338738
0.21007781500713196,7.150337505032377,2.513391930139225,Low,India,TikTok,63.02815461188383
0.8155000224043162,8.595984908718178,10.180155302222701,Medium,Australia,TikTok,29.861242641289344
1.5130517947143516,6.917867497348472,12.325632893300108,,UK,YouTube,52.01371108981733
1.6239132371610057,5.598811137242227,4.025079019715551,High,USA,Twitter,40.7644889913298
0.577103508050287,,3.828374266410965,Low,Germany,Twitter,57.88786167402507
0.16889840834636943,7.814354621284674,12.738605108300833,High,India,TikTok,19.798569526157454
0.8073012286282126,7.608938780203837,4.115997959666822,Medium,Germany,YouTube,44.123210665997334
3.2511496801408883,6.668530933180248,16.0,Low,India,None,70.71777974418958
1.609710348763918,6.798815309261894,5.666484712311953,Medium,Brazil,TikTok,51.25390593779917
0.579048286753225,8.082730399198756,4.797346611890106,Medium,Japan,Facebook,52.570472412791965
6.704676389873434,9.585819380534021,6.215615786385985,Low,Germany,Instagram,78.26914746507374
1.4076401343966087,6.3297831237840185,4.797145048418282,Medium,India,None,35.6985968726187
5.936197707149436,7.633354254323149,11.890353389200909,Low,USA,TikTok,75.98324230356668
0.9652795782424628,8.937405606007985,10.293226769647928,Medium,Germany,Instagram,39.91746168473408
0.27698224245395053,6.3358285647041255,11.621580709019574,Medium,USA,Facebook,32.17552222737481
0.5226076872447114,7.476551828155042,6.757897658463212,Medium,India,TikTok,44.27522602670206
2.468295719540658,7.443006595368501,4.60060262806222,High,USA,Instagram,51.2615024258865
1.2429641659333401,5.533057147434722,6.016836335644963,,India,YouTube,60.897893157641796
0.2669609598225958,7.7527481921484345,4.686012113195534,High,USA,TikTok,35.8029655836279
3.2724122003282523,7.547317017906647,14.584479391738196,Medium,India,Instagram,60.56719907973184
0.44193599926838273,8.332626374394087,,High,UK,None,23.618796125335848
2.8051036779923804,5.719670288008931,5.726394839691609,High,India,LinkedIn,53.252167616240534
0.0714943047785969,7.514955577891837,3.4698627016816195,Low,India,Twitter,61.32704510148464
1.960374761878849,9.572601095483712,15.248845769182754,Medium,India,Facebook,42.517820687607504
,10.61624974786843,6.56669381496936,Low,Japan,Reddit,57.07771711644253
1.4661614542374526,9.420193903457413,5.595146490868319,High,UK,Facebook,36.2876368095727
0.6914509135708143,5.734392741524637,15.329692467152233,Medium,UK,None,36.12736756691186
19.723384095715687,16.032903906781566,4.455016265459165,Low,Australia,Instagram,88.833667602903
0.8372849861699045,6.77528013755833,4.996031309725092,High,UK,YouTube,33.1702629833314
3.612673141586565,7.925850889694882,5.267440816168612,Low,USA,TikTok,91.4660426346686
1.0705765143988772,6.341674941334615,2.7457616291780673,Medium,UK,Twitter,57.65902059455455
0.10374713573868238,4.92978983722155,7.3114471247814645,Medium,India,YouTube,22.600469435267797
0.3872162956659578,6.9832241419502505,3.8289597218036184,Low,UK,Instagram,65.32569347088462
0.8970995031886164,8.583904044915023,4.295495693837946,Medium,India,Instagram,49.127132239385176
4.290472437778667,7.931999633210717,3.9643373344656405,High,Japan,Twitter,66.17291820294398
0.4182836254910966,8.10442178987153,4.2535667999718605,Low,USA,Instagram,76.0626150520836
3.005529137212279,7.824525484469067,3.65702992324431,Medium,India,Instagram,83.56962122741851
1.6885770755296872,8.106791212268567,7.01694898871337,Low,UK,Twitter,72.32664691086991
2.597807604895582,8.294267638630053,5.510438180026155,Medium,India,Instagram,63.52145659280694
1.058548347701433,7.087977856568073,6.226440884306875,Low,USA,Instagram,65.8629877262438
0.392973540461394,7.624335842129424,16.0,High,Brazil,Instagram,16.942509008805132
0.5086658825725847,10.114887562304535,5.510543688469812,High,Australia,Reddit,38.56091159239946
1.1281296850910354,7.713046543501709,8.69691681128113,Low,Canada,Instagram,67.10671678059889
2.4250419405868198,7.563845244680877,9.311495942162448,Low,USA,YouTube,70.899608403472
16.21410292576421,13.145021205441044,5.825739973037222,Medium,USA,Instagram,60.388496531295104
3.6821072311922602,7.17313722252567,7.129773586885784,Medium,India,Instagram,61.40949429858141
18.03978983886006,14.409076529403961,6.125245971014607,Medium,UK,Facebook,34.624391626004794
0.13576134590256872,7.813017786548148,6.831436936190217,Low,UK,Twitter,47.193302619570446
0.9940380648640894,6.741427197061273,4.254979424426144,Low,India,TikTok,67.69584855309063
0.4319551799616798,7.281727605784177,4.497281999808031,High,India,YouTube,33.298574744560945
2.0000261809194546,6.31422794021057,6.111384553233822,Medium,India,Twitter,56.57510623057915
,7.6620177068014765,1.8530961109060347,High,India,Instagram,45.55418915563613
2.7831234150916364,8.376292416264041,14.844711499780756,Medium,India,Reddit,58.129243961887035
2.094905442609974,7.182127710133627,16.0,High,USA,Instagram,37.5431713838915
3.804084940137641,4.4874323446660265,6.7006876533241595,Low,USA,YouTube,61.89710472693655
0.1897238416159276,8.385557316083208,9.0185314134967,Low,USA,TikTok,56.77373148496942
0.7277565109815436,7.68027576413964,11.572534811370723,High,India,Twitter,22.51025387762338
0.24468380785422494,,2.7324486709737017,High,USA,Twitter,34.75485435561405
1.797161874611628,8.65990536348491,10.558875302602653,Low,Germany,Twitter,66.84880766709269
0.30461262726921345,5.4023621989262285,4.683923546521062,Medium,India,TikTok,45.482012152660815
1.067983117882792,9.068111422986702,,Medium,India,None,39.917183332753275
1.9557058381106391,7.4139500705291805,5.40348576849496,Medium,USA,Twitter,60.6851116991335
1.17735686333627,4.0967023869340045,,Low,India,LinkedIn,48.26522561454514
1.5537780299745179,7.767494380894856,5.435503963144088,High,India,Instagram,35.40556105345702
0.07981020887624428,6.8907114478635965,16.0,Low,USA,Instagram,41.443432187729314
0.9690792357403438,6.664726062265295,4.448601912182916,Medium,India,TikTok,49.89374971441705
0.5944396308915145,6.393411357815673,12.170965915211076,Low,Germany,None,41.66519209022425
0.5938232458083317,7.309176313710191,8.811051003383934,Low,Germany,Facebook,53.60107989265469
1.4540385079514886,6.772216978249288,7.71052267416901,Medium,USA,YouTube,45.813124555510285
,4.714964635217422,6.94071253936676,Low,USA,Facebook,61.1846534034684
0.47583941748255143,9.408101830015807,4.054358557096712,Medium,South Korea,Reddit,47.75399448152052
1.9153778552139116,7.133463516057292,1.2819293063682682,Low,USA,YouTube,88.99879628705696
2.0926216408093548,6.402097476182606,11.5263447715887,High,Other,TikTok,33.214386503670816
0.19540599285701954,5.807364476182004,4.511801564788357,Medium,Australia,TikTok,41.158045558424966
4.653931104948194,8.656098101179381,12.203955081488575,High,India,Facebook,40.70929581935981
2.450721491290483,5.552352046355212,7.470923809305602,Low,India,None,65.90008004292831
3.661624798452884,7.70098095278695,12.430511667732734,Low,India,TikTok,73.65461859660458
0.8954681674429406,6.624526497189628,9.787788253448133,Medium,Germany,Twitter,49.78616214910763
0.43760655681368543,6.711870509156501,1.3787577211965893,Medium,India,Reddit,47.61380412438807
0.07100271034125225,5.84466070353615,8.748982166272421,Low,Canada,TikTok,40.44283386570196
2.554387324703477,6.56952085121751,4.922392577947702,Low,USA,TikTok,72.04257088415365
5.404823807152596,7.513218587260287,12.17039924779779,Medium,Germany,TikTok,59.3992327681758
1.299847848345716,7.852968339523489,8.62551349745533,Low,Australia,Twitter,64.39523913438236
0.8882870587798541,6.321611278075532,8.686598387570077,Medium,India,Facebook,35.81088664614584
1.5500280364715873,7.363598396343879,5.137950798168827,Low,India,Instagram,76.49032921733087
0.13677688647054367,8.832681646455633,3.498856793583503,Low,USA,Reddit,65.8646308442143
0.35876682697014745,5.006057164576391,4.6658397304046355,Medium,Germany,TikTok,43.92026552141468
1.1933752205262744,7.490596539612211,2.0545660198297693,Medium,Canada,Reddit,68.3902446376392
1.00400108655877,6.07382408189674,4.245220488940435,Low,USA,Twitter,54.05902936800291
4.089499302072141,5.920973741825203,2.513068559884719,Medium,Germany,None,73.82930693769534
1.0794052525111253,7.891517269497151,2.5532205363524443,Medium,USA,Twitter,55.36795739521196
0.575717296677224,6.6821227969986605,6.487565263564395,Medium,India,Twitter,44.3623795256746
0.6920709616262217,5.67479531064735,8.334715343770213,Medium,Brazil,None,35.03448055053666
1.4149023981057527,9.486424788104982,5.935337615152606,High,USA,TikTok,35.38410723765435
0.20492412730142925,8.880134271497743,4.484942619663665,Medium,Germany,LinkedIn,40.88339271485012
0.5449416323969589,4.601541065461246,3.426554038431222,High,India,TikTok,32.35174490687645
0.4710309093664805,,5.001231612397372,Medium,UK,Instagram,33.96612458912179
3.820147352395601,8.390185606978022,3.693838551666606,Low,India,Twitter,92.95732924978438
0.5643651507043025,7.072689250443796,5.825830443670148,Medium,USA,Reddit,39.08165015487814
0.447275238497238,9.750861966532437,2.428031715606063,Medium,India,Facebook,50.41539450529608
0.25015476293069466,8.424504597811515,9.214612570856838,High,Australia,YouTube,31.288644642918214
0.8537436424217935,7.949198285780997,4.305018033144173,Medium,India,Instagram,67.67234994116836
0.051416482521158914,5.967205962261844,7.581826549140641,Low,India,Twitter,40.231995046518634
1.4456384714224344,8.237160442296707,,Medium,India,Reddit,42.09377482127603
1.6192217050418474,5.5863540678743,7.3648783256371875,Low,USA,LinkedIn,57.273687566519165
17.91517350478602,13.33296964688255,9.771559491719762,Medium,UK,Twitter,42.346927358075824
0.03866160273300581,8.133207883527362,1.750701285593417,Medium,Canada,Instagram,55.05807491284832
0.5835848940932121,6.262754134863611,4.500938820424187,Medium,Canada,Instagram,51.840669072260354
4.9405504698120115,8.707016142198473,11.726438578559215,High,USA,Instagram,43.670471102035215
2.952463984678193,10.862287333704503,8.211517344301438,Medium,USA,Reddit,45.64570666685334
1.9880894475277802,7.173574350285824,16.0,Medium,India,Facebook,38.3000024661073
2.4987450547108496,8.325619784536938,16.0,Medium,USA,Twitter,50.622022551940525
2.9758368143870664,6.852256020463498,7.240970762810465,High,Brazil,YouTube,57.6976577987748
0.574354551411664,7.6280283264275175,5.200801917852531,High,USA,YouTube,36.39301122261871
0.9072684329737795,5.239148159952829,3.4039508515261194,Low,Japan,Twitter,67.97673277346493
1.7960368960827418,7.4992057297412025,4.547214559058227,Medium,India,LinkedIn,53.90586888151558
0.43630036427174584,7.5653659947459175,4.735332068994159,Low,Australia,Facebook,63.28742714277518
3.555956453769673,10.198496665267122,4.237826350341669,High,Canada,Twitter,54.505667081243615
1.4076507087271906,4.807495330944976,3.4868451236684446,Medium,Canada,Reddit,44.318239391991334
1.2523566573929612,7.078674811338331,7.6978875919432905,Medium,Canada,Instagram,46.76899656797466
0.6325992808553462,9.432175826746553,16.0,Low,India,None,44.93326035521647
0.13912699987355473,7.137342756301866,10.590464925235398,Low,Australia,TikTok,51.79455894379876
1.646550513829676,7.242987700522503,4.985571122409393,Medium,USA,LinkedIn,59.67300983567344
1.8618934430208314,6.250111462676738,11.11635345751611,Low,USA,Instagram,61.312520488545935
3.33187156739719,6.101091929605864,7.448335019532093,Low,India,Twitter,78.13890534859624
1.2740865315121994,4.761219351250272,5.903688880030676,High,India,Reddit,26.33997344099415
1.5624290075418932,6.556177128533768,5.686678672461756,Medium,Japan,Reddit,57.52360250290214
1.8037212879712752,6.015967417331815,5.3657486903676315,Low,India,Reddit,65.13002749622306
1.3036688940111247,7.677058250485611,8.940930563472797,Low,India,Twitter,64.9138582525293
0.6284632023538046,6.318497696364402,6.578469038639545,High,India,TikTok,17.00075740720851
1.1960016682651513,6.78061352242724,3.9076896673862804,Medium,UK,Twitter,51.189462320918416
0.3031497491257773,6.82169191041351,3.795775487634433,Medium,Australia,Twitter,59.80154293348231
0.28451176145248264,7.427752226564442,7.268445093120753,Low,Japan,TikTok,59.87092994872819
4.22954134034271,6.707216615392738,7.8239592893102765,Low,UK,YouTube,78.32570267094344
0.317044948145888,5.907320865094302,5.0134305105042944,Low,India,Facebook,52.51258711212013
0.91157687162238,7.628649665921758,3.0672967196744465,Medium,India,Instagram,52.667919557563195
0.9061755828102775,9.101224824396917,12.814522143134695,Low,India,YouTube,51.52270454369908
1.1574578580062402,7.692699293686162,11.281483639172514,Low,UK,None,57.69481761565612
5.4226697482801205,6.585269342642067,1.8359721062634107,Medium,South Korea,Twitter,84.32348304047746
0.4288746466819934,7.315280392359562,13.514318513302324,High,India,Reddit,25.78681585260838
0.05795828169761118,4.424050844465192,5.336737555466632,Medium,India,Reddit,33.362665099093334
0.6476960107967746,,6.780102691091475,Medium,Canada,Twitter,45.7234588810953
0.6674976917721046,6.899468446364291,11.976349571538831,Medium,UK,YouTube,39.72855912341301
0.20994357822570792,6.0998094629902315,16.0,Medium,Canada,LinkedIn,22.48480715022469
0.034978946269028435,6.371852471502049,11.042143405212277,Low,USA,YouTube,34.1604919054914
0.4851743004851614,6.88464824769053,6.990962890755339,Medium,India,Instagram,45.65952057219078
1.2984648290989358,8.988687414009735,2.650148266930783,Medium,USA,TikTok,60.16766162870121
0.03534488063150557,,1.793664808016391,Medium,India,YouTube,44.68565255059217
0.7420900894425437,6.107812257663284,10.246081741865813,High,Canada,TikTok,7.89356550704373
0.8728323805326159,6.72288394013491,13.534178239036118,High,India,Instagram,26.343528788997745
3.1666924011239708,6.761115064067133,3.7106723384310745,Low,USA,Instagram,83.16000359251443
3.3764021451602466,8.714318273325187,5.14554875313726,Medium,South Korea,YouTube,71.28015844139333
2.1588766535890738,7.718259828947425,4.330315776566099,Low,USA,Facebook,78.99946297171918
0.7077898308306612,7.6391847939615625,4.261665114702438,Medium,India,None,53.39370017019894
0.4104391775837385,8.304393920131785,11.530281059330603,Low,Japan,Facebook,49.104684121229695
0.5780023119164437,6.605379887383602,6.896567883402537,Low,India,Reddit,56.42156821450623
0.8418091944261397,9.545829861531086,5.272438732808267,Medium,Australia,Instagram,50.2554234592268
1.8233346307318912,7.4973830138696975,16.0,Medium,India,Reddit,46.197566500772794
1.307925576463878,6.21613133071213,2.558311474490267,High,Germany,Reddit,40.26803344447384
0.036103432795896,7.15553963430324,8.404326635494737,Low,India,Twitter,53.937858868226584
1.1968748781616263,9.347892486311808,3.223968418664101,Low,India,Twitter,74.49440752737242
2.398124834922136,6.862286796024342,5.5043455308984,Medium,South Korea,LinkedIn,55.18583096683837
3.6607414082382634,8.924336698567247,6.613963068307582,Low,UK,YouTube,79.62320132570672
0.10294281046753774,6.561981310842718,10.041810551107552,Low,India,TikTok,42.45265367794396
7.964702601152791,6.351504454834041,5.172162413661851,High,India,Facebook,50.54420166497157
1.15683818566686,8.489396115891438,4.854136079028285,Low,India,LinkedIn,77.33161526521317
0.10778638579749464,6.1890411590313885,5.11690078995068,Low,India,YouTube,57.62104028269419
1.940677385518697,8.733810375242543,3.1646054523464073,Medium,USA,Facebook,75.4998884970955
2.985465635927038,8.027438998535024,8.840875244038147,Medium,USA,Facebook,62.76975363185645
0.5383698690501264,6.189609098298612,7.162081295556367,Medium,Japan,Instagram,38.3278995624684
0.3902582532493759,7.392835884008499,7.854614573101071,Medium,Australia,YouTube,40.958460798973945
0.6363749548547998,6.676838564160694,5.802414931991303,High,Japan,Reddit,31.005465814244204
,8.023464835003589,5.3885332525964245,Low,USA,Twitter,74.49110473530808
0.5224479135749618,10.33169736743313,12.247969926091077,Medium,USA,Twitter,24.892957066869712
0.16911983798446803,,11.168215947364368,Medium,UK,Twitter,30.962930129211664
0.7104015710183834,8.30066441078776,14.138199968747095,High,India,Instagram,20.85857437381758
0.48005722469976103,7.536660962501274,7.565183556793613,Medium,India,LinkedIn,48.22225300800415
1.2068368539845884,7.53608655459477,13.620805729530739,Medium,Germany,YouTube,33.17069792617323
2.5149761657651175,7.252192318902714,4.713121447214615,Low,Canada,Facebook,81.13029007430008
0.7843732516354652,6.213873830472669,5.3628144879988024,Low,India,Instagram,53.13259617766508
3.459934297332281,8.002709923923682,12.392115854521963,Low,USA,Instagram,77.15035033043479
1.5937141105928598,7.066887375120917,10.03473849841048,Medium,India,YouTube,42.0227378645024
0.974499132042148,6.142799874391911,5.082126395755387,Low,UK,Instagram,53.577903733191135
1.8157259358247284,9.021259893372449,3.229234326092285,Medium,India,Twitter,67.07883487910733
2.551684759391483,7.6485144340535145,5.352809031883658,Low,Brazil,None,68.04357726782129
1.535744857354013,7.157851563985141,4.01115381856569,High,USA,TikTok,43.7323831413548
0.14978791633872196,9.510084922119447,16.0,High,USA,YouTube,18.613916189883174
0.043068149825153154,4.745877696700504,9.545066136905492,Low,Australia,Instagram,45.34904920843411
2.4037956992343865,9.409231205593633,3.8207489116294555,Low,Brazil,Twitter,70.99078450449477
0.16656507159122266,6.179718076295674,3.231690657273932,Low,Germany,Reddit,58.39204696425513
1.1668720560810648,7.81729880912328,3.7924491940712692,High,USA,YouTube,49.541313838168676
0.14878712283391085,6.617904368818934,4.326266184327249,Low,India,YouTube,65.60245251192492
3.6666340109846005,6.115498439321364,5.473836620525092,Medium,Canada,TikTok,70.1811198102286
0.5852300220982065,9.470829788952653,11.807417014116366,Medium,Germany,Twitter,46.60642784186133
1.496912701756486,10.284324851092927,3.387492137561932,Medium,South Korea,TikTok,51.8258074621226
0.4296673986569951,7.1681615240233825,16.0,Medium,USA,Instagram,36.97189483586893
1.1169305237148837,8.003212053291442,3.4350100722196464,Medium,Canada,Instagram,58.605748294665815
0.025857208652539806,7.58548687749375,2.597556930945693,High,India,Facebook,27.17934407680181
0.4481291365479665,10.095760256029283,16.0,Low,India,Instagram,44.7519775015036
2.0345066752246708,4.330274328819698,13.366523834675188,High,India,Instagram,11.625328273880221
0.7179154000978341,8.06568516190533,5.422683053823945,Low,India,Instagram,64.31973229682461
0.9422699424570276,6.4093105287841,7.604950289041581,Medium,USA,Twitter,34.82223534205737
2.004983698929056,3.966053967793232,7.720981331683273,High,India,Reddit,27.7959178071881
0.43463097375608284,6.959204853856138,6.5668052915815105,Medium,Canada,LinkedIn,39.004222548797685
0.08951801688162661,10.27207318636583,2.779058710211433,Medium,UK,Instagram,35.7541644447763
0.7103463376164499,6.5159262143994,1.3645431587723187,Low,India,Instagram,75.6634109775952
1.5455208383874601,8.686148259846917,3.644299954387454,Medium,Canada,Reddit,57.49006617292995
1.2697524777512794,9.29800829559505,,Medium,India,Instagram,37.80547607746173
2.4642859789240665,7.480954796070717,16.0,Medium,India,YouTube,47.74932069774145
4.417921061940174,7.680683427616938,5.170129938127559,Medium,South Korea,Instagram,76.54278980006275
2.7713731700851185,4.925553140188333,3.404920074979163,Low,India,TikTok,77.71349273649976
0.3467113647571567,6.42575420524103,7.148286887452122,Low,India,Twitter,50.54054819795681
2.1937767540397393,8.860511436494994,7.872602683947934,Low,UK,YouTube,59.85648381721122
1.5724877675064313,7.591018645555601,8.674881897128907,Medium,India,Facebook,61.80994299093723
1.027617162287608,8.051012162165524,1.3281444135665375,Low,India,Instagram,89.59336469866403
0.4435495011852233,7.699736369524576,16.0,High,Canada,Facebook,29.56285156009414
,10.788005916444646,11.935113872800564,Medium,UK,Facebook,36.9082635096931
0.6908659186928221,6.854220253217099,5.372437830980635,Low,USA,None,60.00797774371299
0.0020192614414348367,9.908115064479464,3.931076951901242,Medium,Brazil,Facebook,44.55932844964805
1.808646661039122,7.700254833310098,10.93953636665056,High,India,Instagram,28.80092445806605
,10.041298461871197,8.14363604635982,Low,USA,TikTok,45.418571811354866
2.785003088294763,5.662532866112775,6.393542475688382,Low,India,Instagram,79.23909278970919
2.9485575724084923,7.776978311446291,7.964552672852789,Low,India,Reddit,77.5092903415501
0.2008676095452406,6.909469824114796,,Low,South Korea,Reddit,52.510404870183564
2.432639675247837,7.709208503775059,7.699207176213729,Medium,Australia,Instagram,63.813270160903464
0.6461025043528856,9.333564393999191,9.354127694836285,High,India,TikTok,18.579751626793044
0.491234983772374,8.068214408036917,7.433450295161156,Low,USA,TikTok,50.17662372811243
0.906344214153266,9.330574035040406,7.2034000159248786,Medium,India,Twitter,38.24589504131964
0.4081508039065491,6.494668360089082,13.953300565042392,Low,Canada,TikTok,44.66141271986466
0.4791481956087257,6.265748313714425,2.3203910519495863,,India,Facebook,52.194998154681144
,7.524157609705899,3.7481809146620986,Medium,Japan,Facebook,59.46126713867575
0.8321259766607232,7.442021732413372,6.146829445637158,Medium,India,TikTok,55.19687217114012
2.984485631944752,7.221210946763711,3.9043036715339334,Low,India,TikTok,84.81480525440857
1.513918863450753,6.062052411493972,,Medium,Japan,YouTube,50.10588768063514
2.2960289973531007,9.297977384777832,13.100430204866486,High,Brazil,Facebook,39.40155564212681
0.6413089086530864,6.955744199049769,5.532376198874984,Low,India,YouTube,67.01600948524957
2.0292174373668486,9.639117183319023,2.018739654705507,Low,USA,Facebook,78.56313348819637
2.085339289393933,7.519115047806087,4.692638303719448,Low,Brazil,TikTok,79.48772665198292
,8.472643396221066,6.264306603943394,Medium,Canada,Twitter,63.12712977257334
0.544739073277706,8.336564464445523,6.195441126917618,Medium,UK,TikTok,41.71224260101946
0.10581702145853539,6.263587889473722,8.445404648052767,Medium,Canada,Facebook,43.77355678893936
1.0801495488476993,8.050804382328733,8.041640823174628,Medium,Japan,Twitter,45.62443478659307
0.03816581249012362,10.392499416700659,5.566154056659392,High,USA,Instagram,23.294907259600002
13.756927847929775,19.433968935873253,2.957002673668565,High,India,Facebook,54.5404295895525
0.10416893648882627,8.851915109339512,4.642794505273279,Low,USA,Instagram,64.50096286426799
1.0182444910440935,8.539907766888277,4.163408401231332,Medium,Canada,Twitter,49.548515067606594
2.4437945015201192,7.960574487547481,5.098455844968978,Low,USA,Twitter,90.03630725720168
0.6236647101465885,7.77971807658712,9.1586713693795,Low,India,TikTok,65.19856186600356
2.145249779978261,8.32097333868195,7.709564105599212,High,Canada,None,44.43238990014997
1.6705122555690695,8.64492381971342,9.918517139767854,Medium,USA,Reddit,46.5625176433158
0.22165512424010025,5.471753914423391,4.804486062661243,High,South Korea,None,23.71196589410366
1.7223731459196667,7.870954333644682,14.954562855123072,Medium,India,None,48.025082472889565
0.8174320896701627,7.223883178879024,9.058496051619054,Medium,Canada,Instagram,42.83492492619494
0.5962490055074732,6.912709734522437,6.4710657005909535,Medium,UK,Twitter,44.69189208641926
1.6180815149061287,9.44394656854286,8.688566366896838,Low,India,Twitter,65.35597401440852
3.1337234699965792,6.40028062790422,4.03313404031392,Low,USA,Instagram,78.92679678214083
2.9199774942370444,,1.7070171155115397,Medium,India,Reddit,76.36407480864113
2.137135863135598,8.69357433807878,4.203771836376358,Low,Australia,Reddit,76.70006615628431
1.4951883044255114,5.369409215169166,9.473270244406558,High,Australia,TikTok,19.02657283649743
1.6043957320722,4.608085383062154,6.3479353849840745,Low,India,Reddit,60.21072344352414
1.731637982987376,8.862401534984947,5.572809450159829,Low,USA,YouTube,73.60423658235831
1.0338489277306648,7.738083375843733,3.637497544818378,Medium,South Korea,Facebook,49.44603059612588
1.5941673020910043,8.209079441053165,1.87105885726859,Low,India,Instagram,79.83382457472847
0.19504614914410612,6.836358637830567,14.223668495298321,High,Brazil,None,6.045553873387707
2.565400176791986,5.423390802586471,5.3402002641197015,Medium,India,TikTok,53.487728530004794
0.4154230277863793,5.721319179573499,4.67522463036233,Low,India,Twitter,54.357383001657766
0.7466476869666155,7.0917166508530745,4.04310208334443,Medium,USA,Instagram,53.71959781606671
4.560183903597943,5.591395713122937,12.841902878942575,Medium,India,YouTube,46.426604071338055
1.3630733764790401,7.96057936056848,10.265723060825675,Medium,Brazil,YouTube,42.99166567796828
0.2839038955145302,6.806313092948372,3.386023829947627,High,Canada,TikTok,40.550862512008095
0.019653570769287594,7.777554071047958,12.166980657171957,Medium,Canada,None,44.588405496793364
0.18469756131750292,7.732722192339646,5.545338964259995,Medium,Canada,Twitter,41.9405997083221
0.2619426772698488,8.080199331636791,4.19408285214732,Low,Canada,LinkedIn,71.38582064920178
1.007866838167653,8.249223790933499,5.0724937872242535,Medium,Australia,TikTok,56.32384153742953
1.084940204071142,6.9841491138311325,3.7811252468761247,High,Canada,YouTube,31.469361306540037
0.7116711210560558,,2.73867366230541,Medium,Germany,LinkedIn,53.99464912832996
0.8084145174040294,7.854012192630262,9.637662300872966,Medium,UK,Reddit,26.650045628887046
4.133187966575283,3.8566645363599523,5.299312443923473,Medium,India,Twitter,56.79620845857628
1.6157977595555257,8.469788618789234,8.761137255307371,Medium,USA,Reddit,43.76042947389682
0.9885236766025599,7.724913294330377,7.18738925983685,High,USA,TikTok,34.50900412601971
0.47894033609435666,8.346073297865356,8.40750422207652,Low,India,Instagram,69.28322855069494
0.2615401453255285,5.5697346068291065,1.772530021674508,Low,USA,TikTok,70.90562456697182
0.2547764887517229,7.02634023725641,3.5964377813058372,Medium,India,Facebook,45.31744680004062
19.19292890446126,16.867330660607163,8.513208114229322,Medium,India,TikTok,37.452188739749786
0.12654649482028718,8.616902064319312,2.815392218545533,Medium,Germany,Facebook,57.971190850477775
1.4014895421582614,5.392325186897259,7.567320564394598,Low,Australia,Instagram,51.83890835329421
2.852829757214073,6.107017827116518,2.6263032577694427,Medium,India,Instagram,73.64056505695048
0.6165859251122133,8.301471192407972,6.109631070479004,Medium,Japan,YouTube,62.13205247802596
9.497988839754143,6.555938201584128,15.894835360424674,Medium,Japan,Instagram,57.600843945343144
0.6078612552217912,6.1074140148164116,9.628814074864259,Medium,Germany,TikTok,39.14057950529361
0.7394679639790569,8.860079144310275,1.9928293871808291,Medium,India,TikTok,62.83350361742462
6.861902892844144,8.921567634887802,10.064585164456018,Medium,India,Instagram,53.52823782422841
0.7010790891369452,8.583106788811499,16.0,Medium,USA,Twitter,39.727158357223125
,8.77306451091044,16.0,Medium,Canada,Twitter,33.6810302084552
2.19729873164411,7.152631081592915,8.044957056201211,Medium,UK,Reddit,60.52616224283285
2.590028909817551,7.193110538045077,2.6680504726753234,Medium,Canada,LinkedIn,65.39691246782328
1.8972705054827603,6.527878082199596,7.8523023894868125,Low,Australia,Twitter,68.16386286535118
1.1880732084336059,7.751593751573966,15.76228654115978,Low,Japan,Instagram,64.16955075805245
0.32151772171098303,6.708152509011228,5.407284857725316,Medium,UK,TikTok,41.428327783376936
0.18353764188574476,6.8504006911095345,11.312014078644758,High,Brazil,Facebook,13.264926046229915
0.039704986180718695,8.39985065097435,3.655519439716122,Medium,Germany,Facebook,48.730973967800914
1.3590589601682008,9.27680886827157,7.564089263895065,Low,India,Facebook,57.39285510740126
2.271445595375131,8.097390381405143,1.358324956345271,Medium,Germany,TikTok,75.1681788191606
1.2958316275352395,10.191473797863852,3.4205411546057816,Low,India,Twitter,63.46455423012911
0.14249782114822435,6.441726641950877,6.027471553628646,Medium,India,Reddit,35.61543039958713
0.34908269146829024,4.743038041186113,4.864607147731074,High,Other,Facebook,25.337810315454867
0.6486001373391626,8.571941834384331,2.772167495140468,Medium,USA,Twitter,59.058405871006805
0.17347882575856755,6.342249671029903,4.48261365366785,Medium,USA,LinkedIn,42.082723517731694
0.7817583526541072,7.089461637336955,7.372766648783122,Low,South Korea,Twitter,50.94787790804059
,4.845305234818314,5.744618179497162,Medium,India,Instagram,52.95798167481428
3.113903226601024,6.151184628981261,6.274931332452546,High,India,Instagram,44.58662916718887
3.5438529724415337,5.246658875131146,9.385643943955564,Medium,India,YouTube,60.83410073436547
3.3846635638361438,6.848545104869545,4.923907288047977,Medium,USA,TikTok,67.4224278404021
0.1520468754792131,6.908172759175574,13.674143719138227,Medium,India,TikTok,32.527952977513365
4.275706211660854,7.6349406173223135,3.3415586517596427,Low,India,Instagram,88.02710868661751
1.6375913889945761,9.359584446532763,16.0,Low,Germany,Instagram,58.87943917124634
5.135377148259121,8.515359397346728,11.796739483082128,Low,India,Twitter,90.32139918587862
0.14542990962734414,5.066745545684279,4.886133677204499,Medium,UK,Facebook,35.47024231106417
0.241183623765346,8.412023153419284,5.0855784412784475,High,India,Twitter,38.94907286321797
6.436483448714636,7.66763204616219,6.848580160615943,Medium,USA,Facebook,67.00224637106164
1.5795267796397183,7.353260351945853,8.664225684756367,Low,UK,YouTube,69.2576579902737
17.19081636083751,16.09703172980914,11.666587243989326,Low,USA,TikTok,55.04479950934504
2.5444673404443092,7.806828642129383,2.70647013105775,Low,India,TikTok,97.54131832870237
0.18956666984098913,6.462169813479652,7.865338491137702,High,India,TikTok,22.40699361574882
0.4247348379064213,7.226473713713038,1.6990876805719415,Medium,India,Instagram,54.71727816601014
0.00943553469663469,9.27590868583775,5.439133192177645,Medium,India,TikTok,45.89056604725078
6.3793287009035335,6.4441413233617,14.473906872101875,High,USA,Instagram,39.49611580726229
0.8221439970068816,5.955168035737357,2.584248062336392,Low,India,YouTube,61.1978224159339
0.06976093638546078,,2.3174265594105274,Medium,India,Facebook,40.277878127175434
0.015206963233396913,5.8041503148654785,6.90659712382888,High,India,TikTok,28.202057773626915
0.4156700069621274,4.915825317818492,13.907906599163939,Medium,Germany,Reddit,24.874413204584528
,6.9832992343877756,7.3539476968621145,Low,USA,Twitter,52.43075088274824
3.3888817593737244,9.672932826845885,1.9294389513456394,High,UK,Instagram,55.80858804759016
0.11636759989310103,7.442093856184661,2.2036673552881565,High,UK,Reddit,45.51249552945761
1.510260144440698,7.76786564167232,6.415056847993568,Medium,India,Twitter,52.66534436898679
0.6736333750289955,4.304777462773312,2.9815835393463126,Medium,India,Facebook,46.37604604467243
0.10753326955557027,8.157188238661421,6.566702318953764,Low,India,Twitter,57.14160682424158
0.38746108961811593,7.640048791964688,6.8045878462668945,High,USA,Facebook,23.37436768342102
3.1852617799172966,6.502627757940968,4.509316065673467,Medium,India,TikTok,72.2436453665435
0.3180195649847635,7.770075707103561,16.0,Low,India,Reddit,57.1394820957809
0.9347945885295439,7.75518242573694,8.62168311831569,Medium,Japan,YouTube,41.54828504317958
3.285884851130738,5.910768107463097,12.51533293337389,,Australia,Facebook,36.45428709745358
0.850969358383324,7.997780590169865,10.510229856992417,High,India,YouTube,27.283921162676847
7.114428046960365,9.295703133790731,5.52871745029716,Low,Brazil,Reddit,83.22101771731933
1.652193092750931,7.158087786789725,5.383461932990248,Low,India,Instagram,81.2476939183934
0.8944255777315026,6.198608696344339,5.060311172260628,High,India,TikTok,30.679710000404505
2.471147638712205,7.233629895297407,9.10352181691223,High,India,Instagram,37.29467469708062
0.9464565442687594,8.781919792596643,4.0950580522447035,Medium,Japan,Twitter,53.32975252932944
0.9414552228961268,5.660521741054092,16.0,Medium,India,YouTube,28.462655231356493
1.227461396797003,8.367837388176271,3.8669976997985045,Medium,Australia,YouTube,50.070039018907934
,6.482978312219279,6.880456788222043,Medium,UK,Reddit,42.370231959969345
18.902368862819408,19.336638468622542,5.272747177438857,Low,USA,Facebook,72.51102080421668
2.1497037471475826,6.6535030874316545,4.615979145708219,Low,India,Instagram,75.28395675147873
2.0248760672757973,6.649474567377658,16.0,Low,India,Instagram,60.48337465679831
0.05820534554400346,9.784642374352572,4.6486060253069335,High,Canada,Instagram,22.211908275052764
0.8390687509445061,5.386370114199762,5.038796638660639,Low,India,Twitter,59.92305107725517
,8.228049266318317,4.0613679116795,Low,USA,TikTok,67.7155798058997
0.3926624924409272,10.09698661638193,6.200465497120238,Medium,India,TikTok,41.626648924967
0.8652559124895299,8.528282889709235,5.6928794783333725,Low,Australia,Instagram,67.19509703654226
1.8559250672622731,5.503354471441227,3.0908561433468944,Low,Canada,Instagram,74.10275971518446
0.41440392627269684,5.577629236626892,4.689744396962176,Medium,USA,Instagram,48.4952939900845
15.65217961763745,,8.7216803990665,Medium,USA,YouTube,37.598607477165494
2.45298908490513,7.736861867279812,11.203117745006749,Medium,India,Twitter,55.974408858058894
0.38078535437537764,7.838914041133578,6.137394894117449,High,India,Instagram,23.345894764795815
0.5868330992908091,5.592455168550461,6.26762111021369,Low,India,Facebook,59.66291707580158
0.48292271252095265,6.19086381232955,4.87150515920171,High,Canada,Instagram,27.95879857436823
0.2694194971049214,6.28277626952997,4.475128108099243,High,India,Twitter,29.49469608728161
2.272104004663811,7.228879787827661,3.4842617386431654,High,India,Reddit,45.017189187818666
6.545849600822921,10.477043185936612,2.3774068324012347,Medium,India,Twitter,79.59767780149454
0.17051075501560692,6.100219401564829,3.969070735097118,Medium,India,Instagram,31.471208250164068
0.5896673667986387,6.034563250296317,10.406511545894725,Medium,UK,Instagram,39.296154188218246
0.5544076408268381,5.800289557284234,4.689611927577587,Medium,Canada,Instagram,46.03819236969933
0.289342006751608,8.453316856863347,4.915476955987168,Low,USA,LinkedIn,53.68630727794094
1.089147194694422,7.437987605467347,4.8583986132670045,High,USA,TikTok,49.50111833499427
3.3901597424537586,6.155660177745062,12.766500598706124,Medium,UK,Facebook,55.191468143635696
0.07913835121522955,6.955806624332502,3.4658934789369535,Medium,UK,TikTok,36.000017262995854
13.666041739010273,14.101440859723873,7.143708241138634,,Germany,Twitter,57.18505170172804
0.5932184983847615,7.943836921783868,5.806165207757642,Low,Germany,Facebook,67.67825644082785
3.3628492837570754,11.526564910194503,6.301300842736512,Medium,Germany,Twitter,63.70667749161556
,8.326296608538355,7.004902382368882,Medium,Germany,Reddit,44.690830299002606
0.42960485693195527,7.3605172273389545,6.260743601006943,Medium,Brazil,YouTube,31.99249468197596
0.05069441192087521,6.502536768768071,9.735832311552763,Low,UK,Twitter,52.371224682450205
0.006460772860383157,5.484899877172726,5.9443762421826785,Low,UK,YouTube,52.621355879615145
1.941775254518812,8.600534597104554,16.0,Medium,Canada,Instagram,36.96929401438345
,8.51903126754948,,Medium,India,Instagram,69.10417077441338
0.9168774680722154,6.800848504963791,2.1769392368320393,High,India,Instagram,44.3388980483617
1.329362147985229,9.320000974413928,8.872762712827045,Low,Japan,Instagram,56.549404937144566
0.03399702646837153,7.531660408327627,7.65422729772507,Low,USA,Instagram,50.12663579973976
2.414997951580596,8.662141103092702,6.168939968702218,Low,India,LinkedIn,73.20041264686755
0.9993023500683951,7.944295503049517,5.177162936770998,Medium,USA,Twitter,53.20192448586643
4.044220023360935,7.234296180183542,1.7010208317819568,Medium,India,Twitter,79.45823472145966
1.4543816928159568,6.06767308303877,1.8811693207974851,Medium,India,Instagram,63.144622213841856
,7.281695111455993,16.0,High,USA,Instagram,13.737226186765046
0.010029507890417847,8.76307600334227,4.257569417339363,Low,USA,Instagram,62.66386760051663
2.918854473839314,6.737797332150859,10.798122285183435,Medium,USA,Instagram,55.74175752126967
1.5634680308250015,8.159612093404768,2.3121551062904224,Low,India,Twitter,81.9346150109065
1.5030407959558312,5.875896176963995,3.228071896015324,Low,USA,Instagram,68.43345273722629
3.30654312654819,8.670087504195537,9.090087809275461,Medium,India,Instagram,66.6934824110817
0.2883241642308782,7.969412004734942,5.688800278715078,Low,USA,TikTok,69.68425361495783
2.604199382744452,5.696833861745248,8.352829161345127,Medium,UK,LinkedIn,48.907794604217116
0.13842728737214277,7.163978214717582,6.000365958444375,Medium,India,Instagram,42.34702631791089
0.08758130522236164,8.897161363977554,5.340914118683781,Medium,Japan,YouTube,47.61892091062063
3.5174877818455434,5.611451189020164,4.022782000049338,Medium,UK,TikTok,71.80198972970398
4.029712249746716,5.893574642062599,2.9552947924538886,Medium,India,TikTok,65.10844403764054
0.22122716174146884,7.39575456782026,14.035934257193661,Medium,India,TikTok,29.121840068569917
0.4445228296244982,10.699996095648292,15.492955917268565,Low,India,Facebook,44.1270075931838
0.642367033405082,6.491132873940753,,Low,India,LinkedIn,60.37580564494425
2.9448987011716237,8.242910999378243,3.1191250780576154,Medium,Japan,Instagram,65.0647454498025
2.695120448946908,7.890203111402027,4.910305277644825,High,Canada,Facebook,49.74413314221361
0.5604731083826663,6.615720149601684,7.420608106817794,Low,Australia,TikTok,57.48096328404483
2.222308150192395,7.741700027677313,5.424409660834328,Medium,UK,LinkedIn,70.95229267663508
0.0553039807291253,6.828248006857567,8.163818713870056,Medium,Brazil,Facebook,31.80205377285531
13.343156927050648,17.283707714106825,5.87349954862963,High,Brazil,None,28.768886713900514
1.08706662039982,5.0080921458403,5.647547132935233,Medium,India,TikTok,43.387758985560374
0.9637745482254122,7.463345647700518,16.0,,India,TikTok,37.32058211792942
0.8198302561626751,8.848640259933827,4.414427036348982,Medium,India,YouTube,48.49219411533687
0.22299567894021177,7.586138662169528,16.0,High,India,YouTube,21.803444833480583
2.4667243798775313,,14.412816430103378,Low,USA,TikTok,59.20359042191882
0.35538757873389426,8.370491168917527,8.18625152592257,High,India,YouTube,22.058438429926042
10.330597483059922,19.669787868333792,1.9046931093181485,Low,Australia,Instagram,85.89884756638918
2.039600223360827,6.558111670489772,6.163436492907286,High,India,LinkedIn,41.75296304695898
0.7493465188096579,6.7706044269578936,4.442348355700582,Low,Australia,Reddit,57.395086079726596
1.0715105887433143,,6.123013730037517,Low,India,TikTok,56.7874032688658
0.9180966883449178,7.099381664852511,3.197022553282694,Low,India,Instagram,64.29546511986064
7.138933944336577,7.7189981378462305,9.52342706106472,Medium,Germany,Twitter,56.6464209113734
16.211109304998843,12.55069263018132,10.924314753979626,Low,USA,Twitter,52.420438594770374
3.4941241150410898,8.292480484918315,12.207061322659424,Low,Canada,Twitter,73.4608504723976
2.341763105974529,6.202719029793035,4.809979249953001,Medium,Brazil,TikTok,67.86538322793726
1.6532615598766558,5.340947586721791,3.2038234951108078,Medium,India,Reddit,54.21933647606367
0.06376383868823902,7.190171869193141,7.470850513425828,Medium,India,TikTok,43.43373601657554
0.7893061977676961,8.717646670241624,16.0,High,India,Twitter,27.417736443388538
3.683977232268382,7.169075494958419,6.306833832206238,Medium,India,None,65.8431160084104
2.0713658124840184,8.312976262508393,7.9357530488920585,Low,Japan,Reddit,63.901375554882186
3.1792476076309804,7.228311826121717,5.254295499613509,Low,Germany,TikTok,83.25187746209612
0.7224980328671703,8.575500652073398,4.47236734789366,High,India,Twitter,34.63320987009928
0.028321288491825945,5.104112965941509,8.979691819308629,Low,Canada,TikTok,38.33669789099523
2.847999576393982,9.90627318021915,5.676642447731996,Medium,Japan,Facebook,61.746402722514866
1.0541308302047632,5.8312748276644335,7.706882393015601,High,India,Instagram,18.243085284385042
0.45566626479935424,8.690598494594665,8.203034234025422,High,India,TikTok,21.006130484329375
0.9155551627523928,7.091724007996567,7.452206056193099,Medium,Germany,TikTok,40.00049952199276
0.6127879594333144,7.326258149449649,8.454621302961279,Medium,Canada,Twitter,39.799660152024785
0.3546671135811591,7.138347141044777,3.626240948494108,Medium,India,LinkedIn,46.484316510885535
0.8709705525465407,7.88340687757724,3.495870400083801,Medium,USA,Reddit,54.249572087155734
0.2939900065693098,8.186286814921342,5.89690145615828,Low,India,TikTok,62.54183622361424
4.4895899156800105,9.087542267734602,5.98264757240399,,UK,Instagram,78.46478763636888
0.24599383655617668,9.611923323896068,4.422062888065967,Medium,UK,Instagram,44.48913161110991
1.343459482746718,,6.990836205018669,Low,India,TikTok,62.683024053741626
2.835180652636749,10.070511358752457,10.43254720734513,Medium,Australia,YouTube,45.25728835576044
2.1103708212031993,7.639458814233717,12.335818756762356,Medium,USA,Facebook,60.644944061107005
0.7603406352081288,9.116160543379387,14.116680658525501,High,Canada,Instagram,18.13105915319818
1.9599777408075074,8.143079509359222,2.7486750681141063,High,UK,Instagram,42.70367417408704
0.7664407208599125,6.676193052861951,3.0107850411685204,Medium,USA,Instagram,55.01997643956373
0.6076207382868959,7.771851231569766,5.0845816968055875,Medium,India,TikTok,47.6970715639485
,8.254757816263687,6.348203913351819,Low,India,Facebook,63.43816890644298
0.2534545887106317,7.451702802896089,5.2432901771219615,Medium,Australia,Instagram,46.27854751534529
1.1308133549009436,8.119284776996334,4.342353151106808,Low,UK,Facebook,75.462866053937
1.4117811728734782,8.798044438990342,5.039712596138282,High,India,Reddit,40.0046761003761
0.9070210446978229,7.4649402870061605,8.084820518472254,High,South Korea,Facebook,28.77111689258488
0.4041066839973566,3.084168496976279,2.7243409125996663,High,Germany,Instagram,27.498277317717196
0.37239376834236854,10.017405227240056,16.0,High,India,TikTok,3.818818378524126
0.018511231417246823,7.053612854669507,6.126331533510918,High,India,LinkedIn,19.41927384503284
1.5787869265102183,6.265079668751554,11.36465881910124,Low,USA,Instagram,51.56513947253999
4.353198056878497,5.813834556520773,4.2716367303906475,High,India,Instagram,42.11202685806582
1.8136914306120222,6.995331146499533,8.53870840316178,Medium,South Korea,TikTok,46.747150885040554
2.72020979545666,6.655878253024527,6.424087797746415,Medium,UK,Twitter,57.434572720169335
0.480418113461618,6.394485804172963,10.115663218931672,Medium,India,Reddit,37.29478898332821
1.4939733249738483,6.4768105952331405,5.369913762707772,Low,USA,YouTube,66.99288457626187
0.016179076233911908,8.294614236089734,15.347278167829746,Low,India,Instagram,47.885919193006664
,10.545545161504652,2.471354773348534,Low,USA,Reddit,66.49566904096191
4.585664644615189,8.730857397022351,,Low,India,TikTok,66.81659114481211
0.725115041628516,9.183897277131855,6.496293953641815,Medium,Germany,Facebook,49.278565813775046
0.7545048242951877,6.933884952829891,3.2838088419075646,High,Canada,Twitter,44.61244116599884
0.947991677268384,7.656998048325867,16.0,Medium,Brazil,TikTok,35.15109560813225
2.045403305137005,8.13972360634543,16.0,Medium,India,Reddit,58.904611283247476
0.18966848272339026,6.510663159535845,1.7431216422325468,Medium,India,Instagram,47.84728348703242
1.4742844819954746,6.861404894176324,6.726605495648094,Medium,Germany,Twitter,46.6607985975868
2.647511452794365,8.781827937499616,9.238666276253712,Low,India,LinkedIn,72.32008254022423
0.7885452356905375,9.135439132650163,7.885478354688741,High,India,Twitter,29.863130168373985
1.1434516135250068,7.601115404272887,15.019025513452043,Low,Other,Instagram,57.195753899400074
3.3476219677104426,5.70726422883191,13.257714700052047,Medium,Australia,Instagram,49.0976331987366
1.3622429164080438,7.0566120251735125,7.093028595986203,Medium,Brazil,TikTok,55.2535843568084
0.1829149881637562,5.338003298241192,16.0,Medium,USA,YouTube,22.698836733989687
,7.6128036147520906,10.61329980922512,High,UK,Instagram,32.905651780610896
0.37054074338498927,7.883104666907128,4.899588896352158,Low,USA,Instagram,73.71670972388071
1.1974110639694935,7.093934368443335,4.343113308395048,High,USA,TikTok,33.41182637973904
1.5283497076866888,7.862566833574807,12.756040215092716,Medium,India,TikTok,44.38381736042331
0.6963818386307064,8.12535185862576,3.759280054051163,Medium,Germany,Instagram,60.79712344854238
,7.8852930643606856,4.731096682170575,Medium,India,Facebook,53.69051890633322
3.70347981702905,5.697704561554605,5.239661332945983,High,UK,TikTok,52.16175286338163
1.5683918114464657,7.120103511730958,7.4886761728941735,High,Germany,Instagram,28.691436544903404
1.0843640918680566,8.114764467399402,5.386657066548254,Medium,Australia,Instagram,56.35478729153076
0.6133057719731332,9.868067656959,2.745099884545157,High,India,LinkedIn,34.145392381641784
3.34201131291706,7.092111374641954,12.149011917225437,Medium,UK,Reddit,67.7305303469097
1.2828572249349448,8.326260300672164,4.746278373950709,Medium,USA,Twitter,61.13900969233924
4.973436263796572,8.817227867885736,16.0,High,India,Reddit,41.61949547010685
18.985389013627376,12.973970309578354,7.260102914998819,Medium,India,TikTok,46.822008271088784
2.596700884710179,9.22261162123101,12.940015548306263,Medium,UK,None,51.15459936407833
2.1617896785297215,9.303260747146345,8.833196101361619,,Australia,None,68.49335922527627
1.0588146605509954,9.570577101091786,13.316898103419629,Low,Japan,TikTok,47.90670600890405
1.536045787355114,8.187648253478297,8.518185918091497,High,India,Facebook,42.06839518886889
3.8501503058722215,11.040205874486304,6.966418867384375,Medium,India,Instagram,48.7994928813415
0.3273848525402968,6.577075330853488,11.657391648862248,Medium,India,TikTok,32.95259927144105
0.02295542071425197,10.686116379268409,16.0,Low,Other,Twitter,35.31777884681238
0.8650732316929217,8.65244923298765,5.145496349490639,Medium,Germany,TikTok,51.66118534358588
0.24641231631309612,9.510580999540078,9.746967321092315,High,South Korea,Instagram,21.50164994946649
0.3262809670618646,7.019943368187433,6.03063942950214,High,USA,Reddit,20.051695530943604
3.9248983809521594,8.766712054445644,8.195911335489088,Low,India,None,75.59598188153981
0.806855734891869,9.640461245496544,6.204625948368213,Medium,UK,Instagram,37.182651053425914
0.2660143798010953,5.868962034414192,1.6575726423511992,Medium,India,TikTok,48.06311913568245
1.3516729682577706,7.255010577276871,5.364954898106908,Medium,India,YouTube,47.20907291588028
0.0035872464377763023,4.288120967653218,11.02023406684886,Medium,India,TikTok,20.99011043506935
15.756771776387794,12.700606106550001,3.822390552756852,Medium,India,LinkedIn,48.746055086852714
0.7715304877462715,6.27598770980987,10.512529861259733,Medium,India,Facebook,38.01180743014201
1.5812693751820148,7.173348468049897,6.754206517992093,Medium,Japan,Twitter,58.60082313370545
3.3123306032381166,11.88546503640699,5.393020844699234,Medium,Canada,Facebook,56.028828284848956
0.03142410965541882,10.076705260195798,10.417522364891692,Medium,Australia,Facebook,31.412846763574954
0.8536807643105473,5.340828694949051,9.103135604900057,High,India,Twitter,25.34721509934706
0.24859330075858527,8.333607452399107,7.7860077356327615,Medium,Australia,YouTube,36.578781946039676
1.8989901466449886,8.698396630588856,11.128842054757701,Low,USA,TikTok,69.57326247895448
1.1393132633676475,6.993154369943115,6.833650368246365,High,India,Twitter,32.81830205134428
0.5749398051298713,7.7674614047378245,2.2551136712180364,High,India,Facebook,38.13969649253577
0.2566129341803761,7.913973311122497,4.821704402916456,Low,India,Twitter,66.14684764992872
1.5683414903613753,5.480082940707209,2.049013681373002,Medium,Germany,Facebook,56.984053818385675
0.7184572322493534,5.953005968870778,8.97478425571688,Low,Germany,TikTok,43.08766206482102
2.036555549508506,7.758445077661485,10.357593307060666,Medium,India,Twitter,44.820977215175816
1.1854886456737792,7.64910379197265,10.64426601992188,Low,UK,YouTube,66.26689598628055
0.6172853024941352,6.437155926874096,8.112911618473163,Medium,India,LinkedIn,39.79750136363538
3.0102557662671545,6.308435790219233,10.813064485357932,Low,India,TikTok,74.72476052677139
1.553507868395143,7.365331125493191,2.349113439150138,Medium,UK,YouTube,61.93373814248333
2.0510110411672313,8.82922642947491,5.671535242280025,High,Australia,LinkedIn,39.90419945369528
1.1091856961025615,7.385271343579695,2.5884271330817,Medium,Australia,Instagram,51.526930194711355
1.3701190662652258,9.934096245953473,4.879302270647378,High,India,Instagram,40.866196426377904
1.3284182482119427,6.456269178506158,15.954661467680364,High,USA,Instagram,26.5055841071181
0.7962764521383654,7.789664702182239,11.657413265170876,High,India,Facebook,23.49114431716231
0.533880134857458,6.968556856343991,9.001320095740482,Low,India,Twitter,48.67867046730409
3.122976540782961,8.381941419619665,5.425054051785288,High,India,TikTok,60.527759488494866
0.5835355558585864,6.327618176662206,3.332901111380512,Low,India,Facebook,63.76009872168382
0.1914769461890362,10.391096630990633,6.768074366967435,,India,Instagram,34.21459205075335
0.7741827348248055,4.964081395385991,11.780027339879657,High,India,Twitter,11.045933982680538
1.5085622730850798,10.07322035952037,7.736295021114918,Medium,Canada,Instagram,42.39758173008367
2.544049895872271,7.634982703663249,2.3363398228333616,Medium,India,TikTok,75.80209459680056
1.1990878287343711,8.32863687262037,6.441532890512178,Medium,India,Twitter,45.092121765015875
2.0816206942795574,9.501787354637937,1.919381665131934,High,Japan,Instagram,51.25104822119992
3.226038378294585,8.786492242749103,9.801253639210778,Medium,Brazil,Instagram,62.128822225179164
2.4988629625052154,6.404959668310408,3.991612765683907,Medium,India,YouTube,63.20791684625032
,8.400134332893902,2.904110537420692,High,India,Instagram,46.10945267315698
2.7412899948815026,10.301210958951925,9.882429651186131,Low,India,TikTok,69.72239772341399
2.623709831220518,6.169062431758766,8.462348218570462,Low,South Korea,YouTube,72.02796955635942
0.45727229047389517,10.677642766790967,6.954850831268238,Medium,India,Facebook,32.87420133256891
0.38190835161692677,8.078553728952846,16.0,High,India,Instagram,22.563860107235946
3.256243136465542,,8.855156119619998,Low,Canada,TikTok,74.99159399730506
1.596396829055283,6.160065923087618,4.108367887778542,Low,Canada,Instagram,67.79176992302261
0.9997648622375643,7.165069388387588,8.260807313683664,Low,India,YouTube,56.49084777744389
2.587882238777344,4.567082503394257,5.095478582005141,High,India,YouTube,36.41612472295431
,6.877133296411818,12.936532597252551,Low,USA,Facebook,58.731018192356935
0.1830257978046302,7.105609134216582,7.160546637645778,Medium,India,Twitter,38.6298227292876
2.3748368896801626,5.88837952633137,7.5985236518022505,High,India,YouTube,41.89928213723677
1.505510167304152,8.62176779235654,2.54614118915611,Low,Germany,TikTok,73.84464578719859
0.062092029112371404,7.171850568315919,6.276490405910395,Medium,Australia,Instagram,50.00178767863437
,6.5463081830783585,5.848823251622357,Medium,Canada,YouTube,38.367393118882035
1.273978302671185,7.011999097397185,3.272230710745125,High,Canada,Twitter,43.324130570107535
0.4947645038958355,8.03266120997377,5.296780102810477,Medium,USA,Reddit,41.42190707598242
0.680486623247335,7.609831815700491,7.857366238679767,Medium,India,Reddit,49.82280955064703
2.644348072735954,6.448537367868633,6.033879922523461,Low,Canada,Twitter,81.53033338672736
1.8089820785229862,7.688480211060666,2.592804698687772,Medium,India,Twitter,60.80740773926936
1.5285996390434904,,5.134948941415086,Medium,India,Twitter,62.961390123807746
1.871629719867212,5.790803665276782,4.568500927951701,Low,India,YouTube,63.02856205297915
0.9218368271028283,7.067242959739109,6.794463666102731,Medium,Australia,Instagram,49.817843188058355
0.9297066019936859,8.369007405631333,6.368217079870185,High,UK,Twitter,33.60123161902726
2.930971979529162,8.358207389844763,4.7257778074569465,,USA,TikTok,91.88177114011927
0.06598740636096681,7.155053501394909,4.6163388487171195,Low,USA,Instagram,61.853223473416854
1.682651628376452,8.515159192178965,6.298638839242758,Medium,Germany,Instagram,60.311320352236194
0.23942630794390113,6.030066754523068,10.78100784247912,Low,India,YouTube,50.224460829115394
1.6034216281400604,6.076518242710011,7.150514510481889,Low,India,TikTok,60.80200213306202
0.12350789144957981,7.123117555059479,14.208517307418163,Medium,Australia,TikTok,32.33601702761292
7.011314670993317,9.746349204130704,11.940244525831554,Low,Canada,Instagram,62.458694427549034
2.4823116543964097,7.744877439807309,14.850143042969151,Medium,USA,TikTok,52.33788137348193
0.2291951865583341,7.086951285501342,13.75189442631892,Medium,India,TikTok,42.8167314192463
1.27839002650667,9.816207001809971,15.452483118047002,Medium,Japan,Facebook,41.74120460427248
5.865725652052225,7.069592347194693,3.0286419378501424,Low,USA,None,83.48376684261324
0.605956615144446,10.85209985592899,8.921425709702454,High,Brazil,Instagram,24.292902407778804
1.783331388438805,6.7330753145688815,12.56596956188733,Low,Australia,Facebook,61.14396825814893
6.624276897539994,5.982406906123048,14.005027791576177,Medium,Brazil,Reddit,56.081750029038005
17.498099723067938,14.600311465896432,3.8097695897993247,Medium,India,Instagram,64.67895401910118
0.44521169735730887,7.1263736087444745,8.974868791705166,Medium,USA,LinkedIn,39.72880818831445
17.974041239070853,13.270794843036096,6.32887084653557,Low,India,Facebook,58.74675159026973
1.455065823585816,11.402961117237655,16.0,Low,India,Instagram,53.563479023877065
0.1857657897030712,7.977939851707875,2.6316868419528916,Medium,India,Instagram,43.54699136850899
0.556920112775211,8.196374360507376,3.8130380168322855,Low,India,Twitter,74.21720952151665
0.11592692976749877,6.807181099294618,2.041367048059282,Low,USA,LinkedIn,66.55055517871227
0.34963850717766465,6.633495922882306,6.598021109763776,Medium,UK,LinkedIn,45.01336035799538
0.7308069367256698,9.03833753357655,16.0,High,India,TikTok,22.485109733282876
0.05897790373463746,4.986237341115359,5.890818950793903,Low,India,Instagram,53.90848486739836
1.2817886503430755,5.785703290814447,6.427720681438181,High,India,Facebook,30.408560925886363
0.3759226699343623,7.1290372415886685,8.416072431593722,Medium,Canada,Facebook,39.88798264569346
1.2313164485708967,9.526570958451467,5.641927198447763,High,India,Instagram,36.663230244506686
1.7736071107678484,6.938224540545789,7.535427844985477,Medium,Australia,Instagram,60.49639683205311
1.1684228703064083,8.124227335911295,,Medium,India,Twitter,52.71496191887135
1.3045219453381762,7.541593019082137,3.6424845181572896,Medium,UK,Twitter,52.912072129352204
0.29592767583421975,9.444387619405212,5.717730569442457,Medium,Australia,YouTube,39.4756456423755
6.324357509445801,5.122915472680618,9.441923838964005,High,USA,Twitter,37.876872351527844
0.559148752526301,8.603944805584165,10.560764483597659,Low,UK,Instagram,58.356140515877506
0.4507068422905013,7.201651605386104,13.185279180976353,Low,Japan,Instagram,46.80138067840731
3.3944967167606803,8.887326290879113,7.398384311368105,Low,India,TikTok,89.15412213971348
2.0295850301457516,6.271076840849527,7.489270728344801,High,India,TikTok,36.47582980819389
0.23319072926573925,7.5365896047942575,9.48878826611776,Medium,Japan,Instagram,38.392750600891354
0.09037952095376398,7.346239933630974,4.233960620361122,Medium,Germany,Reddit,41.252726880950505
0.5772209915312362,5.996346793019381,,High,UK,TikTok,36.85290313126426
5.772346951698599,5.579380480579554,5.613201787874747,High,India,Instagram,44.05559658054273
,6.629382957205286,2.8150763401077303,Low,India,Twitter,77.52673379490032
1.0611440531893859,7.694896693492499,7.722517894669906,Medium,Germany,None,46.376479866743594
0.019874097698116492,6.3646316635432605,11.352627576830841,High,Canada,Facebook,20.531406993984326
0.6375244954514355,7.004889655458273,3.9510201567406322,Low,India,Instagram,68.57091781209061
0.5362100471358993,4.671303968274644,7.854522762164307,Medium,India,TikTok,26.89316316290456
4.377018130943176,6.944025119274405,4.147564810802713,Medium,Australia,Instagram,67.75529359235568
0.03393158772802855,9.03537996993751,3.2872610117081673,Medium,UK,YouTube,54.959613167714416
0.025129252355312666,8.557770488955125,16.0,Medium,South Korea,YouTube,31.788046986961255
1.6475525877531823,7.369617094459285,3.3156713380712373,Low,USA,YouTube,80.17177353022103
0.20609522375158343,7.865479087521245,2.8078200775028193,Low,India,TikTok,73.11687312466815
0.7199453273205868,6.257609406608764,6.8814489862239565,Low,India,TikTok,39.49243947638014
0.14420520380069188,9.9366580249371,7.107232212451249,Low,USA,Twitter,56.96088373994454
0.29931490971018704,10.601643759770859,9.028076068069785,Medium,India,Reddit,25.155996630714956
0.6230446625823609,7.74723544605896,16.0,Medium,India,Instagram,37.170358335005766
,11.386028754092239,3.795143074332148,Low,India,Twitter,70.7275259675965
2.035674871098043,6.479726442696987,4.275657523445709,Medium,India,None,66.74978441221566
1.2183861892336219,5.623381139896571,15.883539134254407,Medium,Germany,None,37.70451359116298
0.03764357125658741,6.435564368858823,10.627811157059686,Medium,India,Facebook,32.68560078606189
0.7531850102965139,7.170764602387514,9.77715754915266,High,USA,Facebook,28.155453232923872
0.2695678611061633,10.968099826804444,4.246430648671854,Medium,Canada,Instagram,46.81860668223425
0.2838213255191879,,11.88804094557543,High,India,TikTok,26.370708875356605
0.9494260909368433,6.210516280793968,9.795368697714167,Low,USA,Instagram,51.48756326448584
2.002886821186404,6.152311710633844,,Medium,Germany,Twitter,47.999983433003884
0.3688657298449107,9.210033168064921,4.259038002880838,High,UK,Facebook,31.18743458727932
2.2863764206692565,8.995952622463554,6.449594964491618,High,USA,Reddit,43.819213793003314
2.027912047169286,6.771782720469584,16.0,Medium,Germany,None,46.04509040132889
3.882016032214225,4.686323825884267,3.1381057339516683,Medium,Japan,None,58.83892134093268
2.948991595057832,5.807109682936073,,Medium,Germany,YouTube,67.6446605919368
1.0738353679443073,10.081865756249314,4.150872441259645,Medium,USA,Twitter,42.0471004515933
0.32908210855822206,8.533211826824205,4.728023764360526,Medium,UK,Instagram,49.10668752784867
1.7090320145962186,7.598192063337458,5.9927954420928815,High,USA,Facebook,42.830536627387836
4.569358301504876,10.303249759726587,10.752546571816907,Medium,India,Twitter,51.3632046371084
3.060141217992837,10.437489409217275,7.979282288643279,Low,USA,TikTok,74.03904038234617
0.5754768650827072,7.446090597058052,6.274567951532874,Medium,Germany,Twitter,50.29478772895739
5.433220588810305,7.4736423592025,7.1434516581355485,Low,India,Reddit,91.14933198891566
0.3954118690051688,6.626929976831885,8.796857682822225,Low,Brazil,Twitter,48.09031173320858
1.153850948698288,7.0730950687722975,2.2055489443360727,Low,Other,Twitter,76.40598132609158
,5.270512536299819,11.506942110861644,Medium,India,YouTube,32.826544717586515
2.9293242951287826,,3.684564122070782,Low,India,TikTok,79.12179762220306
0.8910208008243558,4.916011696641148,4.636194029079192,Low,South Korea,Twitter,51.877456947688614
1.9839119032575996,9.126505510379166,7.4206094729834895,Low,India,TikTok,61.896369955558036
0.7273181053809991,5.157896665631155,5.782039662363443,High,Australia,TikTok,25.02736469953724
0.31623954787360287,10.424943448059231,8.102383394702365,Medium,India,Instagram,24.694714513434988
2.406170090423047,6.404433163200892,6.586991709707716,Low,India,Facebook,69.72858732671533
1.110199024755679,10.106024860173804,5.08553699551723,Low,India,LinkedIn,59.505952266092386
2.433922135100982,6.952418485701788,15.138707910891654,Medium,India,Instagram,48.79116382532191
1.1317388309575576,5.150719843619284,9.251996066391726,Low,Japan,Facebook,55.188434634160004
0.6283793974770621,9.425668347098204,7.251949977245463,Medium,India,Twitter,35.802808782931066
0.7309971492783047,9.602798441449838,9.166100078863701,Medium,India,TikTok,40.8705289840674
,6.140923499599484,3.962211402504563,High,Canada,None,49.801727038342506
3.2098133371865467,7.002521600103824,16.0,Low,South Korea,Twitter,68.77632275681067
2.887680217451401,6.141306095158532,3.1500479638797723,Medium,India,Reddit,70.11927449048937
2.1839420345843537,7.319209958313421,6.4746930106307365,Low,Australia,Reddit,72.19090108273879
0.27278507949732245,7.661743721161282,5.094411898502093,High,India,Twitter,28.63088693446306
1.5485606581267253,,4.979609004211874,High,Germany,YouTube,38.97977787787203
1.0488420449281606,4.77166290691372,4.60639680009796,Medium,Canada,None,35.07822762796838
1.4099039058158591,6.628681027364967,3.8075045446869495,Medium,Brazil,None,58.181116593271
0.7925835524296345,8.555278145331062,12.341965972980073,Low,UK,TikTok,38.61030568624726
3.012082112808365,7.186650686106126,2.9363823287855824,High,Japan,Instagram,62.94240173994472
2.06837586860138,7.008839058657442,10.915003811610188,Medium,India,Instagram,50.65867293896713
1.5179056931422115,6.103835182453853,8.927377161535123,Low,Australia,Twitter,65.24731734192554
0.7118773219354326,6.584922946203575,4.8136966391328535,Medium,Canada,TikTok,58.910854331076486
0.9395389726441372,9.61342215987294,8.32750898696469,Medium,India,Twitter,44.922705472545616
1.436365350308406,5.790334114796838,5.502819456710008,High,Japan,TikTok,30.758185453020328
0.004411356566581358,8.581234645027845,3.1248809825978054,Medium,Australia,YouTube,60.76126174290386
1.0649370309843382,7.570582831355287,3.144767017736804,Medium,Brazil,Instagram,52.97024372973161
2.024890732414212,7.867215994682103,8.964433455225802,Medium,India,LinkedIn,43.74338803576737
14.578032070632581,16.861135033434465,8.689732829481075,Low,Germany,Instagram,75.67513863032849
0.8082384422918396,6.972333950928125,6.9950786275581445,Medium,India,Twitter,47.87533768952205
0.741214534359955,7.491419729742064,4.783105761418594,Low,South Korea,YouTube,57.558543007235684
5.740423956301693,6.7189995530862054,5.396448650054292,Medium,India,Instagram,59.608080577484216
0.27837744865091374,7.997148156054824,4.976207753654031,Medium,UK,Instagram,52.53151798479587
0.9326708791677549,8.186158524184606,2.120885136773674,Medium,India,None,57.06469590201606
0.9456735618171359,10.759059935429882,6.276119968662606,Low,Canada,LinkedIn,52.20810435165018
1.5573135673854228,7.917285044043557,,Low,India,YouTube,76.26741953682134
1.3048321459145653,,6.300098569748552,Medium,Brazil,Instagram,51.95592538598395
1.3033348424392415,9.24452862125802,16.0,Low,Brazil,Twitter,56.18237627377401
0.7048602155153831,7.194194037545711,3.3110412372284794,Low,India,Instagram,68.38558734243777
2.131947971503024,,4.068757905137402,Medium,Germany,Instagram,61.32441272487605
2.4379239508823796,9.706386678757962,6.552268970751713,Medium,Canada,None,53.48913935694064
2.352365946401816,6.74209892443265,7.00244998806683,Medium,USA,Instagram,45.12857246189374
,8.582854175806762,1.9333897799506203,Medium,India,YouTube,46.45803334083427
1.3588996845996169,,8.685185863006218,High,India,Instagram,28.226510245917165
0.40589447040724314,7.504036239622041,7.021592918281742,Low,India,TikTok,63.118711380371884
14.587356356413354,19.254496260607898,1.696155524106802,Medium,USA,Instagram,64.78162216245316
1.3610003190426823,9.169500309069765,5.64050972764971,High,USA,Instagram,41.15853083921139
0.8705156868458006,8.84280874332936,3.724285743881504,Medium,USA,Instagram,58.83134408511353
5.049297028215313,7.6124844478692415,4.6089775435012,Medium,South Korea,LinkedIn,78.85769727126338
0.45316106344691554,11.225135850121823,2.710517372937735,Medium,India,TikTok,44.87977442852054
0.0758773964010866,6.952469390209366,7.76567364765537,Medium,Germany,TikTok,38.38208917776937
4.748726821001714,,16.0,Medium,Germany,Twitter,48.17279858342515
2.9195930110401833,5.377951057186013,7.092331603362367,Medium,Australia,YouTube,53.84570494041359
0.21665159034402517,9.711011595183514,1.6559411848572758,Low,USA,TikTok,57.889163574186114
0.8300384327224215,7.385020620229794,7.180418170634817,Low,India,Facebook,67.08926496541577
0.26654988819106895,7.738586247081138,5.382843276784269,Medium,Brazil,TikTok,45.71083471277724
1.3107132138166915,6.686214180113494,3.1248693651029686,,Australia,Reddit,70.21314739128665
0.24783273347894774,6.820946281051215,7.479562484020734,Medium,Germany,None,35.85945106065463
1.4533210618715455,6.319356208576058,10.255958326860371,Medium,India,None,33.20205417461967
0.5540100519199648,8.206726219995133,4.0507575413091335,High,UK,Facebook,38.050565651894985
3.978127197687063,7.353930123694349,,Low,USA,Instagram,94.35690365943056
0.9113827526882754,8.152508066705101,1.80940245656031,Medium,UK,Instagram,58.63108604647907
1.4748025382358465,8.009157577976225,4.057588955341817,Medium,Australia,Instagram,66.80582313931174
0.5266632547042661,6.8611818995506555,5.510734505940894,Low,India,Twitter,59.039140582823464
0.9469689240194581,5.311904062045819,4.438855894490498,Low,India,Twitter,53.06295699669461
0.07637398022422932,5.181300606000963,4.014973489057968,Low,India,TikTok,61.16725242187613
0.49450130140460374,12.0,8.505727127179986,Low,India,TikTok,42.68400596959894
1.2591325581319261,9.717260166634965,7.986044873831624,Low,India,TikTok,62.55532367545828
0.4323486377397812,9.510273850336821,6.819294642519338,Medium,India,None,44.80375536432415
0.25554187543604606,6.488089789519657,9.87387786697628,Medium,India,Instagram,26.581450448368365
0.05105388889341502,7.5142646006446805,4.080483916315142,Low,Canada,Instagram,60.654710869307856
,,3.1369922508551413,Low,Australia,TikTok,71.3389783168021
3.043785808426434,5.531876857251164,4.4220341071427764,Low,India,TikTok,87.59879620466181
1.8588828219509146,6.616839719436449,4.242778397167414,Medium,India,Facebook,59.047907953832706
5.13029059946456,9.489277445144369,1.7668995189285293,Low,Australia,Reddit,86.48969203484276
1.8458867253688043,8.761118050385955,4.3608143448921295,Medium,India,Instagram,69.23226647989617
0.6824698181051878,6.044927997566967,11.73892605877169,Low,India,TikTok,44.50633618195986
,7.027775924763787,9.781687922530493,Low,USA,LinkedIn,71.40405116304481
2.1133479369076555,8.623684757904872,8.290500275363637,High,South Korea,Facebook,36.54687944530068
0.9566858363181414,6.643542907218994,6.5467636345425655,Low,India,TikTok,62.20611309686607
7.56110563950419,7.6193793672490955,14.430429196421649,Low,South Korea,Instagram,68.75025689926723
4.580637514104231,8.102771170597219,3.2023959469906735,Low,India,Twitter,89.70962056014483
0.1875273744379818,8.086395827766196,3.390928327492187,High,India,Instagram,34.5408286808996
4.704521453462464,7.881218141535429,11.876684164138874,Medium,India,TikTok,62.83606352757933
1.2276439543250177,6.519454239326235,6.15068180394194,Medium,Australia,TikTok,49.33833633575077
1.5112584025507814,6.673538118721777,4.044237448874934,High,USA,None,46.07462982886677
2.147937079828334,5.799525222719062,8.42458971093588,Low,UK,TikTok,58.19132348415008
0.25912289373120595,5.157995109746592,4.650244612187598,High,South Korea,Instagram,23.037097125630034
1.1161363037635719,7.327876887464656,3.6600788932595694,Low,USA,Reddit,75.21555848624497
0.2766862774280383,8.724389421880787,3.599478278351956,Medium,India,Twitter,54.610737587607375
0.8472956507540103,5.42957640876908,7.33699689559675,Medium,Canada,YouTube,30.92525782423976
0.1508734574469596,7.909459866186386,6.844800397494304,Medium,India,Twitter,45.32180616707376
0.9285665638916514,8.676946820075091,15.029997839117328,,UK,YouTube,20.654494270810794
0.30941549991569123,4.744899346767982,5.083227792502393,Low,Germany,LinkedIn,56.29335671249504
1.078551427364928,7.094128349795672,5.031460655484234,High,USA,Instagram,46.72879810717905
1.5884721210561095,9.96931530068756,14.350433033719561,Medium,India,TikTok,26.770925037611107
4.280588274781465,8.32791152663606,10.928653220375699,Medium,UK,TikTok,55.40861313065684
1.3701183629542604,4.694314276406567,6.599137655627845,High,India,Twitter,27.559213598186656
1.6409259136223668,8.487509193617417,2.371191013955277,Low,India,Twitter,80.2301717346895
0.02663195237400475,6.378394808657507,3.716889381179706,High,USA,TikTok,34.13266599151115
1.443237050570189,8.53696039513914,3.214086310724948,Medium,India,Twitter,61.75816114111272
0.8072111563853656,6.464877350098839,6.18341721548297,Medium,India,Instagram,42.20995059694505
,7.4204513333820525,4.459315733480706,Low,UK,YouTube,67.12178808379478
0.3969036842177678,6.693685847155576,15.827405071201,Medium,USA,TikTok,27.007301996860388
0.8093237933891566,7.504736584107758,2.3564062234260366,Medium,India,Twitter,54.888772124191675
3.182110853979868,6.649079739133482,3.013783209716273,Medium,Other,None,69.23637100196197
1.4382371258450868,7.164692637668283,7.0060724855202015,Low,India,Reddit,67.5682482663389
2.4900092233935682,5.736592487533984,8.271878502520844,Low,India,None,64.40311285985368
1.0512281716680092,8.235989393120986,1.2810989464010463,High,Brazil,Facebook,46.00865041435285
0.20959824393431775,7.762927812965888,2.13561338354166,Low,India,Instagram,65.34288223010267
0.0006435549469000875,5.075201738843774,5.164652311877958,Medium,Japan,Instagram,31.88118276060725
1.0290761469030767,8.98937499030289,13.648452959273737,High,Canada,LinkedIn,21.454945144721947
1.247738057384187,7.235568060518255,16.0,Low,USA,Reddit,53.18354819329257
0.5690518376212258,7.742643594353865,4.717606180994261,Low,India,YouTube,70.09453754476891
1.1888440697989753,8.646842508043779,5.4608901824570015,Medium,India,Facebook,60.111378989283395
2.298265730593356,7.992363363539976,3.6615279963396277,Low,Germany,Twitter,78.32144615716466
0.8482549243798244,9.24780473769135,8.84563254908699,Medium,India,YouTube,45.277008665365734
1.872511967068246,7.060056716691884,15.136631765407492,Medium,Australia,Instagram,49.68650629395784
4.670758148308397,9.051644079340559,12.853452373152004,Medium,Germany,TikTok,56.69276680322281
2.644712539284164,,5.9452919201264205,Medium,Canada,TikTok,72.66533944142705
,8.261450136760036,3.657869876098266,Medium,India,YouTube,54.85829362394635
0.39047903581326654,8.105443759196856,6.079474142917436,Medium,Australia,Facebook,49.51285726258148
1.2082302204127706,9.361095487964288,13.852587283503022,Low,Canada,YouTube,54.8400788712308
2.990280398896683,8.582118560338941,4.7573450069991585,Medium,India,Instagram,69.94716496845611
1.664622692142617,6.8355817795352305,2.0355022256789015,High,Brazil,Instagram,50.86554633007935
4.047250597648487,6.5380994340002285,4.874387463338975,Medium,India,Instagram,67.19853813195762
4.2854680988139275,7.425368778607751,5.117082988608998,Medium,South Korea,Twitter,72.23935531850515
0.9990134984523751,6.359847838381129,2.028346853167129,Low,India,Twitter,68.0115317110948
2.2957634775836775,5.92171169801048,6.953341943612912,Low,India,Twitter,64.47670049629888
1.0115507654197893,4.307921296052937,8.195644035587947,Low,Canada,Facebook,44.4631868864369
0.0029685451230907402,5.176105863256934,16.0,Low,India,Facebook,36.90418405821327
8.41634822995001,10.478109541667287,2.719842096578076,High,India,Facebook,58.35437936072354
1.360367129753413,6.5152496255553345,9.377496772258988,Low,India,YouTube,54.18916953848199
0.9809461984449082,10.355190449731717,10.806001677995273,High,Germany,Instagram,21.689112141394585
0.13638496292995922,8.10473190173337,8.262874740828005,Low,India,Twitter,56.34219655926227
14.28445652449352,13.90656625167923,3.306595202650705,Low,UK,Instagram,65.8080075330052
0.48378763894773436,5.249092324768149,3.1932652785043882,Medium,UK,Instagram,51.42941989549866
1.8461832900759965,7.507003343364073,6.412941457295664,Low,USA,TikTok,75.44568194325163
3.1828894121969347,10.338275650452344,6.38599043132174,Medium,India,Reddit,59.69083176642883
0.11338891285185364,9.836455116025109,4.324686729274433,High,India,Twitter,27.343881068789234
1.5208836466876003,7.911357979046368,13.131083529748633,High,South Korea,Facebook,32.28113389295669
0.14344942627745966,5.776997451142476,4.756675740892827,Low,Australia,Instagram,47.71620764261894
0.6128837091964077,6.0642519821262715,1.9421188223015964,Medium,Japan,Instagram,48.17997464474742
7.808961983119877,6.22111223491131,5.288666270468313,Low,Australia,Reddit,81.97536078191804
1.4976734894044852,9.41723239104405,8.070084950638241,High,Germany,TikTok,23.22261944044804
1.0532984652598567,9.947580654163138,7.4274061383991405,Medium,South Korea,YouTube,38.32942703136527
3.291450676060178,7.793839252451378,7.392999598626683,Low,USA,Reddit,78.73013647264462
1.827042141717722,7.045379346715269,14.826163270437148,Low,Brazil,TikTok,75.31612772790501
0.43819432518886314,9.823065744991474,3.0991431094627226,Low,India,Instagram,66.83412009404643
1.2433290655732396,6.032139688702568,4.691606170979931,Low,India,YouTube,70.83288497985798
1.2838706995800357,7.577734991400549,15.287452941982169,High,USA,YouTube,24.55616945755877
1.2991584627717705,8.194448999319196,,Medium,USA,Facebook,66.78033593361664
0.6123698565295069,6.205799089235401,5.857854039630478,High,USA,TikTok,19.276647567576063
1.6225287439174343,6.546128667913039,12.646148079277301,Low,USA,Facebook,55.51167119333587
0.849658895864013,6.429393631218595,12.533558795397694,Medium,USA,Twitter,38.04167533139181
3.755179036430591,9.625090283982129,8.989613215587019,,Brazil,TikTok,63.93771643546753
0.4723857408921385,10.371550915585631,9.127242119907221,Medium,India,Instagram,33.44046166443675
1.674116890696413,7.672188795354842,3.23939351698477,Low,India,Twitter,81.36356368480754
1.596568049304556,7.097672119435819,13.789483692101943,Low,Canada,Facebook,56.15071670225054
0.6994330798524394,6.600238387510055,2.9445705211072415,Medium,UK,TikTok,48.460967993552536
0.3121639789068061,7.502619470175493,3.051862891838707,Low,Germany,Reddit,64.30192354186913
0.1359012626995074,6.674667372844816,7.634859059412003,Medium,India,TikTok,34.96398718099289
1.5286575162088214,7.354454636467169,4.500512605264128,Medium,India,YouTube,56.81192706653029
0.8166818094817134,8.119849234505885,6.848420347142513,Low,Japan,Twitter,66.48105042128289
15.445770908442562,18.562170442866083,7.83389825521082,High,India,TikTok,25.905226107982624
0.7516272922350937,7.215617906078854,16.0,Medium,Canada,Instagram,45.886120684511056
0.20738373244510777,7.221818272391543,7.847811878449332,High,India,Facebook,31.90118462404477
0.9141944546295919,7.023654847910792,4.17401923738388,Medium,USA,TikTok,54.154133369140546
0.022778196816116213,6.837828184475684,9.07835287668337,Medium,Germany,Instagram,31.114485595497086
0.6888214114501643,8.64329490440521,3.6727749001626973,Medium,USA,LinkedIn,51.0890479303347
1.09206084638085,4.843895956535336,,High,India,Facebook,17.69586366659438
3.5521703496686063,9.861419788501895,6.288840740513733,,Australia,TikTok,64.29079311555334
0.20643214547439434,,7.693118974837221,Low,India,Facebook,55.226814668962106
1.3526184269689172,8.415026363979772,2.0784192186317276,Low,India,YouTube,76.99914635976921
0.6536912189066936,8.587616674723314,1.5676107467935192,Medium,USA,TikTok,60.72375269087716
2.4458048646888084,6.437911259954143,2.4575021810635658,Low,USA,Instagram,82.51953598616517
0.40180433375359925,6.128462165731138,16.0,Low,UK,LinkedIn,42.86767093031129
0.7886853646945952,5.951596073019259,3.0377196119747936,Low,India,TikTok,66.08676579283546
1.8729812629962446,7.129397955257117,9.387564436989054,Medium,India,Facebook,45.006184574364084
0.6166210280331712,8.548807037326544,4.115890938483106,Low,India,TikTok,63.68971943238852
2.3742328359012714,6.624356962168764,5.238221018840662,Medium,Brazil,Twitter,60.37085192992114
16.03646331332799,19.30742928079237,,Medium,India,YouTube,41.55595599506142
0.4230853852075103,3.9481181717082015,16.0,High,Japan,Facebook,3.512162654909434
0.03629448618465144,6.921649197037126,8.590898410470134,Low,India,YouTube,54.72827675946205
,9.250706051417344,7.621855806390363,Medium,India,Twitter,49.65994589227515
0.7751743943799807,7.243543066450597,13.171021287643432,,Canada,YouTube,47.392375747550176
14.996976250393098,14.673186320091467,4.1374592087535405,Medium,India,LinkedIn,56.266669576509855
0.13400598703691424,6.514735166793605,11.4845859735551,Medium,UK,None,26.02747161426577
1.2666781588503075,2.9579661553976795,10.389353263244075,Low,Brazil,YouTube,45.76408794487292
0.47429342968180044,5.982297044382118,10.31851256065659,High,Germany,YouTube,12.140438115132568
1.5816036362748336,9.085862058768873,5.512344205060812,Low,USA,Facebook,79.3952578887411
11.409273453465293,14.489100281789787,4.653460156391291,High,Canada,Instagram,33.173728495783244
0.718972603559425,6.803183456998162,3.589833465192178,Medium,India,TikTok,54.70276801000595
0.7727415958554711,4.002281719445389,3.727324115961499,Low,Australia,TikTok,56.02751338862779
8.378922052222553,5.053743310331157,3.4896174232662105,Medium,India,Instagram,65.8203426061539
2.961445884528494,9.285073767899629,7.539144070656963,Low,India,TikTok,73.55786344550894
0.027849326220741197,8.425941120992341,5.275103035871265,Medium,USA,Instagram,40.70223073766057
0.613027538052268,5.553841452840853,7.836874691582503,Medium,India,TikTok,37.22577480542897
3.2563960027351713,6.55414141264017,8.10701074815514,Low,Canada,Facebook,79.07303560943568
1.2896908483596352,7.456241485501825,3.203187370730573,Low,India,Reddit,69.18131259894255
1.9215627459052644,5.705808401764866,3.1460222614842537,Medium,India,Instagram,66.03304903897022
0.36916314317365073,4.493784174729599,5.274077434306226,Low,Canada,Instagram,53.748934214475405
0.13908843958107336,7.2611844188408465,3.799720706841962,High,USA,TikTok,31.473602525727934
0.43892255020709214,8.358912843259862,3.5670991993193155,Medium,South Korea,Facebook,50.884092849725576
4.762663411109784,8.38778597959493,16.0,Medium,India,Instagram,67.76966826986097
,8.812856078313219,2.4108686949088867,Low,India,TikTok,80.25492749629657
0.8104538395016463,5.169664107330265,16.0,Medium,India,LinkedIn,35.86254307494197
1.4928178483985952,7.5868528647404085,7.194564641391676,High,USA,YouTube,36.04823404080128
1.697534128896335,7.097322953656318,10.932532420440415,Low,India,Instagram,62.74714425386987
1.7067148986427023,7.3691689717542115,10.185851916353736,Low,Australia,Instagram,62.877288139112004
0.6168936748652564,7.182327549548794,8.759821310185695,Low,India,TikTok,53.891655090655945
7.3974013498382405,6.509327729088726,16.0,Medium,Japan,TikTok,54.58359647520977
0.3764334980843108,2.973314318676593,3.1599303522032933,Medium,USA,None,40.55515525298092
3.1253010068627574,9.24274353085601,5.507842431959564,Medium,Canada,Instagram,74.25737751325413
0.8270885265062154,7.994985248212633,3.6265865172755736,Medium,India,TikTok,56.27269933763705
1.2997561188762599,5.273565318695239,2.1866097421169584,Low,India,None,62.460504598407866
1.4752884256152758,8.209697479489133,4.068422486498539,Low,India,Instagram,84.01042592772788
0.26530363103006027,6.829042789497795,16.0,Low,USA,None,55.71938982079678
0.49122108314570895,6.871541525373405,5.4516590846418636,High,UK,Facebook,32.78872446279828
1.6036648185007665,6.347378097766451,16.0,Medium,India,YouTube,50.18198575144617
2.545558443153154,8.305395708978397,16.0,Medium,India,Facebook,55.78096133509732
1.3200101114420966,6.300264642725701,16.0,Medium,Other,Reddit,34.215844973888245
3.642047446118573,5.8547479708641,16.0,Low,India,LinkedIn,59.85834219303687
0.894023397645722,9.197617215908993,16.0,Low,India,Instagram,45.75327705075685
0.6985318645801002,7.231677885349913,7.352942142554104,Low,India,YouTube,59.15539522638319
2.6284699723343823,7.278770415011688,6.937884772324799,High,India,Instagram,43.466901251188126
0.0636747310760703,8.538696180414998,7.220351361361937,Medium,USA,Twitter,37.40945662460152
2.5292741822659823,6.4986199487307355,6.049873258204563,Medium,UK,TikTok,58.56945698048569
0.4401195781733685,6.797770241029672,6.618030916728331,Low,UK,TikTok,61.45681703033108
1.4500351045866133,7.958572904584253,9.500168536107733,Low,Canada,Twitter,59.94910973172251
0.024834533785995108,,4.574554362238324,Medium,India,Twitter,33.9370574712902
0.5903029963242606,,2.64699611968563,Medium,India,Instagram,55.0264746599759
4.295986879204314,6.366432811227949,7.524552034346337,High,Australia,Instagram,49.258978556286635
1.79551589154558,8.783208888682722,3.9920987671177146,Medium,India,Instagram,60.90095521916889
0.5011927140776415,8.319994990274864,4.247947399795131,Medium,India,Twitter,53.50923187378043
0.29743757974569907,8.121822535462545,5.553054083995783,Medium,USA,Reddit,55.77469299528129
0.7671948086157879,5.0895620271681645,4.839028939573577,High,Canada,Twitter,41.614600455904466
0.35671189011667953,7.34490690723927,11.775551737704614,Medium,India,LinkedIn,38.43525982800278
3.233332921704749,5.734100159378584,5.473701487203603,Medium,Brazil,Instagram,64.95893022277377
1.5557521157968877,7.444704145534461,12.137135262785844,High,India,Facebook,24.30219829542142
1.5265992073478711,4.027080484665392,6.845624912851211,Low,Other,Instagram,56.04963103814541
19.140929961043724,12.28375160033613,5.7366912040674425,High,India,Instagram,44.72325483888641
1.4939560410133088,9.283550413260281,6.652097987617861,Low,Canada,TikTok,69.64844297324655
7.567306464689716,8.053579764009841,2.7871570047377947,Medium,India,Twitter,75.85855412710104
0.6655551464705952,6.969276228780499,7.410117630048118,Medium,Germany,Twitter,43.67983733100682
1.4189889336185022,6.136885015970666,10.069525422742402,Medium,USA,Facebook,41.92561316498845
0.4055893677596956,5.87361912361936,10.962827766213234,Medium,Brazil,YouTube,39.23190431067168
1.1752792580947258,7.800233632632788,2.687726176938014,Medium,Australia,Twitter,69.7027121160023
0.8471170180842301,6.984551535611481,2.431751740858353,Low,UK,Instagram,77.96612471820428
0.29563099245258695,9.819970774975914,4.383769124060114,Low,India,Twitter,62.76133838125858
0.4713183131809131,7.2228544199844755,13.88483746365457,Low,India,TikTok,48.505331518402386
0.664502468599299,7.5880807383668,6.907344295188146,Medium,Other,None,50.03267547487168
1.0675216621721573,5.417244797916943,3.8006908625850575,Medium,Japan,Instagram,44.846085689059734
1.8133704727430309,6.958951162234291,2.5300430536352514,Low,India,Twitter,77.98656645483508
0.626699620871452,7.765487107601979,4.013270188506022,High,India,Facebook,47.934214076631136
0.38527990479423646,6.94082143318022,3.8538371831158127,Medium,India,LinkedIn,51.90084063582355
2.9681232121990897,6.771557199638652,10.605477693581571,Medium,India,Instagram,54.96627985357311
4.1692486696307345,7.990364438422985,11.106455875259131,Medium,India,YouTube,61.74001206621262
0.9103509327375046,9.772234922341484,3.2221823443601334,Low,Germany,YouTube,66.6692725596168
,7.717454055461741,9.50577621957944,Medium,India,Twitter,31.586311761501648
0.09297207322373699,9.216279425209706,8.939271866830937,Medium,Brazil,YouTube,27.208543474889538
0.47759731692467866,8.432403566278174,2.9807993748579085,Low,South Korea,TikTok,72.7253575814589
0.4286776527857045,9.126530062001777,5.752927068657839,High,India,Instagram,24.938257550175237
,6.585420114980043,7.422322346360102,High,USA,Twitter,30.30213738805175
0.20527316119973504,7.189608757523398,6.67214402450719,Medium,USA,Twitter,35.58304464865403
0.6023846032490655,7.195839643853003,2.1677187643343254,High,India,Twitter,37.58990045032316
1.9307232275250026,8.319415854845964,6.545052840276664,High,Australia,YouTube,42.78418263923061
,8.688619233317796,8.861880027780185,Low,UK,TikTok,68.20583696909439
15.661908317796172,17.24723237290504,15.607576997711506,Medium,India,YouTube,43.64844283702671
0.21398775226355676,8.815059866063796,4.050034015255559,Medium,Brazil,Facebook,44.65339134660389
0.581452494721584,6.655002784527941,4.361116515361774,Low,India,Twitter,64.90235600042546
1.0672025312755846,8.828066329348687,5.337086690260188,Low,India,Instagram,59.755494646297244
1.158800657351354,9.023714163278802,7.204670907170948,Low,Other,YouTube,62.44592433435438
0.1449149168086839,8.516244518886996,6.412252803382378,Medium,India,Instagram,47.83029885415516
0.6964077348557767,7.701254675221819,,Medium,India,Twitter,42.30709425410455
2.7942750563687153,8.569984998607449,3.0798721139262106,Medium,India,TikTok,78.95301637652351
4.346110600759516,6.158993302142266,7.676104666293269,Low,India,YouTube,77.63030805547344
4.4536547602276,7.797543396540313,3.8754848279323277,Low,USA,Instagram,90.70808425813703
0.1290956209426863,7.950765715237684,5.551119720033447,Medium,Canada,TikTok,45.709504625163746
3.948973118154739,5.505726505272772,16.0,Medium,India,Instagram,47.3512570717966
2.3858128105831886,8.211876379409281,2.614451475576975,High,UK,YouTube,49.413033944306314
1.5628514654558012,5.626771911477277,,High,India,YouTube,28.744795337854107
0.99030297519442,6.858122553135853,2.8157046123566083,High,India,YouTube,46.290325761256916
0.41356719735660696,7.559641438914448,6.6315647355520335,High,Japan,Instagram,37.536645526886716
1.3387390581182048,6.40389542305079,11.346845198759217,High,Australia,TikTok,18.92031088194204
0.18819074834028537,7.623831057930477,6.6978934821145915,Medium,Australia,Instagram,43.59705113695445
0.0946545675222947,7.59983548565433,5.640487443898653,Low,India,Facebook,52.182992787192994
3.773589219513546,6.269727540961739,13.423963053261303,Low,USA,None,63.19499233196745
0.4191064614289387,8.351961688236496,7.376516150774454,Medium,Germany,Instagram,44.80286124091959
3.490201447733811,6.353765245040652,9.892131407466168,Low,Brazil,TikTok,66.09124728504504
0.2681034386238532,10.931961562102043,9.292005735014119,Low,Canada,Instagram,32.60599929615737
0.45028176598817543,7.335781765004093,1.0770822421401698,High,USA,Facebook,51.8469994196029
0.3113787172831181,5.743058782514951,5.777659770080201,Low,India,TikTok,53.77338225258162
0.8145487815353203,6.023487350679342,3.1681737528344898,High,India,Facebook,30.167877532297837
2.916954843544956,9.221370697047451,3.678149834928682,Medium,India,TikTok,69.89495241103803
3.530286132511189,6.886272525422319,14.654561678909728,Medium,India,None,55.14075413950024
1.0030568280577965,5.454354288255048,4.831305267172692,Medium,India,YouTube,47.87273651951099
1.662502642565069,8.78056912069165,16.0,Low,USA,None,58.478470661224165
0.15276978411649705,6.876639168332876,2.5996763274547106,Medium,UK,Instagram,51.80081655309298
0.1394261804444657,,3.1575535408902384,Low,UK,None,71.01918839174792
2.491158765295217,8.90334903848419,9.55830487079875,High,UK,Twitter,30.82919109336913
0.7809856839284381,7.911695308212817,4.92920189805322,Low,India,Instagram,65.10539169088769
2.1264083086680095,11.093861093528,,Low,USA,Facebook,65.64549417350126
0.81028590997379,,5.655428634763822,Medium,South Korea,Instagram,37.2383350939537
1.1585359631549372,6.273074887092287,5.5536438241581605,Medium,USA,YouTube,48.06811521884035
1.4580521648190774,7.116074993094064,5.0402634813413885,Medium,Brazil,Instagram,53.17609609066698
0.9179803818663802,10.891760292912181,6.73754770173305,Medium,India,TikTok,36.892807503074955
0.7553345484150948,10.197003705153318,8.890497169290821,Low,UK,Twitter,47.563743488918526
0.750047130766809,9.433036301090874,15.937156832103017,Medium,USA,Instagram,28.974791660019356
0.22025053058028218,6.308814088881135,5.357473375587993,Low,Canada,Reddit,58.89956192700908
1.815495956517645,6.483727890344356,4.777020484826196,,Brazil,Facebook,76.82784395317552
0.24769204568046327,6.257159947289319,4.421694820405241,Low,USA,Twitter,58.073485869767026
0.35114101333944575,6.324859667938856,14.612397511518344,Low,Australia,YouTube,50.8558814282717
0.8159828322055069,,9.154036579794322,Low,Brazil,Reddit,49.23112968843656
0.8249583961503799,7.134349314906235,1.9359147313051632,Medium,Australia,Facebook,55.54669843373428
0.7186028185710254,7.332752753034087,1.885376580351949,Low,India,Instagram,75.41987662457421
2.6133905605464047,8.661580180385148,3.676514925322524,Low,India,None,86.20638969064628
0.5330622457843764,5.004708038949039,6.945453455424719,Medium,Brazil,Twitter,34.3559028369384
3.131296453985011,7.578968731903709,5.929369695012983,Low,Canada,Instagram,86.87539124205816
1.3325182223157417,5.854692406990619,8.238902399511833,Medium,South Korea,Instagram,35.04677505246689
1.2217815424893161,7.058377619162522,5.445196994434755,High,India,Instagram,35.87491003292783
1.4233887016551565,6.620368959061182,13.991517635668792,Medium,Australia,LinkedIn,45.692674579963445
0.35258922394409725,6.5430288809531145,,High,Germany,LinkedIn,22.767343930311874
1.380346387285221,7.838372710059547,6.337890372566443,Low,Germany,Facebook,73.7316644541341
2.4733614345919404,7.831820103588767,12.027595784131842,Low,Canada,TikTok,74.2178676817926
1.6944137920587408,7.170269116149022,2.2493836951101773,Medium,India,Reddit,62.7502248004437
0.14372482222436556,8.056026514486735,5.748593248262457,Medium,Canada,TikTok,38.02821898285356
0.7142663241546394,6.197078188719676,6.569957631391001,High,UK,TikTok,25.783617311838647
0.040762644993040005,8.52237880355914,8.681739397134274,Low,India,None,54.712216107674486
0.670627290240887,7.190701466763591,2.161711779396868,Medium,India,Instagram,60.720728436318346
0.23311069180638522,6.774504656793154,5.17456799207904,Medium,Brazil,Instagram,41.39512672257231
0.923545468798568,6.307861782445528,7.692735775634925,Low,India,YouTube,51.547892590622986
0.04853154774726223,7.137903809299978,8.055034308005293,Low,USA,YouTube,47.459735041579876
4.092265740699611,10.305958885268883,12.32559389374018,High,UK,Instagram,33.05782079806644
0.5878197721567631,7.405029344846115,9.553458155251999,Low,South Korea,Twitter,43.953332559089574
2.16299746785169,5.783394695784842,5.83277206601013,High,Canada,TikTok,36.2198993248866
0.3730532103115801,8.87822860017757,9.07010870679826,Medium,India,Facebook,37.03562311773483
1.9069936988785992,6.792107346312369,5.361167768803826,Medium,India,Reddit,56.53203794843092
0.6440630530680924,7.925638506528706,6.60656843567137,Medium,India,Reddit,46.687284387930596
1.4381823364410171,6.591509174360133,9.746238445308435,High,India,Facebook,23.05959918288824
4.113297433017061,9.421159974214754,5.887429731603395,Low,Germany,TikTok,76.73274994020255
1.6344346193498793,6.613860365031054,7.5172005977587,Low,India,TikTok,60.96229357505049
0.2139318571622989,9.596786967866304,10.770223699767136,Medium,India,Instagram,33.85170781010323
3.36461572043535,5.926109123206821,9.274780258838696,Medium,Brazil,Facebook,53.512841169183055
1.9845820528798774,7.060640421426781,12.680724866828465,Low,India,Facebook,77.953421492129
2.942405385546645,9.599993678860173,16.0,Low,India,Reddit,65.47758410519832
3.4125023302975066,7.752261337172008,9.223519267309042,Low,USA,Reddit,78.13961292502654
0.45471953102615215,10.907198912708449,4.586991989004665,Low,India,Instagram,53.99131170435808
0.5987718309472313,7.0962893261429745,8.224305280373846,Low,India,Reddit,53.9428934018414
2.153759672319456,7.88556427944101,8.014809756877193,High,Other,TikTok,49.54716794346661
0.08651981157593935,10.357723908073226,8.741715187352028,Low,Germany,Instagram,49.394716767509486
0.5683218589121791,5.229115174886598,14.835304040501214,High,Australia,Twitter,4.689586516218732
0.648635910240026,5.043374950227694,2.202367888720866,High,Canada,Reddit,27.744037418824618
3.0211058362300722,6.306737734185887,15.003789384001566,Low,India,Twitter,66.71458959263497
4.273023506240365,8.720059034209989,16.0,Medium,Germany,TikTok,54.53420007889846
0.23833120466378593,5.085223225002092,8.506600554417284,Medium,USA,TikTok,21.43940557396415
15.116370030198576,14.08494849489869,8.63031537736311,Medium,India,TikTok,45.678461447734904
1.9685945143893782,8.29006004173334,5.233148557843024,Low,India,Facebook,67.11501886460907
0.6269198142876661,10.521585349802935,6.072645814595335,Low,USA,Facebook,55.38116638552125
1.13976375054416,9.068227388268559,9.196024724288083,Low,India,LinkedIn,60.50502195732119
0.39052937779934666,8.046075356246664,8.847469055256767,Medium,India,Facebook,45.18494038907139
2.1818023852023822,9.53869940272944,9.322453433587352,High,India,Instagram,32.271917539455295
2.1304656384434844,8.308355911672301,8.811001780503952,Medium,USA,Facebook,61.33687577291759
0.8442794216145497,6.8098949180591966,10.371212969404562,Medium,India,YouTube,38.65194527737177
0.6453397489091663,5.783091334426707,9.698674260481333,High,UK,Facebook,21.277524152743993
0.46308286385721736,6.645951594460379,3.2719652584268326,Medium,India,YouTube,46.427237491978104
0.11150209275475616,7.439889188179324,9.967809254771447,Low,UK,Instagram,56.34022434200815
1.2162906311663,7.7625276080244054,16.0,High,India,TikTok,28.765647088871546
3.118879089063076,4.297206602869862,5.953765930433426,Medium,USA,Reddit,63.13929968208912
0.19478046226663565,7.170659497614008,14.875089508466472,Low,UK,TikTok,55.031648125019274
0.7912786263250822,7.542872654324167,,Medium,Canada,TikTok,57.06734287458342
3.1995417702488225,8.321306167319761,5.942574329145078,High,India,TikTok,55.88677416336472
2.5236865883045763,9.940201323759526,4.117742634313073,Low,USA,YouTube,76.23464951096993
1.9446584616820792,7.778480303167905,13.83958205581495,Medium,Germany,Twitter,45.5752745672679
0.023910162143364656,6.135655685628423,16.0,Low,India,TikTok,45.70989497993807
1.685696537535771,4.772880924597792,5.7000920734532965,Low,USA,Facebook,64.04707641618259
0.5312676632068014,,12.214660536276735,Low,USA,Twitter,44.034712773631654
2.1495567673224705,6.1963689607838806,,Medium,Germany,Facebook,44.56803448891744
0.3778741785707286,8.800255465742021,5.931331269636181,High,USA,Facebook,34.33371519855035
0.0048409130014510785,9.596130228243853,6.539436286819336,Low,Japan,Instagram,59.63430114582512
1.0522661531000743,,9.394920978148935,Low,Canada,YouTube,52.2929607144755
0.511046504587551,8.330838838138444,3.649087772764333,Low,UK,TikTok,61.05596360038729
1.3204259842146897,9.438933615509017,6.462773481300149,Low,India,Instagram,58.37851732167811
0.48951156900613213,9.028558987920423,16.0,Medium,UK,Twitter,33.071871125867
2.243992573210975,4.355430844634316,4.481652714350738,Medium,India,TikTok,59.16359185009903
1.0357753453368557,6.219521932809443,10.097579527904882,Medium,USA,Facebook,33.128908926324776
0.4387730831010219,5.579729241374365,8.283641510606257,Medium,India,YouTube,38.412997447422285
1.8942036290514968,8.285209132720576,5.483482845226654,Medium,Canada,Facebook,57.18842240043464
3.5724513195464285,8.119989935228245,6.910161820040192,Low,Australia,Reddit,84.90772483049572
3.416811870936632,3.453162183089062,16.0,Low,Japan,Instagram,52.112506306591264
5.710034287387783,7.048752568008237,8.433048130262703,High,India,TikTok,44.143322986222074
1.768555075927593,8.70107974551166,,Medium,Brazil,Twitter,42.53173166274834
1.4214855477748434,7.721963986836183,15.808019550485612,High,Germany,Twitter,37.475237950950756
0.11777171195782207,7.719400379249792,5.085298540471744,High,Brazil,LinkedIn,28.632267226871676
0.37959995720072354,6.952509469921934,3.227962244530799,Medium,Australia,Reddit,43.041199593829575
0.5443447476315795,5.911588588387982,16.0,High,India,Instagram,7.869527478772168
1.1558164754071236,7.474416264164274,6.5660541729516995,Medium,Brazil,Instagram,50.30189738587238
2.590434525396695,7.578140176852687,10.3414543303012,Low,UK,Reddit,66.7456961700292
0.913022100625576,8.422881780499434,3.828995466976807,Low,Australia,Instagram,74.28377955139115
0.43086235364021674,8.544749886443192,7.637847198330788,Low,India,LinkedIn,55.9976991559593
0.7484949895836042,7.628792128744862,3.132527946080616,Low,India,Twitter,77.50163962128957
0.054410223848494435,9.142362546877248,6.285490637529117,Medium,India,Facebook,38.225024068726505
0.45636320361098026,6.937612997796344,4.101062509899636,Medium,USA,Instagram,54.28111113384812
0.0643220072987278,5.3339631451804,3.573006502905922,Medium,USA,TikTok,36.155127337114564
1.0941772423424276,8.215580504127308,5.04363170196776,Medium,Brazil,Instagram,47.76535043635574
3.9322785896069634,7.689569331583882,1.5280090510962214,Low,India,Facebook,90.82156273233427
0.8176248393204513,8.245397273519796,3.016383319315287,Medium,India,LinkedIn,52.3747375008344
2.1053883116680527,5.603322977575608,9.67406403585613,Medium,India,Twitter,36.8680828723526
1.7476871656117798,10.186194132916567,,Low,India,TikTok,63.672794750430306
1.451663374906698,8.565753620495462,3.1755721848941145,Low,USA,Instagram,75.08977904469481
2.696427314288276,7.068004663501311,8.404137479608075,Low,Canada,TikTok,72.54197059901342
1.2672160534906904,6.096820281053032,3.571808880590262,Low,Other,Twitter,71.23323435424551
1.4629708138879651,9.115730115648374,9.32947107293076,High,India,TikTok,20.488684786871953
0.6239572399023219,5.8473453269042155,5.644132759347482,Medium,India,YouTube,45.120359665610536
2.037608808708146,,4.977491801110511,Medium,Australia,Reddit,46.262927835391025
0.320118241849249,,5.727973628951192,Low,India,LinkedIn,54.67768218073311
1.8755406876501883,10.080757821908417,16.0,High,Canada,Instagram,17.220666269379848
17.92311100609892,19.265444921247603,3.8371085004665755,Medium,UK,Instagram,75.57328653868754
0.45259438305433475,9.871120063230462,6.930522448539598,Low,Germany,Instagram,45.36465385373609
2.0329852561161053,6.397697239760226,,Medium,India,YouTube,39.684132576690224
2.113911694926175,7.52825456782005,,Medium,South Korea,Instagram,60.89679616078872
0.11219066194222993,8.70712399525585,2.324361313793122,Medium,South Korea,YouTube,51.61432601388231
1.6808525306652238,8.493115705043733,,Low,India,None,75.13322180189957
1.0757430953851688,9.151142750486825,9.54175967412484,Medium,USA,Instagram,44.206464833222405
0.9503515411911085,6.768791827797653,4.927333300164718,Low,USA,Twitter,64.83679893792133
10.99239250865598,14.569442998570835,5.266344302910561,Low,India,TikTok,90.17184148633756
0.5784276206678634,9.372582863997106,10.44853514188817,Low,South Korea,Facebook,51.03371150870568
5.778539311776223,6.442116747421573,3.7292015620230443,High,India,Facebook,49.71806655019259
1.068017632404659,8.358811591677602,5.735912297316592,Low,India,Instagram,64.43314159074691
0.12007390707064071,7.171259640333375,2.43926161135521,Medium,India,Reddit,59.10039271470591
0.14308750828705158,7.808811159873908,7.333342659471253,Low,UK,TikTok,63.183741484205676
2.5860737105955676,7.626825324621673,6.942793705496917,High,Brazil,Instagram,50.95929982558389
2.1784992368375633,6.317575273822554,9.750531329910089,Medium,UK,Instagram,51.099412703954016
1.8037043655127911,7.108960211816329,,High,Canada,YouTube,50.58358468425017
0.13680020666401513,7.717398378115059,5.391736218632344,Low,India,Instagram,63.160187991211934
11.395942184322674,14.73638102983303,2.80925067399313,Low,Canada,Reddit,77.7235194650048
,9.859103924691357,5.219157489068687,Medium,USA,TikTok,73.00993674415713
,9.014933335224542,14.718023707189596,Low,USA,LinkedIn,60.83955958848804
0.4309205116869935,7.934970747740245,,High,UK,YouTube,36.912344485166535
2.2438008024867866,6.355280725920746,2.6656504668502268,High,South Korea,Reddit,41.16605101965851
0.10685247345876973,6.26396536215307,4.023179220786867,Medium,Australia,YouTube,36.69914748531618
0.5481882908754102,10.460716552920616,2.3011957978807134,,Canada,TikTok,42.86546179712356
3.5767384104613003,5.985171845891708,2.780237269261211,Medium,USA,Instagram,73.07399553100426
2.3216237688954537,7.6707894272257855,9.048438202386508,Low,India,YouTube,68.57155980164222
2.2531290593208166,8.041423071523019,2.540167585971135,Medium,USA,TikTok,71.90054415930678
1.5839863164959762,7.033014522775041,7.296517315251762,,Canada,Facebook,58.77204468481916
3.041616518095376,5.996694353133961,6.1438132847367415,High,Canada,TikTok,43.81957636218593
0.5152538758802488,6.32265504149027,4.397706040517939,Low,UK,Instagram,54.12770217717787
4.1433815170085175,6.680242496543958,6.933813760613035,Low,India,Facebook,75.90990835576598
2.329160631418385,6.435760696353332,3.4466512048839326,Medium,India,Instagram,67.1613024297198
0.13258287680458083,9.491580589771395,10.019233948576549,Low,India,Facebook,47.360845820790594
2.515528310876726,7.486311009791057,3.9788618889665623,Low,Canada,Facebook,91.0679129048137
1.2546967648568166,6.714298348278582,4.7979074110966895,Medium,South Korea,Reddit,54.373665914018595
1.2279245622245427,7.660437065800808,4.467323218760973,,USA,TikTok,59.90442457273636
2.5552120127681848,8.501933857942372,9.149361895369823,Medium,Canada,LinkedIn,65.31389102281817
0.6668519435282142,,8.386861281031607,Low,Canada,None,51.096477293054114
0.11872377654089072,8.852971942763872,1.2548038937901431,Low,India,Instagram,70.21140905651028
10.994692696437667,19.77259960347727,7.04660374016445,Low,India,TikTok,73.26575106970847
4.859616146222968,9.25695544817462,2.1238793549695134,Medium,India,Twitter,75.86697340066559
2.2395495960145597,7.486571490341669,4.929349207193555,High,Japan,Reddit,48.77960374623153
2.3152354273955194,7.427981472372408,5.669469705233681,Low,India,Facebook,77.38851664442252
2.4251345931695374,6.460478513302721,4.897696841554297,High,USA,Instagram,39.39056278790123
7.388462792081663,5.65822480422988,8.170184843336347,Medium,India,Instagram,68.14235086785045
0.13513516365170258,4.999992096276913,9.318912521505696,Medium,Canada,TikTok,29.04094992239895
,6.355834996575321,3.8034955455457813,Medium,India,Instagram,44.79350156212434
0.477627184299818,8.381509830903529,3.72148133926897,Medium,South Korea,Twitter,62.20060935161435
1.3549677840111918,6.058082366543007,5.920484387778218,High,India,Reddit,27.911237754370084
2.1568582014334754,5.177327721413537,2.395904333001357,Medium,Japan,Instagram,64.31636384783951
1.103470640824762,6.1364020337433205,4.544025144150625,Medium,UK,TikTok,47.237480737717256
1.6778552669106364,6.922750023743527,13.583376107502794,Low,USA,TikTok,61.125506491876685
0.8970883625499818,6.98174816600647,2.4503225302043696,Low,Australia,Twitter,74.1001562378451
0.9640751301859194,7.306660637635853,4.932912500013059,Medium,UK,Instagram,40.92455346487894
0.6894614814155045,9.048909519077817,4.240238477018059,Low,India,Instagram,58.561136131994395
1.397711421481271,9.373881657137234,16.0,Low,Canada,None,63.61836077703275
0.1998558591555657,,4.38102745654224,Low,UK,TikTok,54.35267666439824
0.1264656223084873,5.062639024952148,4.536308015559846,Low,UK,Twitter,62.92941193639058
1.0405856448958084,6.2161741194954985,3.259393200765742,Medium,Australia,Reddit,59.591525848579536
0.6560185040865282,8.547727735589632,,Medium,Canada,Instagram,46.7469170284447
0.6621518484022177,6.818953176712462,7.114252974695068,Medium,India,Instagram,41.244823391036505
3.476550542760836,8.791179704773848,3.555544056782101,Low,India,Instagram,96.18850311920528
8.285041103737694,7.8106701451722405,10.94884181592385,Medium,India,YouTube,69.75778025189483
1.4413159054698905,9.868806315055199,7.1180808857465445,Medium,UK,Facebook,44.82709199563537
0.26045492727781555,9.06407417089903,10.085911622866949,Medium,India,TikTok,40.518167523747465
2.2986941071784446,9.091524939838472,4.96850347599744,Medium,India,Instagram,66.75228722900931
1.2288810287661076,6.882192586959456,7.0000031463571135,Medium,Australia,YouTube,53.87254720283972
2.1319194060764395,7.353808731047592,5.323559204585881,Medium,India,YouTube,61.667421799400024
1.5085516555547613,7.0421198136489656,,High,India,Facebook,24.87480284117913
0.17543933797062058,5.24116178452514,6.486729550877476,Medium,Germany,Instagram,28.879465016415274
1.5914930928686681,9.7076538832433,6.081506038401251,Medium,Canada,TikTok,44.17623216720723
1.5513796037846248,8.618080963264818,4.595395392773685,Medium,Australia,Twitter,68.00466889804073
5.437672423964568,6.982459313878594,4.438967577062274,Low,India,Instagram,84.88714218169346
3.5928308255883485,9.45688876118996,6.9770992132072225,High,UK,TikTok,41.00581887225155
6.524955236482414,,9.892258441416429,Low,Japan,Facebook,74.49928514626097
4.280682528938978,4.742798297317087,4.011900789097574,Low,India,YouTube,74.54708020753223
0.1834790401414642,9.011054629340421,6.527000957201571,High,India,Twitter,22.851233882273107
0.09912161044262775,5.582159650326004,6.756477636802151,Medium,India,Instagram,44.570467575783965
3.1353481239799534,7.206336801564025,7.500863219295952,Low,Brazil,TikTok,71.41967480258243
2.2838370098711076,7.80918456117564,2.171682383020629,Low,India,YouTube,88.25346528096819
0.14525795060336574,8.078198017108143,3.4734918338896303,Low,USA,Facebook,64.21094157405224
0.21397473558653637,8.772601584305693,2.665770910253554,Medium,USA,Facebook,48.20444279686353
1.8972546822664385,8.371277139401268,6.170196320638299,Low,South Korea,Instagram,65.94816397500102
0.8923321237368378,8.32483878984304,3.523363165000717,High,India,Facebook,42.32881158181091
2.041694337350898,6.313872326915263,4.4918081600649264,High,USA,None,38.990018619708415
0.6432553379479227,7.9413653359014855,2.954802124445961,Medium,South Korea,Instagram,60.48138828169114
0.43170758392504227,5.2416750449248415,4.7495889511370635,Medium,India,TikTok,40.31135395988933
4.908911416392877,9.843206547679245,3.0818739560843174,Low,UK,Instagram,83.3593622110225
0.5951051061367847,5.3961527642726645,9.532862742073645,Low,India,Twitter,41.170572597565524
3.5962764231649276,6.980340241865483,8.065024762008923,,India,YouTube,67.91232887166008
0.5809688224879725,5.521688641459825,6.620279362848667,Low,India,TikTok,56.862208757160985
0.0049223241969479,6.404750571201522,5.047206097612796,Low,India,Instagram,52.63365286518678
0.019690677823254683,,1.7813792792368586,Low,India,Facebook,61.988622491892784
1.0574102365014677,6.706862852225997,4.595492927011953,Low,Australia,Instagram,57.35805505625175
1.8061618974924483,9.216369387218432,3.831000797112666,Medium,USA,Twitter,65.69308260733263
0.15716048652886785,7.840351523944195,7.017201770344493,Medium,USA,YouTube,47.62155023730121
0.7140302892462816,6.80563540615711,8.774276372530323,High,Canada,Twitter,29.231944488279925
0.8381590539899302,7.2996271050389305,7.3505827624942786,Medium,Japan,Facebook,44.925882703809776
0.8242400379997907,9.329550685583904,12.907686485090208,High,India,Facebook,25.30577769190933
2.3490109137004422,8.863306324926699,4.301705015621573,Medium,India,Reddit,69.72056978699699
0.735349937510085,5.791843658976884,4.196011667722493,High,India,Instagram,31.21116802031621
1.3220844989376141,6.479022428790593,11.276567919776493,Medium,Germany,TikTok,37.70202512869522
1.2122260609978044,8.212184728026557,6.684088403099985,Low,Germany,Instagram,62.257430171268766
0.7293741573319718,8.03004987904056,5.2163647731127964,High,USA,Instagram,39.8046262223591
0.20092645102692702,5.924427687901856,16.0,Low,India,Instagram,46.1011915283886
0.5198054247545554,8.623689883959935,8.556047376495224,Low,USA,YouTube,53.240891705164074
0.0054630989370361965,6.163688789720406,5.396083947811642,Low,Canada,Instagram,52.764541908036286
0.8722896869456117,9.455740160784512,4.008564157801576,Medium,India,LinkedIn,50.04747146365735
1.7166783483705896,8.294173734374432,13.408751662964264,Medium,India,Facebook,51.51293717879347
1.4404443168021719,5.802113324031418,6.84965449649235,Medium,India,Reddit,38.736243201544546
3.1450130215583565,6.7063849478048825,6.139296455033524,High,Canada,Instagram,43.951031242074826
1.2360703640919248,6.680309078207064,9.077200739426237,Low,South Korea,Twitter,51.48807097135574
0.43563570523768713,7.7398150819534965,10.25794691647792,Medium,India,YouTube,36.701686396392425
0.39482231190100847,7.194034652981264,8.41421039912808,Low,Japan,Twitter,55.47557711514078
1.95815544225575,5.781766629927325,10.281902853509798,High,USA,Facebook,21.447931336252992
0.17667180644614855,5.408611280666136,7.931360743714839,Low,Canada,YouTube,50.76444708364276
0.15868657833069047,8.323535001596792,8.43959523954622,Low,Brazil,TikTok,61.1896117822398
4.787836932164751,7.929355296846245,3.900158865673111,Medium,UK,Reddit,77.03601212168863
1.0110826484490016,7.658306335807548,16.0,Medium,India,Instagram,47.335837057250664
0.9553456942925345,7.906097788440691,2.885776471373653,Medium,India,TikTok,55.47685525840792
1.5210659396879174,6.571621278712447,,Medium,Germany,TikTok,43.789189969323026
3.4820135451595435,7.775988536662716,2.7126872943546334,Medium,UK,TikTok,79.89535579875297
2.7088375923824204,11.307758347476401,5.70374374549335,Medium,India,TikTok,53.988294407235784
1.0014268730100688,9.261850681120714,4.294021975986307,Low,UK,YouTube,62.76285653568124
1.989548805928011,7.0673873235602445,6.563037457213952,Low,India,Reddit,77.90358408200908
15.002219216296195,12.738293226009873,7.426499438015502,Low,India,Instagram,60.90371072460968
3.384868658641608,3.2093409037626497,3.4082527781309504,Low,Germany,Instagram,75.82760653315695
1.6785484256615877,9.103041229477046,5.943815855435667,Medium,USA,Instagram,50.7854255315014
1.3878434987166934,8.679908030662219,13.960117769004777,Medium,India,Instagram,51.78265814829483
1.451785441375669,6.684258046085262,2.7528615698078,Medium,USA,TikTok,58.68951671361935
,5.352438475684309,,Medium,Japan,Facebook,47.0545547402119
3.482879754973091,5.767098835215411,,Medium,India,Twitter,48.15425630521284
4.545737003250273,8.166596793719135,6.337807496815777,Medium,India,LinkedIn,69.33233336355646
0.30201477556729894,7.365988899506228,6.6239572144754115,Low,India,LinkedIn,61.10936091746671
,8.537388026410921,11.171673348147399,Low,India,TikTok,58.45206337565635
0.815624058184524,7.629664707552275,3.7567671195387105,Medium,India,Facebook,53.45309799753568
0.7287668245993927,8.950138248174726,4.4299968010290405,Medium,India,Twitter,51.96740282318216
1.3858972886571634,8.05436271058837,4.114078532439432,Low,India,Facebook,78.54380743889321
0.31691286317285117,8.743193070241022,4.909038862363992,Low,UK,Facebook,55.21573322580137
18.89894480862972,12.758455460082317,13.513825208873559,Medium,India,Instagram,14.364890971544659
1.0508007349054784,5.64848164425381,2.1800590044262633,Medium,India,YouTube,48.570998318003895
0.1534391848293589,6.953472495168559,2.954911536295062,Low,Canada,Facebook,69.49002407560202
0.30430852374027056,9.119353177350362,2.6660291605144333,Medium,India,Instagram,59.874017117835166
2.103170860592014,,14.027453453586135,High,India,TikTok,22.927261102393892
0.17566190212963487,7.253646326419683,4.184386252982604,Low,Other,Facebook,56.87529236885496
4.612429631286617,6.58262990416773,4.972863406577294,High,UK,Twitter,59.572090976593195
1.642817374626561,4.5675471836132955,2.2961171329458425,Low,Canada,Instagram,65.84530130486273
2.9838952508729744,8.795345646109746,5.168426955522069,Medium,USA,Instagram,65.90975831376116
0.2876842313316975,6.6747141372082845,10.174789391650785,Medium,South Korea,Facebook,39.29600036306732
0.6104698621092909,11.937502004037231,7.041169150979755,Low,India,Twitter,53.0043318524272
2.5075810270444276,6.39089411994823,5.670524224130475,High,India,Instagram,49.118241702625824
0.8992408818033752,10.657912645290997,,Medium,Germany,YouTube,42.090702072915285
6.05761650041284,8.6225510753812,4.969050361045525,High,India,YouTube,48.79489361056668
1.992730733622964,5.95760340101795,6.60712662640192,Low,UK,Facebook,71.85698334714681
6.729359508751577,7.84821568296538,3.33644238721172,High,India,Reddit,62.64120771112747
0.41470273339299973,8.657070789825699,8.961473752676119,High,India,Facebook,19.396980708813178
4.094006678180474,7.162121711225126,10.288647757930779,Medium,Canada,Instagram,54.9256923907555
0.2324151031511859,8.756974065828448,4.405310631374479,Low,USA,Facebook,68.37307514395351
2.6931191305136566,8.72393573902299,9.351149867898576,Medium,UK,Twitter,62.909386487219116
1.2926554572571318,8.394507750891197,5.6641466152068345,Medium,India,Facebook,54.5729796796719
0.04025819843817095,7.475289947928742,12.040582136834791,High,India,None,14.788635347703401
0.02281040850600303,5.7375898660408104,16.0,Medium,Canada,Twitter,24.755377458976564
1.8762546025024034,7.38482193678715,3.1386749199590347,Low,India,Instagram,86.41796512886178
0.3560066317918254,7.764096995573764,9.599304444279422,Low,UK,Instagram,59.52384678794476
0.3059821171451732,4.685923693443263,13.236507605545336,Medium,USA,Reddit,25.162825362936008
4.294201726162147,7.753852973987016,3.3790405078865557,High,India,Instagram,57.920362873573055
0.2291440927536295,7.354798102784785,4.284173276238648,Low,India,LinkedIn,68.95573618332386
0.820326582225628,5.555060893822569,4.255336069074064,Medium,Australia,Instagram,54.259238778782404
0.5281933619823792,7.000490413962365,5.586378684174172,High,India,YouTube,23.994026915533833
2.461022679850355,7.032230479748551,4.885055741943553,Low,India,Twitter,77.44230560041832
3.089244044136821,10.395141800240129,5.371081297379796,Low,South Korea,Instagram,82.48547693178061
0.860846837577139,7.8301775192660505,10.002079255863842,Medium,India,Instagram,41.57584635471685
2.034379060494765,9.054067876971898,1.939660517665179,Medium,Australia,Instagram,64.7666778223691
0.3120300688724389,7.323277043264027,3.3725325040263234,Low,India,Instagram,67.28395801069631
3.58110663838674,4.689125224747374,9.042691349298266,High,India,Instagram,36.003294035590685
0.08115317122944145,8.508512773232436,,Medium,USA,TikTok,31.908749921763814
2.718999554844391,6.512719905618688,3.2055211535963695,High,India,TikTok,53.243048688204
1.1585840043877775,6.996599805018134,8.463994033442912,High,Australia,Twitter,30.93175375337722
1.2654050863899957,5.920543126326795,13.411602279580622,High,India,TikTok,19.351186901993106
2.3709668255791225,7.60915179588204,5.87428347752907,Medium,USA,YouTube,58.821192147933516
0.42966124843282866,9.097767542433678,3.3042958240066302,Low,Australia,None,63.09604230808948
1.5126307091898479,8.899107162711939,10.22639940601873,Medium,UK,Facebook,38.650053953983154
1.1008573365570204,9.879284261677746,16.0,Low,USA,Twitter,55.542824403211824
1.4097774062385602,10.091939186931167,3.5548604856288186,Medium,India,None,49.1051107129485
0.759309737917499,,6.193815191258042,Low,India,LinkedIn,52.259911041326276
0.16099950025026194,5.7095691586063015,11.635879455146561,Medium,Japan,LinkedIn,25.25527779886387
3.3107337688002065,4.78771263251017,6.483206569726426,Low,UK,TikTok,67.4119123354172
1.288017947563443,8.447895615584386,2.1204370014377694,Low,UK,TikTok,85.06810673811967
0.6934207126428056,6.460377324301271,7.893586791734312,Low,USA,LinkedIn,54.000990625882615
1.890263142756561,6.766229502234106,3.3626011229188353,Medium,India,Facebook,58.433523209858826
0.3388289970277467,7.175103852108817,2.8223403175206716,Medium,India,Instagram,48.529603093398535
4.391392712215039,8.073856032136128,2.145454043794401,Low,India,None,96.03626440573198
0.15711136895571415,5.272018427990316,12.357267801054626,High,USA,Reddit,14.477903966314859
1.241386562868414,5.61170480604887,3.666264178442792,High,India,Instagram,42.56602543024999
4.551920559889831,7.50194430979666,7.389068720548172,Low,India,Instagram,78.69682415022204
4.593246870670204,9.298118904231702,8.562332645511985,Medium,USA,Reddit,57.26303762576072
0.4368059971892698,7.461903895123373,6.666476062746383,Medium,USA,Twitter,45.33064517300793
,6.312510440426951,7.227856129930663,Low,USA,TikTok,51.74690293929568
0.8131299973134345,4.277686979493545,7.603653476989934,Medium,Australia,Instagram,28.74637079728746
0.3094582281348256,8.929013377590419,6.572265591796362,Low,UK,Instagram,64.64100823490644
0.9095016413012136,6.39610252591428,3.8339833098174294,High,India,YouTube,36.38657374371704
0.34583927107518647,5.778844626372418,3.634231612139793,High,Australia,None,32.47021368815442
0.05104958783019931,4.927012160311828,5.6803399056946695,High,USA,Facebook,21.037868401763074
0.44256358696048104,5.341348783287052,5.608602451783532,Medium,USA,Instagram,40.90406259301072
4.756497471095626,6.05817866931922,7.827098187460263,,Brazil,Instagram,52.64448538083589
0.1982789471150968,7.141726895708773,11.7164055134022,High,India,Instagram,18.121136746896504
0.49457556233626077,5.686887442859014,7.436075449626621,Low,UK,LinkedIn,62.51768709819528
0.8076359633356716,,3.7190556128050036,Low,India,Facebook,79.21354048972697
1.9351832035375691,7.1303283901228465,1.6344502530815492,Medium,India,LinkedIn,68.70169185943483
2.7737666367877694,10.83298843377679,3.8138442748672015,Low,USA,Reddit,74.48924641695152
1.2747890352160334,4.943335325411008,2.7001458311374034,Low,India,Facebook,55.132391051578665
4.508335669971496,7.742219145468573,3.9031217379713388,Low,India,Instagram,86.72439133583966
0.3473020721735909,7.7610074835614355,6.996193345266396,Medium,USA,None,43.93986761060637
3.0506740468759945,5.954163894115277,6.3638548657198175,Low,India,Instagram,73.7258284860388
0.920519481817177,7.642878596171191,16.0,Low,USA,Reddit,54.69725813566792
2.0136988168124934,8.654391549610073,8.08369387852315,Low,India,Facebook,71.39494638904083
0.18871738453560977,7.644737223836748,16.0,Medium,USA,Twitter,30.08690934967893
1.216547022126704,9.576694327229756,,High,USA,Facebook,26.560487499051533
1.5946891878914804,4.233468572856992,11.604860813442766,Low,USA,Twitter,47.140093472224436
2.2741753307242574,6.23664988079592,4.877626053360046,Medium,Canada,TikTok,54.53441946304281
8.060320672830604,9.712584070846416,3.174958082840123,Medium,Other,TikTok,78.58279237555236
3.975168912653336,8.868039499895776,4.621059766696935,Low,India,Twitter,88.7142420102204
0.9453726605557583,8.310767566899433,6.006716630815055,,India,TikTok,32.371120488887314
0.6116144669064199,9.349823109779189,4.149984791748545,Medium,Germany,Facebook,51.70491673956426
0.743631642216301,4.625163181947345,3.3178419128425425,Medium,UK,LinkedIn,37.20778992760542
5.420510587347119,8.693415994084232,7.768698253892559,Low,Other,Reddit,74.4871945017664
0.35445094585111625,9.096555243629133,3.3093827786090833,Low,Canada,TikTok,71.8137786168081
6.142388664035108,6.511949750736395,2.4106702747313213,High,Canada,None,59.77869769245693
2.0289818797248005,11.44385567683684,3.08560679989714,Medium,India,Twitter,56.09840191235432
0.6809139572126797,7.794523446093086,5.256086335027864,High,India,Instagram,41.420030008139804
3.254701116689889,4.210846436237189,3.3382560681406646,High,UK,Instagram,49.554136124145685
0.5718533484424695,8.07190799690063,5.2758829962569775,Low,USA,Reddit,64.76722954641514
12.441378045196176,15.199936270660814,8.673449545947953,Medium,Australia,Twitter,52.238080867882346
0.8554060780912849,9.247492910894277,8.53918720419316,Medium,Other,Reddit,32.060531113978016
1.112034255592052,8.321916050086948,4.069436161283466,Medium,India,Facebook,54.097646086846424
2.123578073394438,6.603116891585714,2.7666440399692447,Low,USA,Instagram,78.99972723904352
1.6023175633958504,9.753677877394344,4.282881029665797,Low,Brazil,TikTok,72.83527145974476
0.031082714653985745,8.909176958968965,8.965526967545964,Medium,Germany,TikTok,32.57314022605707
0.7384840562273816,6.2581200184768475,10.31416029934997,Medium,Germany,Facebook,25.020049270594278
14.500712270667696,,7.476269612049059,Medium,UK,Reddit,36.89860524823389
0.3099744593533201,8.275375186146121,12.439310137609489,Low,Other,TikTok,51.037831350748085
1.5993358261883297,6.953605105841067,16.0,Low,India,Twitter,56.2202292929173
0.8461830262263885,6.998400894229118,4.527017087956377,High,India,YouTube,31.89563906717591
1.9483948483569993,7.555087542396726,14.760252888487209,Medium,India,Twitter,43.421152517025845
0.009066988074262495,5.901302123943916,5.17412523177555,Medium,USA,Reddit,39.41131156069297
4.398639861437011,4.150851992134548,11.155238613262076,Medium,Germany,Twitter,51.114714341385444
0.4807978140334159,7.858702293498056,9.254810600012235,Medium,USA,TikTok,40.81346766058184
0.7851385838315903,4.516650076057221,1.8473735884135907,Medium,UK,Facebook,54.307287927759276
0.8364855687046644,6.010441945282919,3.388081117328013,Medium,India,Instagram,48.39349117898424
0.4683753968494097,4.842626461577142,2.9073070786657587,High,Canada,TikTok,31.06645285387782
0.836471416678336,5.027333328358045,2.076682733677065,High,India,Twitter,41.369594053526384
0.8990886614613163,8.139532761178938,10.253191162296847,High,USA,TikTok,25.84520537701419
0.004168612337942747,7.16653775240989,16.0,Medium,India,TikTok,31.82936142929802
0.6651012664964026,7.112399316797815,5.183064570076257,Medium,USA,Instagram,46.94032728540668
0.058804644413181964,5.526147324563986,10.09958161992908,Medium,USA,Instagram,28.537557649590912
1.808511373392684,6.516226366742158,14.74310020477807,High,UK,YouTube,33.04435695973441
1.617119957953467,8.06468273881528,6.855141948608484,Medium,USA,Facebook,57.29677448388221
1.3605298080627404,7.421869102040249,5.95846061147936,Medium,South Korea,Facebook,52.52835348589174
1.0536904227280004,8.734011091562978,5.220468993489444,Medium,Brazil,Instagram,44.943688711887916
1.1829979592534436,8.947638018188872,8.352286463334478,Medium,India,Twitter,44.550566481930446
3.38159931829942,7.121670212612684,10.224802946626035,Medium,India,TikTok,55.526911955073636
0.35247801023621766,4.721626071119262,7.981153450004396,Low,India,Reddit,45.93342521078625
1.3209662842835528,6.365032651400676,7.818383702152747,Medium,India,TikTok,45.06586279028351
6.1382916091482524,7.353466078690962,5.8666176561468735,Medium,India,TikTok,75.60936092778819
0.8992065512802961,6.335269421993829,2.326179645917053,Low,Brazil,Facebook,66.23723154002386
13.546702372922743,12.053567833114254,10.367022277804834,High,Japan,TikTok,6.758771563146839
0.665421939069547,7.604628426335229,2.7988956487813104,Medium,India,YouTube,51.03197308655234
0.7556022528505515,11.145454654099922,8.772583837220346,Low,Australia,Instagram,43.363424880991246
0.8164331793832638,6.767717906945437,9.520448794730862,High,Germany,YouTube,28.211250933938985
0.2275928118611934,7.495791221262338,3.051827944941939,Medium,India,Instagram,45.68812461647158
1.0858508590969818,5.531946184153517,4.200987117441784,Medium,Brazil,Instagram,42.493112838997824
1.6470676098901724,9.36510158256227,16.0,Medium,Other,Instagram,44.78566560601297
0.1735934085459968,8.812114565027134,5.767914964708558,High,South Korea,Instagram,32.96703205744271
0.30589272218638547,8.708601209198877,2.9091815715594422,Medium,Australia,Twitter,44.593589315073054
0.6756278827888778,9.539693716957117,9.781839397612076,Medium,India,Instagram,25.931376060728944
1.575365484917886,6.858987967957789,3.805300170567367,Low,India,Instagram,69.5929423272499
0.35057619882370544,7.046373270231567,1.9111126018631261,Medium,Other,Instagram,57.4991318308765
0.6590744145903233,10.064817797829974,8.263611576423731,Medium,India,Instagram,37.07042874888447
2.4405320111324422,8.449092154416839,3.4904452627635396,Medium,USA,Twitter,65.25190497642116
4.172174129014992,4.171167267983758,7.335407791407248,Medium,India,Reddit,55.043301384434734
0.5366975862416485,8.182231463455514,3.7150271157682697,High,USA,TikTok,39.89861366535156
0.33616260576069634,6.627452908845605,9.247215845681584,Medium,India,Instagram,33.54309519248453
0.6067870493640992,8.847257736984986,6.753757352051309,Low,Germany,Twitter,51.50912742836286
1.5425207828283933,8.11228570413026,1.279506998892977,High,USA,Facebook,49.83966326602524
0.13009014663261004,4.8891858539658015,7.608054771556035,Medium,USA,Instagram,39.36196546176887
0.047545106400229666,7.903245255743216,5.084319537481713,High,India,Twitter,30.60107740269137
5.984044357520892,7.8159415908774115,14.154471557719326,High,UK,Twitter,39.479798286742266
0.08467721478067876,8.04519372969718,7.668528222438723,High,Australia,Facebook,24.41406539487194
1.3844950833440792,8.363293277869964,,Medium,Brazil,TikTok,46.41107277663418
2.8494045234137704,9.743948939732597,3.9498417680433073,Medium,Germany,Facebook,70.36155546828856
0.7366278574240099,8.120833484421448,3.7657963374940264,Low,USA,Instagram,74.10062327841531
0.022466934871284233,7.534347690711697,5.957258555596795,Medium,Germany,Instagram,40.0409998117275
1.7318163867506722,9.221951331282337,4.872612904559314,Medium,USA,Reddit,63.14307767614572
0.19354536819831453,10.864111085384652,13.501562659836457,Medium,UK,TikTok,29.165360407798474
0.25593873032515585,8.872606131252134,5.517961865073253,High,Canada,TikTok,27.536512771027446
1.0935043093636456,7.809309190212136,2.9011492454082313,Low,India,LinkedIn,75.09140684737481
1.1063385620931943,8.148795824653378,3.681982948608811,Medium,USA,TikTok,62.053913242420954
,7.884065639097387,10.794434214351067,Medium,Canada,Instagram,64.90978001462555
0.09557787907959349,7.527777622909991,5.4720077326090175,Medium,India,YouTube,37.6023750172554
0.7566925992069705,10.74775624725957,5.299290476458992,Low,Australia,Instagram,57.1665391706295
4.157029755180895,6.376419938525351,11.42852635337014,Low,India,TikTok,68.35005656167519
0.16302374754265925,9.232358742364049,3.494331508866721,High,UK,Facebook,29.785756440572985
2.4823999449268883,7.3112145859491395,1.5823233172623314,Medium,Germany,Instagram,70.26924367964307
0.20709697024406762,,3.6265435776083508,Low,India,Instagram,61.97978384665031
0.9293470240460986,7.2175233846202405,6.995404637550489,Low,India,Twitter,64.48974870480072
1.6148256132578986,6.679836249369128,5.208506153090006,Medium,UK,TikTok,65.1498574383164
0.4006653399233484,8.366365977626488,2.3720207475332167,Low,India,Instagram,67.96084289217278
,7.636950333987856,11.129905991113322,Medium,India,Instagram,37.04596968928565
1.105282186725321,5.966959704528047,6.67319107561054,Medium,Australia,Twitter,45.57561987976828
0.5109251048306982,9.706511870234573,7.640085672763799,Low,India,YouTube,57.641559535945824
2.57901333722912,9.135201006713586,7.7816325528114705,Medium,UK,YouTube,63.429285010361355
1.6791376779270926,9.879083298144602,2.7756513836229724,Low,India,TikTok,74.44569778116555
0.024647665395535753,7.855446996102175,7.255264547671938,Low,India,Facebook,51.0069307812054
0.4233278578469306,7.446400397578964,10.427768228282968,High,India,Facebook,17.617833169424795
0.6540171130161276,8.555340723927932,11.99135697528625,Medium,South Korea,Instagram,38.724412094818625
0.34142519059413406,6.633787468618647,9.32555046612805,High,USA,Instagram,24.566484303349846
2.687522136589558,7.695089332079754,8.230755387901521,Low,India,Instagram,67.4716161131154
4.382194484480822,7.236483151017952,2.133037971254306,Low,USA,Reddit,85.7633236179883
0.18549572565823655,5.308448524215119,5.995679990586459,Medium,UK,Facebook,39.514327369064226
0.6039551587081768,7.691183257258609,3.407760703314223,Medium,UK,Instagram,48.60883660826019
0.14895099340022042,6.838549662385047,13.056691084721534,High,India,TikTok,10.920692383559393
0.2809665856357653,7.136171753972544,11.92011960336523,,India,Twitter,54.4751069664818
3.0045957443660214,8.045677418474932,3.4201441987671948,High,USA,Facebook,59.197086713058816
0.43218429907405786,9.408799700979937,5.885037364361142,High,UK,TikTok,26.620622274239217
1.7258408930637896,6.226844864178032,7.022404397094213,Medium,Germany,YouTube,55.999564716428196
0.7252694016170067,6.995162677305965,10.38616627154537,Low,UK,YouTube,46.467922645692326
3.421003949742881,6.352375955460284,2.213619702431379,Medium,Canada,Reddit,66.55553187638796
0.1834320708260479,6.254729118301513,1.6067710588914528,Low,USA,Instagram,73.61550797352183
0.5149404472019942,6.6081465845253415,6.189715389154728,Medium,UK,TikTok,44.24443297107202
0.9494092143641064,7.205324575777208,1.3246521631207195,Medium,UK,Reddit,64.50346536130823
0.5305041163155415,8.378807485316257,6.653502753788267,High,India,Twitter,29.539625728200846
1.4429779860979215,7.980668647177257,8.630691800365346,Medium,Japan,YouTube,49.35677684645874
0.3966707812135819,5.914714501375126,12.700583597866407,Medium,India,LinkedIn,26.313395588464257
2.1657389573154893,9.44124048587573,4.163928789936593,Medium,UK,TikTok,62.74172791175349
0.41471251579021173,8.916618459715558,6.663927248286627,Medium,UK,Instagram,47.14827282410754
4.6111934036703115,6.148221524085445,8.943311225680086,High,Germany,Twitter,41.214517584276024
,9.336166337879341,2.987891620275878,Low,India,TikTok,83.65313181703706
1.596226658728495,7.990407618894414,10.47727555165846,High,Brazil,Reddit,36.04342206538087
0.5285230035051431,7.2653170456121305,7.132097674376615,High,India,Instagram,23.216996631400665
0.07104751937140394,8.037120066718968,4.206925944696724,High,India,Twitter,34.17886497484108
0.7660212325885689,7.461343806561717,6.585223947410643,Medium,Brazil,Instagram,45.268511927100334
0.45219750341678716,8.31761798172211,5.564456460522036,High,India,Facebook,37.20313756194235
0.04703054359995771,7.780973284696751,9.660489986215081,Low,UK,YouTube,52.65684984878177
1.467961589913651,6.993860921591696,4.873069109622003,Medium,USA,Facebook,56.1733769653022
2.424019773845635,4.461259861257925,6.932734305263516,Low,Japan,Facebook,67.97330570035419
0.5916975003442223,8.29077381094789,4.1680196924166735,Low,Australia,TikTok,58.822034010529926
0.07101487448793135,6.9395170824199,3.4462762378798852,Medium,India,Facebook,44.69484561118458
0.03765610891480119,8.666919914467869,6.705443606828252,Low,Germany,TikTok,53.278525178220264
6.160451092907648,8.22251259341358,3.5322653233755448,Medium,India,Instagram,76.53795826101232
3.8061072217859118,6.978503683265986,9.780084996614058,High,UK,Instagram,44.227853235753116
0.24454625483967568,9.034482286616003,8.630820011596152,Low,Australia,Reddit,51.234851976109496
1.839536303216042,7.807262492754856,3.8226019373909113,Medium,Canada,Facebook,57.81403622878747
0.4559773801792846,7.745464271067131,6.87758971968628,Low,Canada,Twitter,62.46956076444689
0.023248799261868208,7.292833969855287,3.812099395412915,Medium,Germany,Facebook,48.46738695250277
1.038620691280938,10.025333568359697,2.3103807008533885,Medium,UK,TikTok,47.08811095486658
0.5004563001379934,6.430099906356513,4.227728704386977,Medium,Japan,Instagram,45.67771882519996
0.3463907544974997,7.015988193811418,5.869737432533234,Medium,India,TikTok,46.03085797593426
0.6507822245418371,5.643997282380005,8.27174288692581,High,India,Instagram,28.36893382562773
0.3178201183725962,8.59009661598676,6.617303484099675,High,Australia,Reddit,23.19356140393542
0.32881086315574576,6.62677649046349,10.42914998968278,Medium,India,TikTok,36.08819506354158
0.34708605748002797,6.794946627410518,3.357848015304779,Medium,USA,YouTube,44.17948616734809
,,4.825821441543991,Medium,Australia,YouTube,37.755240877232055
0.04881683689591858,7.594082874093582,16.0,Low,USA,YouTube,42.70890994886892
0.8006672928287923,5.623860623011281,1.8990465951940145,High,India,Twitter,40.17823404294852
1.5802400237276495,4.135132100846608,4.612764797746717,Low,India,Instagram,61.300002209401235
0.04187139398860934,8.186556056089158,3.1807074205445036,High,India,Reddit,35.06353188977254
1.608551631908783,4.329663440694435,5.380390512185519,Low,India,Reddit,62.02525046239137
0.9276261993345329,8.781206675966068,4.661473069584097,Low,India,Reddit,67.84660725220067
0.004136894354953538,9.83779162430272,8.682358973190254,High,Germany,None,16.528625872986893
0.17674811351027483,7.25366429409745,7.05200797659279,High,India,TikTok,24.280991220190607
0.25279364945629157,9.449239420080735,2.7638633262006236,High,Germany,Facebook,29.177997894524644
0.3181441968017871,7.463615370685171,4.250781107685059,High,South Korea,YouTube,43.22919786894694
,9.898861738616805,6.049222615763718,Medium,India,Instagram,53.33432721994477
0.30043141721812594,6.815673221830184,9.427477188051622,Low,South Korea,YouTube,57.048244772594195
0.6283332968586615,3.9526772858533175,16.0,Low,India,YouTube,36.140801086228116
3.8314150356101857,7.380132383840247,9.222788879827077,Medium,UK,TikTok,56.053918773037346
6.709007247005722,10.061944790116108,3.2953093481842193,Low,Other,Twitter,81.44172265798645
1.081690359128332,8.302452458910627,5.718421734407418,High,Germany,TikTok,43.51819342146311
0.3369938639655465,6.727015157193234,6.743544770552016,Low,India,LinkedIn,55.744189257277945
0.36462278957197214,7.993351753927097,4.429848911830756,Low,India,Instagram,64.09980855946674
0.740659333085343,8.95668725767883,8.021734606249744,Low,India,Twitter,58.8634975087372
0.7119435303571766,7.371575341628294,1.5483250704609026,Low,Japan,TikTok,70.62879226690582
0.40096067646931627,11.439585128013569,8.430784033058268,Low,India,Reddit,36.59543208369383
3.299409711853631,6.723873065220769,4.545635521384205,Medium,USA,TikTok,69.17757824584083
0.8854726678842061,9.003766083067122,5.664263408129729,Low,India,TikTok,61.32769242985119
0.917731100883262,8.642905854722699,14.57683702019742,Medium,India,Instagram,39.70172490980545
5.653819969453012,6.450258862952913,2.8379719490537365,High,USA,Facebook,43.281807370129826
1.451070900569712,6.863339598978491,7.125155618878467,Medium,India,Reddit,44.78864457708327
2.702543066001539,9.027147971219048,9.741089282665365,Medium,UK,Twitter,52.93374314486996
0.8846250694750579,7.717181831406362,6.700632165273041,Medium,USA,Twitter,41.61219426944338
3.3526003860726576,8.007107590090909,2.2967259681244916,Low,USA,Twitter,86.81781199114799
0.398604799115839,5.046048969443464,13.602287489841334,Low,USA,Twitter,41.56688115373416
0.014027939639891844,8.483997982743151,5.329127718697449,High,India,Facebook,33.36132186669116
2.5002458240150456,7.930945266123851,4.408239881523016,Medium,Australia,YouTube,64.24656757593513
,7.40413496603827,5.021407488919044,Low,USA,Facebook,62.29262443067645
1.3718776192865771,8.041337794588614,4.8100725414989025,Medium,USA,TikTok,57.58937503794677
1.0463128008507667,6.886173439313626,2.9620813983728387,High,India,Facebook,33.69842160700662
0.21463249513265653,6.612146244174789,6.679013864969807,Medium,India,Reddit,45.387540673077986
0.40250783912538596,7.137171702541336,4.227708816013413,Medium,Germany,Instagram,48.2846902320938
4.976915354744566,6.8036952325225535,9.047902503584845,High,Germany,Instagram,41.733826693737825
4.642799234250409,10.7707943415648,8.252839278999787,Medium,India,Facebook,55.14964145605634
,8.867806093265385,16.0,Medium,India,None,31.990726906824566
0.5097588798972638,6.047296614042448,5.32823540017372,,India,TikTok,62.54634047137377
1.6174164068993013,10.554444003391264,3.7361293762084085,Low,Canada,TikTok,73.63428565588231
2.8125271730784878,6.8507150828455305,2.504664012785147,High,India,Twitter,57.34407616815382
4.43811200603559,7.544183051196427,16.0,Medium,South Korea,Twitter,60.48777444392893
0.35970511294722246,8.84612579239698,9.00036199244087,Medium,India,None,35.36183526563217
0.42730937870137997,4.545017184153577,3.9930208403640726,Medium,South Korea,Facebook,43.93246190937306
0.12466714612071875,7.144461229588546,16.0,Low,India,YouTube,43.46048355169003
0.03420577088898122,,13.64942546585541,High,India,YouTube,14.671651433137871
0.5151285175108917,7.807620119316202,2.689172427542946,Low,India,TikTok,71.764894978603
0.12437436936064716,8.055074524898163,3.8493914657000023,High,India,Instagram,35.957795846666684
1.7288036788812793,7.384110952001473,5.5879086453794,Medium,Other,Twitter,62.74273190705832
0.6313887025460195,7.314529052731518,3.1833972444030567,Low,USA,Instagram,80.29175690639521
0.3585725325360477,9.097697058953168,5.709048214257816,Low,India,None,58.655986252696415
1.2712451652616816,7.952228895501057,9.273651136252392,High,Other,Reddit,34.14653723260246
1.281049447143504,7.562137515077914,2.6539351080957347,Low,India,Facebook,72.84997067452306
0.4633746871276069,7.721805887190209,7.212389627597434,Low,India,Reddit,64.72285437761207
1.5109667336487207,10.253833496295329,12.195887262326636,Medium,India,Instagram,35.4849766024178
4.312937806142722,7.759010965476159,7.691625530524261,Medium,USA,Instagram,80.53262061190603
3.2033164229985163,6.728327242551442,5.78130934398799,Medium,Japan,Instagram,57.10633661208237
0.11266065935423353,4.636501367083412,4.051709716478753,Low,India,Reddit,63.05524228741024
0.6690407194642349,5.349093938947569,9.959283420343183,High,Canada,Instagram,19.80660390089348
2.028945892433552,6.7994611573803585,2.9857409269309563,Low,India,Instagram,73.35385028827945
,7.337434734068778,6.998354756587329,Low,India,Instagram,88.36831757845516
0.45285248353750357,6.666567810584642,6.142976765069114,Low,Canada,Facebook,53.2895971482536
2.6200345678163144,8.026715965568714,11.88606393236714,Low,Australia,Facebook,69.28175842844209
1.2285135530765694,6.6472379332375375,4.264610036529006,Low,UK,Instagram,62.27257228688981
3.250360958132828,6.128266094796855,4.487781640073313,Low,India,YouTube,80.56135075305981
1.2522641471432656,8.418965753036119,2.8716336320917306,Low,India,None,75.89967968599188
3.3071932779244477,9.55409174531702,7.864591252808028,Medium,Australia,Twitter,63.27230833976051
0.24495201468574418,5.839248603380178,4.69130358711103,High,UK,LinkedIn,38.77992007417578
5.492531066087468,7.865573795561717,,Low,USA,YouTube,87.88108113249609
0.09454738419180439,4.642493012769273,3.818700723381257,Low,India,Reddit,39.0164472217473
2.365176966380151,5.288192803909261,8.350014687788011,High,Australia,Instagram,35.44164095154125
0.16771378388045577,6.616851258034241,3.121219216993207,High,India,Reddit,30.254513664034832
3.5823389831869648,9.20236564856579,3.292016914989188,Medium,UK,TikTok,81.05276213604549
0.16758051296952722,6.331940955441788,10.358597542378966,Low,Canada,Instagram,44.495484884005435
1.4305729935792078,6.275849287851676,5.475741249102218,Medium,India,YouTube,47.063174098920655
1.013310210764386,7.554130922841675,10.732398368793469,Low,USA,Instagram,51.25816229817053
0.38286404828301634,7.555625416724776,4.876298904038334,Low,USA,YouTube,67.20910039138884
3.1257590309236174,6.322302790867996,6.045562067833964,Medium,UK,TikTok,61.79912267874869
0.9734157310398646,10.479332350894857,6.644434341849183,Medium,Brazil,Facebook,48.597446855767785
1.4103761847038472,7.10195494032694,13.906714211188586,Medium,USA,Instagram,41.63788174432952
0.49784744726701535,,13.243722885988323,Medium,India,Reddit,44.73739027362298
4.169640306419734,6.897330693434337,12.08472457100275,,India,Instagram,63.68865174333251
1.5660310112243598,8.159957343226768,4.14834175813945,Low,UK,Reddit,67.82446596235238
0.8349146247008813,9.352436339556176,3.3464572815693723,Medium,India,TikTok,57.04936653748899
1.5686557656619358,9.995495545431858,9.549367078908475,High,Australia,Instagram,23.37171826868124
1.9867764734558782,6.35660148710418,13.81915704773518,Low,India,TikTok,58.002863425845376
0.35278718901427863,9.151192764451817,12.154399940732986,Medium,India,None,28.15655660779698
2.290277707988042,8.324521229326526,6.097199420732508,Low,India,LinkedIn,71.35363128256019
0.3452758775142116,8.961804914190116,9.362245138253716,Low,Brazil,Instagram,53.687710047103394
1.5508887619548868,7.362181090960804,9.461515696538479,Medium,Canada,Instagram,46.107808744106656
0.3348696716922426,7.219438840076729,,Low,USA,Instagram,52.71777903611522
0.31299552488009097,8.90357196857099,6.789818256346483,Medium,India,YouTube,45.86785008129926
1.126685045164114,8.932038759084431,6.416784927025763,Medium,Japan,Instagram,55.11793036940676
0.5104707431216409,9.84858084579283,3.7702528947010405,Low,Brazil,Instagram,61.71964973968324
0.043216305598837414,7.797821333175734,4.0083053157532955,Low,India,Twitter,69.53225207815015
,7.339628058547865,3.971348792000144,Low,Australia,None,76.97192576869888
,3.810219630008694,2.3174279627274355,High,Japan,Twitter,50.33335311205455
1.8897665506323005,5.083109193006998,6.591071673154509,Medium,India,YouTube,47.78164105021386
4.057504719050422,6.90862259222491,5.904152850630393,Medium,India,Instagram,61.916302784098164
2.0786287818222675,5.8484116031306765,9.55608841201126,Low,USA,TikTok,69.39774854367404
7.297793357101925,8.721195848149868,12.889723549025383,Medium,USA,TikTok,58.279091566183475
0.8641450186676715,5.5349685576315695,13.390916700130687,Low,Australia,LinkedIn,44.09893324335553
1.1595646975791638,6.748043507474568,,Medium,USA,YouTube,39.36681185724687
0.7082144318350487,6.806960260292267,3.841071574870391,Medium,India,Instagram,46.94240562703078
5.2366051215004195,9.30711462509917,2.562092822257807,Medium,India,Facebook,67.58191746828004
1.055588375330553,6.587641876470534,10.57450744813681,Low,Canada,Instagram,50.54817648071294
3.421399423497487,8.178618177071982,13.86378525533546,Low,India,Instagram,72.37696514027431
0.17739951886554015,7.793559191284075,15.388115155547228,Low,India,None,46.572563865027774
0.4729405013783225,8.854932728170919,8.092985718310558,Medium,India,Facebook,46.386895311661526
1.3299569181914015,8.77532257817472,1.8257258453407528,High,Germany,Reddit,44.14516756022661
0.6588099281990202,7.449839830695684,7.533544725022716,Low,India,Instagram,54.57483172909372
0.49048705651970237,4.955558231089229,8.44238220657086,Medium,India,Reddit,24.7115726630269
0.7345284473972222,7.152388670031556,12.823058720218484,Medium,Australia,Reddit,31.07586697555712
0.3511435670570737,7.470066533201771,,Low,India,TikTok,55.826673091954504
2.839061688411343,7.929013849729167,10.441414293768487,Low,Canada,Instagram,73.71938474867541
0.5658489890540915,6.393667282168785,4.253034214463586,Low,India,Reddit,65.92051322767054
1.536943568062334,9.21135167761292,3.2626169255916366,Medium,Germany,Reddit,64.3856249257094
0.2450400663027831,7.520429127472489,8.334276344099573,Medium,India,Instagram,37.53984737956057
2.637025918466996,6.119253978281812,3.760496263795965,Medium,India,LinkedIn,71.53318141075032
0.505264713151947,6.81265824188748,14.659407273686544,High,India,Reddit,16.158299781465953
0.7453946658444628,10.392813980950246,2.1755133019401645,Medium,Japan,Instagram,45.47448801911405
2.621661174268409,8.496566839419748,8.500559351898078,High,Germany,Twitter,44.603706956982585
0.41035046508455253,9.072684833346607,7.328134524801775,Medium,India,Twitter,41.394467465028036
2.7451557319348154,5.937619545429879,5.343815973160404,High,India,Facebook,46.06698288197555
0.48624067327506754,6.466755461724299,3.4726925199406615,High,India,Reddit,39.15182264167532
0.6497514886843445,6.477866541178132,1.7558168996988048,Medium,India,Reddit,55.25099064745153
3.390636561237752,7.776590606382933,4.397968757703332,High,India,Instagram,59.67669957634515
0.2057713213732829,7.238997253371661,4.4445120648783645,High,Brazil,TikTok,39.28889231490056
0.6978438705745901,6.765758383114469,11.787527669414677,Medium,India,TikTok,36.97918937400287
0.6455674403278545,6.953895611244819,3.7821272543220195,Medium,Brazil,Facebook,53.99609900309383
1.546468950045072,6.308947219987395,7.9380080473690935,Medium,India,YouTube,38.67394861048546
1.1970262450398583,7.230241069647885,2.7861371931982286,High,Germany,TikTok,63.12758865926834
1.2099425696683475,9.169823375750621,8.069963153822261,Medium,USA,Twitter,36.871127662138086
1.4265798767507933,5.230290972675369,1.5799288094113888,High,India,Twitter,38.68733412310699
1.8066717498388236,8.019719150452845,16.0,Medium,Australia,Reddit,46.52666098288788
5.358252027191075,9.570139042319436,5.558673406947908,High,India,Twitter,60.36283790784824
,7.225219352151649,1.1312232454943567,Low,Brazil,Facebook,84.77601372829102
0.557067983227118,6.706685956281156,3.9327947861901924,Medium,Australia,None,51.660697914878575
0.3375255778394585,8.886347228925883,3.577279731878068,Medium,Other,Reddit,47.397787419760256
,6.023667184696735,4.081681847001797,High,Germany,TikTok,28.96925545234987
1.5195479144348136,,4.860858957493527,High,India,Twitter,45.719863507040344
1.8649858511951194,5.940233849421409,4.0650648982628494,Medium,USA,TikTok,52.92332819598059
1.008466375830123,4.69484854496358,3.706739887418109,Medium,Canada,TikTok,46.61822498191221
,7.272023602807807,3.0185911888930383,Low,India,Facebook,76.36380523797826
0.7489690074471085,5.6049074050995245,,High,USA,Instagram,26.181814868115506
0.6782644099744333,7.482494230006247,12.43706801154914,Low,India,Twitter,47.0452173919701
1.568469024640291,9.172544436571059,5.192709933332528,Medium,Canada,Facebook,54.11172363487283
0.7740965920068393,10.281383110019435,5.985967678980321,Medium,India,None,41.54497411067123
1.068662753491192,7.640293925914813,3.077758227879692,Medium,India,YouTube,59.42072263376586
2.95193590043616,9.028823747963399,6.313008962044483,Low,South Korea,Instagram,91.56167642110398
4.758528396871748,8.09844397515995,6.944696378779207,Low,Germany,Twitter,81.37782033434287
0.0276138013072079,6.925329579187411,5.303467405893971,High,India,TikTok,15.060612224748636
1.2209543609805154,4.612835469103658,7.6725190213013,Medium,India,Facebook,36.04552490138665
0.4944569589558694,9.939738490623178,7.2806873155635055,Low,Australia,Instagram,52.40309735622969
1.764440421320736,5.926346716078315,3.214000318926301,Medium,India,LinkedIn,56.58070128959589
0.09994848263296452,9.574156367126655,12.376858861906754,Low,UK,LinkedIn,40.9097414033091
1.2491959836762534,8.305211443893377,5.340996489600177,High,Australia,LinkedIn,33.81372268909924
,6.035980822128962,16.0,Low,India,Facebook,55.39211117175499
1.204294829728786,7.96799754272843,7.785416885187655,Low,India,Reddit,66.63427395546432
0.09011245799790699,10.699366591927994,16.0,Low,India,YouTube,38.962231917442075
0.8250181745572713,9.803478871295656,12.245536479647695,Medium,India,Facebook,45.02435974427961
0.070737387577754,6.730930415798327,6.933146682506897,Medium,UK,Instagram,33.81346563338113
0.9997924462082354,6.4320288627229765,3.920173370639087,Medium,India,Instagram,54.938063644918444
3.725890591365353,7.650312055974108,3.971165050060031,Medium,South Korea,Instagram,67.42802867330447
0.36909516789708624,7.251729406545246,8.32964277403355,Low,Canada,Reddit,57.88936434940383
0.4309419656224064,9.299606078464095,6.592124310915472,Low,India,TikTok,51.096324170745724
1.710652502904725,8.609383704632707,4.248577658802873,Low,USA,None,77.97855633816725
3.524748392007222,4.961637597707367,9.972546509540821,High,India,TikTok,42.68136301148566
1.7286928834989466,8.188012883135867,6.192028866714277,Low,India,Instagram,73.06466734059546
2.2781224997058795,7.2313635586989475,10.008211331317613,High,UK,Facebook,24.18752691074939
0.08167199738592185,7.5556622040420995,3.369343640548221,Low,India,Instagram,65.6315230971585
0.6959768434628301,7.8734145213909885,11.019682596394158,Low,India,LinkedIn,57.46373293216615
0.4775330539708281,9.298093507914903,8.171049362841677,Low,India,Twitter,57.705186896965685
0.046030051618384867,8.966689445319032,12.410486474841086,Low,India,Instagram,53.869440099086226
2.182198208628931,6.375385888969056,10.8749099929462,Medium,Canada,Facebook,53.5819824394505
2.035508563616549,7.4120820484654955,5.749011687350012,Medium,Other,YouTube,58.90516829428566
0.0910294666706111,6.827217910714182,5.478192855141867,Low,Canada,Facebook,54.04443249952239
4.10542516725798,4.977231046640103,16.0,Medium,Other,Instagram,42.31637148333029
0.5395517589794829,7.335944238598365,5.0817664034778876,Medium,UK,YouTube,46.25602628747462
1.6927512602439507,10.267131641338644,9.478823633772404,High,India,Instagram,28.159077010189808
1.2557312684099584,4.9319349093753795,4.812264698912776,High,Brazil,TikTok,23.999688966353396
1.817454694507341,7.463907309509899,1.9795511991495942,Medium,India,TikTok,62.812087469081916
0.131659329710614,7.415792781885487,2.8967706319476463,High,India,Instagram,39.286014625830575
1.3076396765271965,7.9316032076464795,7.717978912922816,Medium,Japan,Facebook,47.66014735063989
0.6086756310132239,6.0559125639091045,9.213584948587826,Medium,Canada,Instagram,35.90902410030859
0.11202186939639702,5.3623341138000695,7.733240963301073,Medium,Japan,Twitter,26.940858023091913
0.23535076083328788,5.432103514808061,,Low,India,TikTok,43.05021166141111
1.032969370938576,9.496400637497217,7.650385916294302,Medium,Australia,Twitter,39.29280266583519
0.8527477523246956,6.0259710384572145,3.7994608542261403,High,India,Instagram,24.917332076267627
0.9395625529618997,6.75065671252024,8.641544331232074,Low,India,TikTok,60.695050803816514
0.5294731879312011,10.656948897919461,6.697703969583591,High,Brazil,YouTube,18.384257528689613
1.471747415379789,6.398616514835316,4.28304924791767,High,USA,Reddit,38.4176712270921
0.11032242692671718,8.01359939692639,8.032626664464948,Low,Canada,Reddit,52.29090467500408
0.4404706623663458,9.09571751493826,6.34471447155258,Medium,Brazil,Facebook,46.00149791153826
1.5137011499476798,9.023580280468865,4.208051312800279,High,Brazil,Facebook,44.1610043529984
4.081750180136024,5.502635464434479,5.437288699850935,High,India,TikTok,49.127787523124034
0.8363349173588525,6.429971328447752,14.127740576468721,Low,India,YouTube,47.662849474819566
0.7846845656749146,,,Low,Japan,Facebook,55.84301863654645
0.30134496640411207,10.393526186074938,6.772609638080786,Medium,UK,None,37.99029237539152
2.718912355584771,6.357734012038207,6.2611275877651345,Low,USA,TikTok,82.25543578607999
0.9860901454271935,6.759580523833384,2.560422816737526,Low,India,Twitter,73.0586425756016
1.4380823984840323,8.129361632101507,16.0,Low,India,YouTube,55.97046438349957
0.333562839119143,8.429487341022565,11.26617791349387,Low,South Korea,Instagram,52.29002285176051
0.9697842222390903,8.520381006454105,9.498851935629695,Medium,USA,LinkedIn,41.10463108289745
0.4337969568331668,6.2304662027478,1.5452126984063088,Medium,Australia,Twitter,42.53553891357325
2.7682167424888373,6.701927794598392,6.2000266497803525,Medium,India,TikTok,52.227594443607174
0.8341420471224543,,5.605357153483715,Medium,India,TikTok,51.620302604467284
,16.99474362182567,9.112884242546233,Medium,UK,Instagram,44.165868148704355
2.001527427661487,7.142273876822359,4.615321417872487,Low,Brazil,YouTube,74.56926268273055
0.004210311819936967,7.466547149874271,5.264435225007156,Low,India,Twitter,64.15969196275653
0.7041203325648137,5.961107344290886,8.772727516839398,Low,India,Twitter,45.86984439972834
0.8192546008160446,,3.8032386487825716,Low,UK,Instagram,55.93560357955901
1.5211576934194335,7.731394420712565,4.286945136776502,Low,India,YouTube,71.24901490965436
0.40027157873081726,9.116632169335112,6.793701845861374,Low,India,Reddit,53.702509025521444
0.6981338199875479,7.544845812101401,13.505424533176072,Low,UK,Instagram,53.473687584042324
1.0481833058200702,7.627900597865118,9.826490414019117,Medium,India,YouTube,38.34264218897434
1.2978701830252328,5.2495366637219085,11.533345419856989,Medium,UK,Reddit,23.672476510237942
3.198645858319387,4.273857195461149,6.283895456071799,High,India,Instagram,26.539163240329433
0.7930051663954738,9.377857817753938,,Medium,Canada,None,36.44840585389324
0.1923279251924716,7.6170873213936305,2.1282297806934958,Medium,Germany,Instagram,49.04129055177533
2.652312366514897,7.8096421844799275,16.0,Low,Germany,Reddit,60.43029436317876
0.4327744237930858,5.626419371699384,16.0,Medium,Canada,TikTok,32.092579380537494
16.110414987246457,12.93448879957436,7.956345685608875,Low,UK,None,78.1672872920975
0.4378932882399961,9.093453001702477,9.967776922804982,Medium,India,Twitter,33.73759929824967
0.03284459650790081,10.110215656262156,5.913276526480679,Medium,USA,Twitter,38.3809034879047
1.0550149758150058,6.568088979341172,5.334840472026333,Medium,India,Reddit,50.75995402923645
4.197575380779603,8.507224932544583,4.193257066423346,Low,Canada,YouTube,75.92220688378086
0.7487057075560128,7.785037399022408,5.8743345776771845,Medium,India,TikTok,54.88722184831938
0.3070220243385494,7.319206589883412,8.444877844833881,High,USA,TikTok,29.820216784376782
0.28035885883105943,10.277938530267479,7.782910031536808,Medium,USA,TikTok,42.85783756870333
2.6078226077698097,6.8201975309658724,16.0,Medium,Canada,Instagram,48.95527193254433
1.5798898508558379,9.361068955526228,6.424795024568805,Medium,India,Instagram,45.45725285290815
0.8106324914033092,8.072134975563072,2.4761448709637257,Low,USA,Instagram,81.79894545187342
0.09393332595244103,7.474666016452772,16.0,Medium,UK,Instagram,36.14468263606687
1.2866481383484718,9.558025759549619,2.907889129881859,Medium,Japan,Reddit,61.16467778118269
2.5743640571502104,7.935201747634542,4.324798045868535,Low,Canada,Twitter,81.2883425409129
0.1206025974167003,7.355358705131579,7.120983762789468,Low,India,Facebook,56.94160827651528
0.46308079286058024,9.569163259473049,7.770271061009955,High,Germany,Instagram,17.73531605537842
1.2936669694076541,9.373893380657838,2.541455653084612,Medium,India,Reddit,58.47392399638575
3.0381493919088727,9.302944981730814,3.865599029183767,Medium,India,Instagram,67.68997924976951
6.8879973515821185,2.0,2.4881277579986043,Medium,India,Instagram,66.49745032231695
2.758309576807358,8.160264938607616,8.78484289357889,Medium,USA,YouTube,62.2064581771954
1.4316839238819217,7.818175789604955,12.30527375211812,Medium,UK,Instagram,34.96614296018663
0.5890140749722044,,2.906347602519085,Low,USA,YouTube,70.22928694087392
0.43260712776094634,8.414669450959018,10.994509060263677,Medium,Germany,Twitter,38.64303415605068
0.005405208747710686,7.890835308756792,10.574730570012804,Medium,UK,YouTube,32.236781394472224
0.8315719178816614,8.516711125990772,4.0737238257655966,Low,India,Instagram,63.887625357505044
1.8481180850845051,7.098057288367511,1.8412645269390782,Medium,USA,Twitter,69.87659289859371
0.7925074612651127,9.747270945264738,3.1811615216537454,Low,Australia,Facebook,61.59113505364691
2.2212803033138995,8.66841628765924,4.232722689659275,Medium,USA,TikTok,67.39198914561143
3.683169989895239,8.31378988577226,15.256452191297942,Medium,USA,Reddit,53.515454818161096
0.5548216756923753,8.240557850560295,5.635120069033385,Medium,USA,Instagram,46.71903527945277
10.206841877421652,15.671952001661904,3.3065429393912718,Medium,USA,TikTok,60.14327199015199
0.8012592772857147,9.032531680403235,6.610829468940456,High,India,Instagram,33.19874439590001
0.5889899245020387,7.3308419196805685,2.780946667129761,Medium,Germany,YouTube,55.240026208395996
3.066428055309477,8.985465571234943,8.236735021328798,Medium,India,LinkedIn,59.8482053534092
0.7270572193676533,7.761078360063067,3.3649111696824487,Medium,India,Instagram,56.90125913638611
0.48280802215749763,10.375390187250492,3.67107948304324,Low,Australia,Instagram,56.225496196343926
5.09017535900647,9.146591716570448,7.578347962943093,Low,Germany,YouTube,68.8842769208864
2.401984867420449,6.56158602215746,16.0,Medium,UK,Reddit,51.30808799415757
0.06497532706634065,10.9960660341754,16.0,Low,USA,TikTok,46.18603869934606
0.2608516339672235,4.346940246015256,3.2416442852913905,Medium,South Korea,Facebook,42.39162798687195
0.11139075800254226,8.456032111003562,4.2292987702901135,Medium,India,YouTube,49.76461277225969
0.020392714999669898,6.455629005832071,8.242629202683686,Medium,USA,Twitter,27.336464351216936
10.0,10.323270440509528,12.19801957915919,Low,UK,None,70.09278959242786
2.3318037173082953,7.879209097942931,1.6512784172546597,High,USA,Reddit,61.450042024368365
1.2080713746825482,6.309306802369318,6.375114752940762,Medium,UK,Reddit,50.764743828749886
2.7031490413037185,7.100257931670625,,Medium,South Korea,Reddit,71.90469042690924
0.796781743237607,6.429102812001613,1.907106707193772,Low,India,LinkedIn,78.25293326114117
19.507464460854358,13.446237909841464,2.7120351529723,Medium,India,Instagram,68.81164099291904
0.7833041931633845,7.007028576165743,4.303098412280003,Low,USA,LinkedIn,60.09191714982554
0.9094781567436844,6.373266196948418,6.266945106001455,Medium,USA,Instagram,45.84229752959907
1.456730493835582,7.905095717373936,11.076898420207387,Low,Canada,Twitter,56.66163597575933
3.4045487609247163,8.0868362451101,7.482813585459458,High,South Korea,Twitter,45.46710015367407
0.13854940523415019,6.005540413086049,10.681610972735504,Low,Canada,Instagram,49.23103564960614
1.0741611623377934,5.012596855434003,6.1474330319596655,Medium,Other,Facebook,36.22978116499379
1.8328000482797242,7.966434678224357,3.9631233210844408,Low,India,Facebook,79.56499513041422
0.05758813676707475,8.2978808266793,5.418126154260612,Medium,India,Instagram,37.56673775427806
0.6191724235474931,8.595325142941851,9.182600179508036,Medium,India,Twitter,39.930773680383076
1.4506523223182273,8.326761572391192,11.240657077352342,Medium,Australia,Twitter,51.21226007029581
2.398658222032215,9.859075163605485,5.536016447581872,Low,India,TikTok,78.97839033110928
3.920877213608417,8.995601830396895,3.464370154653146,Low,India,TikTok,92.58162824871246
0.67025584530014,11.519742294623363,7.399370253365935,Low,USA,YouTube,47.39279210583495
2.3813007986206407,12.0,8.05899273854575,High,India,YouTube,33.46044713713942
6.9109102984762245,4.8628461185329295,12.674998759809915,Medium,UK,TikTok,49.601790710304925
2.5295868660441636,4.204292053146231,4.025874990641565,Low,Brazil,Instagram,67.79444416425785
1.9359429979533804,7.488913053229928,4.052450044382159,High,India,Facebook,50.220578683230755
0.1426950783811712,8.256348644820482,9.52286851981627,Low,USA,Facebook,55.73736231750506
2.105990769170192,7.386172486491416,4.737643486769008,Medium,India,Instagram,55.90991792652769
0.01588681157367057,8.55537066908664,4.619052005355417,Medium,India,Reddit,41.05589579471312
0.007118601105648211,7.094636886902437,,High,India,Instagram,15.717433447465984
2.1237052910168983,6.459073854878815,2.6575287144355353,Medium,UK,None,58.073325337390216
0.05462201298418033,6.685663710223434,16.0,Medium,UK,Instagram,23.999483846959528
,7.199747446403694,4.188818662828887,High,UK,YouTube,33.05862848164867
2.8761456803126473,8.765268516090224,10.17605123713015,Low,Germany,Twitter,74.90803652584698
0.06918879744894339,6.769888955001255,5.667341875811718,High,India,LinkedIn,31.33046641577062
0.20720608617596803,7.066546945624942,7.119356705018444,High,Australia,Reddit,26.73084557913425
1.183697925330126,8.355325266066531,5.167185244599971,High,Canada,Instagram,41.031724175223076
6.085409040406879,7.201805403682215,10.114256783175662,Low,India,Instagram,82.24461375680777
1.6963074588903981,9.175065825968085,4.911629083064793,Low,India,TikTok,68.8943687972654
4.418896399367874,6.120740651647408,4.28976570355666,Medium,India,Instagram,67.96391902261347
4.289471175714466,5.79545436530177,16.0,Medium,India,Instagram,48.236877681838315
7.512021870001824,7.956943551027514,6.157246114241519,Medium,India,None,62.997552236866774
2.971356870306308,8.106432693397196,4.033290981352242,High,India,TikTok,64.18630205944847
1.795091545271192,6.202560758874881,2.473979644216008,Medium,Brazil,Instagram,59.4599991232167
0.23256450580688104,9.515393101991139,16.0,Low,Brazil,Facebook,49.27305348709017
1.8580383772156757,10.387405214655338,4.3442136931111115,Medium,UK,Instagram,53.22350697721531
1.2255756067495012,6.558218680738927,16.0,Low,Australia,YouTube,60.27066539961018
1.333077115859078,9.730951009096787,,Low,Other,Instagram,54.541318115262314
1.2643169717116844,3.9268017419989163,6.591171619423176,Low,USA,Twitter,58.16337725732067
2.518568666578502,9.114168400077038,6.698651834355488,High,USA,Instagram,48.41627299471837
10.762214574083973,18.026391627477466,16.0,Medium,Canada,None,43.88023579895486
0.022774533309692237,8.96410902295821,1.6236372658872837,Medium,Japan,Instagram,49.68237738139201
0.6981990280515402,6.058086021065002,6.879905467793096,Medium,Australia,YouTube,45.72231585124247
1.437066279263301,7.397268698059807,5.159696889803673,Medium,India,Facebook,64.37300092443958
2.4760658288179824,6.284826605187241,5.323569137689109,High,Canada,YouTube,48.21639180027004
1.4090730534630471,7.179178953326879,6.616636182562904,High,India,Instagram,34.46491934431246
5.156558245587818,10.244886043395667,5.1564456277185355,Medium,India,Reddit,58.28764452411514
1.9750744080204097,7.338093305109891,6.772554893609647,High,USA,None,44.05485364706875
0.406945664911333,10.665452435888755,5.9646687557895826,Medium,Canada,Instagram,35.55197847905407
2.3596592874778755,6.921281158360745,2.7507265948517103,Medium,India,Instagram,65.7677766631963
1.5579079856049716,9.737647055710204,7.605104166210318,High,India,None,30.3791304840501
19.256714136513438,12.718133760435887,9.29645059650148,Medium,Canada,Facebook,36.16211763102253
0.21682034646060494,7.070236416932714,4.369989601106408,Medium,India,Reddit,56.12275982210573
0.1401934686695691,6.695835022011964,16.0,Low,Germany,Reddit,51.03928450328848
0.2847439855338901,9.806558401195712,13.48183262156692,Medium,USA,Twitter,30.099475409756266
0.7768082891205593,7.777873179054112,10.037934635466684,Medium,UK,Instagram,35.82998848530185
1.737551479032127,4.367875245528757,9.965134456181271,Medium,India,Twitter,37.79712974208129
2.8348264688582,5.5348055179146565,6.159885388232542,Medium,South Korea,TikTok,65.74533459467301
0.26219971627893124,5.981006625930899,11.998999398350962,Low,Brazil,Facebook,49.03931583290247
0.10075642637730749,8.901075441168253,15.525017689470165,High,India,YouTube,18.240404909096128
0.4764193736056691,8.707511225484414,9.82386282139589,Low,Canada,TikTok,48.97658510550009
2.216172083214313,7.04940085055832,4.2966257051470755,High,Australia,YouTube,49.91127727441987
0.22014822213212626,6.677235309573641,5.907313367000058,Low,India,Instagram,62.47472659238977
2.087035299146729,8.574582361275079,8.53522757634148,Medium,UK,Facebook,54.22142853582355
2.0539578966043512,5.805715361352059,10.000618513463563,Medium,Germany,Instagram,42.13736073850206
2.455996167794817,8.18650346692553,5.774858022596496,High,USA,Instagram,46.02858721798833
0.5730857124203559,8.05877699530535,4.3055929850864745,Low,Japan,Twitter,81.53272828844467
0.7784624110368638,7.088115610399853,15.650833782854285,,India,LinkedIn,18.125504818023206
1.4328837836261936,8.096516947568574,3.1791318974114624,Medium,Japan,Twitter,58.21238587390264
9.6682290319362,7.653141529612027,3.439069520672726,Medium,South Korea,Twitter,75.83537947580844
0.6376655497675233,8.24612924213481,2.7284217113313605,Medium,India,TikTok,56.28611493289843
1.4135772941661688,5.498846537279859,3.434493658385716,Low,USA,YouTube,72.83425015873206
4.121553181627032,8.421752970793053,12.78671736493223,Medium,UK,Facebook,63.598548677884985
1.0429032367644273,9.039901994253409,13.04623588077921,Low,Brazil,Twitter,48.11213656855149
0.9570734925127369,7.981427130846667,5.786760751437552,Low,India,Twitter,64.33757428484347
0.6134762209078879,8.40182377648725,8.148131501384704,Medium,India,Instagram,38.55312701110737
1.368327134874263,7.335121023885356,6.0116379774882835,Medium,Australia,Twitter,57.180642957732296
0.39431026461659247,8.836998849394565,2.9588891313361283,Low,USA,Instagram,69.55096229013937
0.9450178077829465,7.597870691969781,16.0,Low,UK,TikTok,54.09416425261833
0.6857313084207842,,13.802420551188073,Low,UK,Reddit,47.68019993510096
2.293405989610834,8.73032423232489,7.483133663285084,Low,South Korea,Twitter,66.08681038064925
1.0765577706423195,5.048780628738341,3.6199711151468303,Medium,India,Instagram,44.044892991855264
0.473830391813546,7.924169616432574,5.285881370360937,Low,Japan,Reddit,58.77251584799035
1.4023024920738212,6.923665724929531,3.9930073513870368,High,UK,TikTok,42.65801269200886
0.9427397225602688,6.827811375442932,6.414424898510345,Low,Brazil,YouTube,62.525572748957615
0.580323341104591,,7.285994216180501,Low,India,Reddit,55.537696189273184
0.1619637606942846,6.436067713773008,4.9299295787027395,High,UK,TikTok,29.821202572839823
1.5499604041883284,8.26830902119175,2.5278075556684594,Low,Germany,YouTube,85.29250475432548
3.2966662196243326,7.585194948933003,16.0,Medium,Australia,Twitter,53.18836260844478
0.25088399861860394,6.5740590728817025,6.976281567451316,High,India,LinkedIn,22.23100069686052
0.6689923552539059,9.507269355069479,7.9562294473864625,High,USA,YouTube,27.000393682659496
1.3847131851188044,7.807173915449248,4.695264127916284,,India,Instagram,58.536398406021505
0.2247625155921631,8.446201400136722,2.369771011366491,Low,India,TikTok,62.228679097058915
0.15029074192649908,9.624883094241632,,Medium,Canada,Instagram,38.112060261522444
0.05135789851174441,9.600267803691558,4.983172790058472,High,South Korea,TikTok,24.181962995097628
0.022368905597040238,8.369678180784282,9.26015352997682,High,UK,Instagram,19.697766543267438
0.10388412468227862,7.046012698485294,10.41916130399375,Low,India,TikTok,46.37595106187092
0.4780569167318809,5.3554443186941825,9.573680203633822,Medium,India,Facebook,37.14206556874487
1.9934705171661034,7.810036050719619,10.945882975063018,Low,India,TikTok,64.14538625680267
2.0260040922137965,9.141876473726079,16.0,Low,India,TikTok,53.05011514146834
0.9933763118489236,8.031472229089928,,Medium,Germany,Twitter,49.16696822967998
2.3960996632294247,2.333123925348154,11.699305633586917,Low,India,Twitter,55.24004843015455
,8.8050932322397,8.136143890949322,Low,India,Facebook,59.02238274666826
0.11507357713345312,8.897248732163613,1.9347512398749092,Low,Canada,TikTok,65.30428071845284
0.7645248757467579,7.04816670941053,5.513986313087721,Medium,India,LinkedIn,46.99828054649053
1.0970437528103583,8.982542512880283,3.59438568383494,Low,USA,Twitter,73.78094027961559
0.8644740157317692,8.441948121590064,6.95082250364522,Medium,USA,TikTok,46.22406697534704
1.430699116844882,6.471739811576956,3.7636675883192785,Low,India,LinkedIn,63.34533458430582
0.4581987212874145,9.406951674326526,8.700743954518389,High,UK,YouTube,17.92703849452629
1.8974928974716734,5.598784615340829,10.898409475226124,Low,USA,Twitter,55.25162626681405
1.805064157047507,7.414132993441597,12.455247594134928,Medium,Canada,Facebook,49.77516812218994
0.32427645792585835,7.264496530841872,15.983499948515766,Low,India,Reddit,46.73872473717134
3.1013578895636695,6.261842771716829,2.2130807504983885,Low,India,Facebook,85.84446270790032
0.7152563540139083,7.955690801473447,2.9464468271631414,Low,Canada,Twitter,73.40332520929329
2.593241048429048,9.465553349359586,16.0,Low,India,TikTok,60.99659852849548
1.087380014235281,9.371612807792083,11.08634567704744,Low,India,Instagram,52.753855160834256
0.11465202951431855,8.585496322112874,6.921751071463092,Medium,India,TikTok,43.606912185550215
0.25038658696054683,4.956116239679557,6.167061733075357,Medium,India,None,28.47742062204206
4.2499522581394285,5.496071548684322,5.846738075173841,Low,India,None,76.89971886171178
0.9066250122167329,7.749253679638152,,Medium,Other,TikTok,56.05845228146543
2.011772778256756,7.448647438374688,3.806090463422589,Medium,USA,Reddit,59.022091445148305
1.1142437002219958,6.752880258752527,5.6569871412926185,Low,USA,YouTube,61.469022871158806
0.5801535684919279,10.357984796182247,3.937256160427816,Medium,India,None,52.19324066582524
3.440030407882213,7.658790229756712,4.258506047378148,Low,India,Reddit,79.41299933165729
0.6804597709047693,8.313619111786227,16.0,Low,Australia,Reddit,51.86946161319064
1.545695573887693,8.981840821422669,5.201817974976032,Medium,Canada,Instagram,55.30140321839964
0.22871275114815898,7.582437674508689,7.148281691524469,High,South Korea,Instagram,33.12463498613127
0.3890378016326207,11.386593251868554,6.997281881491393,High,India,Instagram,26.812434991323187
5.087587185982336,6.089441546346444,8.616471819217207,High,India,TikTok,38.706461369426385
2.7161888913279233,6.5908926151588165,4.5431942342142415,Medium,Canada,LinkedIn,67.43189469185901
5.010266770719357,6.08576142257624,,Low,India,None,66.8702905380873
4.134851816160708,9.843987429640954,7.894271076115414,Low,India,Reddit,72.38351553662521
1.9326390428929652,8.70312881132797,2.7946346311800023,Low,India,Reddit,82.02835823064412
2.385243701102786,6.683772130922111,5.671749366847779,Low,India,Facebook,66.71034292920623
3.496340174512225,6.204185437567829,5.455973195042097,Low,Germany,Facebook,78.93738968917829
0.576833052616069,9.577335750903906,5.307392854366736,Medium,Brazil,TikTok,47.290631227767186
0.3582201639918438,8.04253157300829,8.211848754231676,Low,UK,Instagram,52.867185420109294
0.09596007089132502,9.615626952924508,8.85369701419964,Low,India,YouTube,49.457970838710125
1.3497279585180064,7.409775973827665,8.248174059163924,Medium,Australia,TikTok,39.174217990027344
0.32883782558619584,8.2673029836504,7.413845124032509,Medium,UK,Instagram,43.49471049299751
1.0696600859049077,7.950341482866004,6.368618847164812,High,Australia,TikTok,44.14799417537368
0.7263589171582538,6.563832998438897,1.664085623545175,Low,USA,TikTok,69.81303879490949
,7.283783761786486,9.647854676918136,Medium,South Korea,YouTube,40.89625700938656
0.11835501849694625,5.7235449835524825,8.109307345856124,Low,India,Reddit,39.4420634626033
1.6399649057825427,8.241160235590865,3.3506127313658873,Medium,UK,Twitter,65.73116844800926
0.07799848999963367,8.64187311952029,7.158850096576211,Low,Germany,YouTube,59.79945225004653
0.5804859598940757,8.98524180015798,8.9241678805618,Low,Brazil,Instagram,53.112028716913414
1.811395672215525,8.49981733975651,12.216020415624763,Medium,Japan,Twitter,45.173441741173036
0.3334107341744205,7.307684795245462,8.216800222140163,Low,India,Facebook,44.701486894999746
2.831013338793621,9.827955967615477,7.337227775989938,Low,Canada,YouTube,72.61336020867064
4.398549626161676,8.838462731594317,10.676695659701384,High,India,LinkedIn,38.19981538916032
0.5167984206736977,9.582819452485658,5.033300781516759,Low,UK,Instagram,57.061023050366224
1.6430658540994705,9.676930056705526,7.74619636873602,Medium,India,YouTube,55.15339536764303
0.10019678171030785,7.311600517039664,4.167565629618683,Medium,USA,Reddit,38.62101880089706
3.610766248908167,8.081819185339855,11.777347988561475,Low,Japan,None,66.33393494684604
0.3741306343354054,8.661847775246217,2.302909518306451,Medium,Germany,Twitter,55.745008822421624
4.387647618882319,5.776287318698363,9.875355444214051,Low,USA,Instagram,64.4902056778276
1.0218572536830202,5.809540241431801,6.114269961315792,Medium,India,Facebook,41.53334074012488
0.3158434262126223,5.551032531007385,10.796612185967383,Low,India,LinkedIn,44.094133778453234
0.4028610948954188,7.337849867220165,3.787375798282856,Low,India,Twitter,67.38539397659413
4.042429399811076,7.000024411182603,6.385246834857698,Low,India,Facebook,75.16879399687501
1.0146265262081773,5.346494057557142,6.273773789175085,High,Brazil,None,23.860062198618174
2.7018248532984623,7.724037341548017,7.848560475257664,Medium,USA,Facebook,61.137136085218366
1.4046978775466874,,3.226709313772263,High,India,TikTok,46.432474698224404
2.2569465479347635,9.27336025511549,8.861615220963312,Medium,Canada,None,53.22436175133163
0.3870857357244911,10.519468618698687,1.9986331524742336,Medium,India,Twitter,45.10640894817411
1.0450593113159599,8.184675510621348,4.05234110905539,Medium,India,Twitter,59.2261656875255
1.2457355081081145,6.455054217950647,2.3687490663997277,High,India,Twitter,47.61596697280599
0.9101649369780128,8.470086566020603,9.943624975107854,Medium,India,TikTok,40.77620714769184
17.139609567603046,15.241177953774015,7.691212677783529,Medium,USA,Instagram,45.98053971625608
3.8928329154623844,7.139812119327752,7.9535883223817025,Medium,Canada,Instagram,60.49756094321689
3.4468770928610066,6.207598318230282,14.64228591016584,Medium,USA,Twitter,49.74345629175809
1.374226595351136,6.80366994116699,5.004987916621939,Low,Germany,TikTok,64.00612657883806
0.13996998278510614,7.233313483089259,8.721152606649758,Medium,Japan,Reddit,34.7594406733147
0.34042158007085654,8.706144588248172,6.294104542091341,Low,Germany,TikTok,61.417527542839466
1.4106543363247488,8.2665383706118,5.744594163969808,High,South Korea,YouTube,36.41182221892158
0.16151043817940458,10.238364214392744,13.249707798522156,Medium,Japan,None,26.96162416156016
0.38034728229413906,8.511507110769708,16.0,High,Germany,YouTube,20.03956675247379
0.932629491654963,8.136442386843541,4.669817549471489,Medium,India,TikTok,64.1297515677608
0.9370292021354916,7.040654451791139,9.976494288470166,Medium,India,Instagram,42.3315059653818
,5.943805527229934,7.326296586157047,Low,Canada,Facebook,59.62365689187611
0.08258411632877544,6.645159837220285,7.3792163952555105,High,Germany,Twitter,26.39349540558713
0.2564748925636109,6.450242005857109,7.016795535668079,Medium,Germany,Facebook,35.5823066562987
2.859227649437452,3.658639773102291,4.953791312469715,Low,UK,None,75.00769552607296
0.7613995597107255,5.987052326138743,0.7039919647806916,Low,Germany,Twitter,72.07528600250444
5.606684420515421,9.90331464204896,15.193771813329988,Low,Canada,Instagram,67.16341510156937
0.2102660241597451,8.05290031943849,3.987483967433552,Medium,Canada,Reddit,45.4281698337531
1.7790821859626704,6.935214216982356,5.233423815013073,Medium,India,None,54.88188577525354
0.6389846669953574,8.097719733210031,5.3006224655349605,High,USA,YouTube,27.639747771277356
0.6742235932823153,4.5698932114059385,3.7799771477633612,Medium,India,Instagram,40.98249837377491
3.4807150270973457,7.923146574693636,6.987648463006308,Medium,India,TikTok,64.34196101721604
6.945670462293293,9.416238394721224,5.890922099151682,Medium,USA,Facebook,62.61598445010492
3.4079930506115943,7.31832607936593,,High,India,TikTok,50.50437799863008
4.5078591729737525,4.842015710627147,6.616597135960535,High,Japan,TikTok,44.34458745437148
1.7911663438112766,6.879089197834954,5.930876348054922,Low,USA,YouTube,72.98115983509815
3.5795924386748865,9.41889299247468,10.556092092336822,High,Canada,Instagram,47.77332342632038
0.1357448543925043,7.8879444853465035,2.7068086672281515,Medium,India,None,62.17805429180161
1.145387429864462,5.372534857809651,3.731336227594917,High,Germany,Instagram,35.10592677398717
1.0666378323365373,11.051443768775806,9.348150969790938,High,USA,Instagram,23.07396399424144
0.44574108611260016,5.6192872256323,4.121240597491206,Medium,UK,Reddit,45.046505235910914
0.4937616600633262,7.135613127580178,3.51823218214386,Low,UK,Facebook,64.56020030179465
1.1831830844284912,5.943920999021694,4.245354963195843,Medium,USA,Facebook,49.237161371035114
0.06368463106070141,5.945996977629598,5.693998753757343,Low,UK,Twitter,56.253070744043
1.437953403239296,6.821773326397265,5.706995130819377,Medium,Australia,Instagram,72.96284805856149
0.11940254939685171,,,Low,Germany,Instagram,66.63870853098133
0.36628323160185644,,3.263698008548963,Medium,India,YouTube,50.25986873258306
1.1949181756352576,6.920747741951311,9.62049151446477,High,Japan,Instagram,28.610065378673216
0.4041693561788244,5.984784668722614,13.406395340978138,Low,India,None,47.546835737631554
6.467498488932451,8.217958974989712,1.9227237262101846,Medium,India,YouTube,78.86990937535276
1.214912165553473,8.261945368393782,2.381845552822971,Medium,India,Reddit,66.49925207748718
1.4095963603787582,7.860564503330176,11.0420883474301,Medium,India,Reddit,44.94171173324589
0.036897663042328166,7.913609719360099,15.516093946525876,Low,India,YouTube,44.89206170243378
4.117249267633145,7.331150330484478,1.6862255300549958,Low,Germany,Facebook,95.51734627595906
0.9619266352922993,7.647226281833822,9.867651686472078,Medium,UK,LinkedIn,44.69187470037412
0.3568179830947876,7.227523307064644,16.0,Medium,South Korea,Facebook,34.035610819160325
0.5570425387605152,9.105365590555683,3.6058323815792317,Medium,India,Instagram,52.56958708809872
2.6963507007415677,10.842689251058815,15.6082667869384,Low,UK,TikTok,65.00449702822971
4.953583799673036,7.769479727560789,5.436869477183471,Medium,India,Instagram,70.22669481484728
1.1463943501268392,7.4901416280429585,7.3066307247661,Medium,USA,TikTok,46.63012421389694
,7.883792048535102,3.929294963833753,Low,India,None,64.09837920430789
0.2324971145672548,6.513117298525062,11.02998105430834,Medium,Canada,TikTok,29.643518781271172
0.011420891978038748,8.647467556657231,9.98088007765632,,Australia,Instagram,55.223756236279115
0.7804417843325409,8.161764613621694,16.0,Medium,India,Instagram,39.60467976678333
4.412426694653206,6.869294687935964,14.358820487113903,High,India,Twitter,42.27442919951687
1.896432178117089,8.853100228563717,6.016525742093005,Medium,USA,Instagram,55.09535028671088
0.3853951307982929,7.528484652518081,16.0,Medium,India,TikTok,34.14594472732231
1.3774298151373798,6.044915042288437,13.605519950166153,Low,Canada,YouTube,48.8025877652372
0.8090947683337009,8.02740666813444,8.36711901066086,Low,USA,TikTok,60.946703592014906
1.0190434726910857,7.85548875509899,3.3257904042033513,Low,Germany,TikTok,71.67439512356928
1.6208531613206714,8.940627219165938,2.415678892397195,Medium,Other,Facebook,69.53344207060775
0.281458662161879,8.747320425112273,2.5420816325230216,High,India,Instagram,37.369672295543445
2.1795377781680414,7.336160504056857,3.4549248567287467,Low,Japan,TikTok,80.9209785621132
5.346358900835156,6.791869595379704,13.823659677664104,Low,Australia,Facebook,69.26657056516714
0.03738355864837607,7.502615625086698,8.103153833057588,Low,India,Twitter,54.90696710643744
1.7843247260905004,8.044963319502985,4.186964841665428,Medium,Germany,TikTok,71.08188124590849
1.5074360730357224,8.225631566647573,5.576038586074433,Medium,USA,Twitter,52.01798551775275
0.14300056655912796,7.952118312204177,5.18283476359599,Medium,Canada,Instagram,49.384439574627706
1.2923755704298383,7.363857084792346,9.77697764775687,High,Canada,Facebook,20.508087174860012
0.577479690286671,8.995225530034835,3.5705560591877075,Low,Brazil,Twitter,72.82858647102225
2.6491750045991718,6.488547158860085,7.461913119475538,Medium,Australia,YouTube,55.95211746891212
2.270176830042818,11.219105178232233,7.243115746634875,Medium,Germany,Instagram,39.702641228521465
5.655214690173639,8.644605570230638,3.6352547603513403,Low,India,Reddit,81.95457512162464
1.2616962173721171,5.808771895244984,15.686549376253007,High,South Korea,Facebook,25.398107605419284
0.07762815653104072,7.7778439964046235,5.066535628664676,Low,Canada,Instagram,53.7429024335691
0.07256233233132328,8.659025277048197,3.3345906401978804,Medium,Australia,Instagram,50.99936431916913
0.14105041073513447,6.9759463417204355,10.091848186512783,Medium,Germany,LinkedIn,29.889456207605626
0.7020515875272051,5.25728392863494,6.25072430786948,High,India,TikTok,23.044945314769233
2.899300941544634,5.941404087601657,7.729599016620467,Medium,India,YouTube,52.26679625439457
0.7918040675492697,8.313139416518327,2.971872186032328,Low,Germany,Reddit,67.88794467353756
0.09027735015737398,4.868075291147443,9.849786215961695,High,Japan,Twitter,6.1328712587487315
2.9897309067355633,5.3259831422309665,16.0,Medium,Australia,TikTok,51.081630664504125
3.212663734611397,8.305252120400889,2.8357310279667103,Medium,USA,TikTok,75.22674570330676
17.876756846396265,14.232393824951199,7.482188157216048,Medium,India,Reddit,41.09901900523301
1.1862580643048526,6.456329415592805,3.7765624185781714,Low,USA,Facebook,67.66277695370682
0.6791121234835603,6.7579017790162,16.0,Medium,India,None,38.52072750697542
1.4602922713376818,5.293779280733521,12.72768429675356,High,Brazil,TikTok,22.932166536698663
4.1092970995170734,8.226680145682417,7.1654037199872755,Low,UK,Reddit,78.47616587095555
0.47491167750459246,6.290184667473832,2.895852423469611,Medium,India,Instagram,44.95201278267123
3.688373324010696,6.6963717231241935,3.348010722010659,High,USA,Facebook,61.193723262273636
1.2968296526629262,8.020177704880767,9.46655161811398,Medium,Japan,Instagram,42.56060466008803
1.3661616590435541,7.115058696818675,2.6711382204587646,High,UK,LinkedIn,48.21560738246359
1.2662051800768985,6.443020035548496,2.721904157142545,Medium,India,Instagram,57.25242548822867
1.403247392732342,,6.0817881666897735,High,USA,YouTube,24.769565154725562
0.4559910118305047,8.051138768801723,6.55383255693914,Low,USA,Instagram,64.20612742855432
0.7282459562345758,7.618489451412603,,Medium,India,Instagram,52.1417746458873
3.053379882450372,6.72391881347494,4.647292636412158,Medium,Australia,Twitter,70.83204222831014
0.5375118154732783,5.94390134179973,10.507485707514006,Medium,India,YouTube,31.722148329366043
4.439263254178054,7.519143717980287,3.607125418626329,High,USA,Twitter,67.1661645659953
0.6768477147564738,8.220707640788653,8.81087375028184,Medium,USA,YouTube,34.13343046682287
1.228933944863926,7.6466383219864555,6.8789939097281865,Medium,USA,YouTube,45.659510966999264
2.074845586077919,9.95709828073823,8.674515302637133,Medium,UK,None,44.7618317243149
4.343728216913019,8.557161753907543,12.295075681947647,Medium,Canada,TikTok,64.8679698305723
0.1404260922741989,7.339075365488938,4.603425005873044,Medium,India,TikTok,51.68533641079909
2.8891663089382207,8.607418134144845,4.068821830076377,Low,India,TikTok,76.93017258615993
1.5943977056485417,7.572993417586618,2.1967165018284502,Medium,Australia,Instagram,63.37348848076011
0.935122128383636,7.567789131783981,1.8014623332631616,High,Brazil,Facebook,39.629344698434934
1.0104718325813962,9.444545695966534,5.443463358940718,Medium,India,Reddit,48.494680074690464
0.1954863751995973,6.152913182789222,5.6716851120539715,Medium,India,Instagram,44.50549280780008
0.3730522856617065,7.534964472082438,3.1529865842367117,Medium,Japan,Instagram,58.12007870379293
0.3363984198844965,9.284565003974407,3.587086022775243,Medium,India,TikTok,49.92525654769201
0.5475075127439918,7.963485837262336,15.090604239808085,Low,South Korea,Reddit,52.10890175718249
1.7075204523453118,6.946420521946832,10.231834282899444,Medium,Germany,Twitter,43.968847354520186
1.7984558212542052,4.940760351938746,2.8378192150243846,Medium,India,Reddit,58.472539945736195
2.267932342065885,4.094479586709436,4.639428401550193,Low,India,Twitter,77.65932330553298
2.8402671218613547,10.614271784641122,7.7183577520887825,Low,South Korea,Facebook,62.04365788122586
0.8747344516512634,7.962767731876218,4.154239526253669,Medium,India,None,64.40759431082881
5.080258638524817,6.623890291370607,3.7239420972474657,Medium,USA,Facebook,71.40598663386761
0.009799352479192558,8.024185333694762,4.938455002392768,Medium,India,TikTok,51.73678223306288
1.8967182338894069,6.0784887925449755,11.63940740983652,Low,UK,LinkedIn,58.41353081846524
1.4974226203842191,7.003198083905601,12.290674222493314,Medium,Germany,Twitter,50.013141766904305
0.1790266545476351,6.0885894105105525,,Medium,Canada,Instagram,45.706838782397156
3.3328354632153316,5.380089623153244,,Medium,India,None,51.338670776603905
2.7639580942902606,4.3425225812431165,6.026418867145187,Medium,UK,TikTok,54.66627848963117
4.1392581541112845,5.103513911656749,3.3037517099289637,Low,Canada,None,85.78855156043336
0.27695937168524676,9.031931645906191,5.061967754793388,High,India,Reddit,30.43409961161879
0.3268430570543079,6.019677058184953,2.83334923510218,Low,Australia,TikTok,52.23967584833959
0.9251277043964021,8.302338167704319,12.156124809177472,Medium,UK,Facebook,40.61699994558576
0.1886254515758332,,15.355646024549163,Low,India,Facebook,48.25937080361501
0.8998402842595765,7.524869527811187,4.728727557833441,Medium,South Korea,Instagram,53.25174118475103
1.8391620064253007,7.052149181518394,4.098218686001955,Low,USA,Facebook,73.19895728557782
0.5311788572837343,7.699534380791496,11.390237884115432,High,India,Reddit,29.66265270189008
1.8299918961679587,6.875069450213829,12.549607178726113,Medium,India,None,33.27537402891212
0.4535993979297099,9.305863893084945,3.0998482505718066,Medium,India,None,51.12560551680547
0.5469030863241521,10.314800811216738,5.535451854816316,Low,India,None,56.81730042767249
4.687747643988178,9.674717745556434,5.8394520610596405,Low,India,Instagram,89.17676510989241
0.008615878124724058,4.272655147839648,3.8096382449819473,Medium,Australia,Facebook,35.563274612165934
2.129815612452397,6.844459861709829,,Medium,UK,Instagram,55.57902165233456
1.1345422422233171,7.506238708171734,3.975032002231076,Medium,India,TikTok,57.78877533210626
1.0048220057551065,8.194586940633815,4.374724527945531,High,Canada,LinkedIn,41.79555808297251
0.427345302972435,4.909028193446928,5.692755275316398,Medium,Canada,Reddit,45.63778184338461
1.4918375959445427,4.884834509446552,2.475797659254045,High,USA,Reddit,32.72627696446106
0.6211037470280159,9.460184624438089,1.7614336265474844,Low,Other,Twitter,66.38848343752304
0.5494051433783349,6.661321022085331,10.495676599934496,Medium,India,Facebook,37.81138273855801
0.5540427846289245,5.268890492320152,3.8798874540754373,Medium,India,Twitter,45.092387443204814
0.47916863776415836,5.844538788415559,16.0,,India,TikTok,28.795360545967938
0.07483511347474167,8.085711964968322,16.0,High,India,Twitter,19.90304440486877
6.119579261040709,6.266178470304755,4.464301785035486,Medium,USA,YouTube,71.47358256313
0.5527901680701299,7.862438463276075,16.0,High,India,Facebook,26.297523651631447
1.140047349461059,6.031908955880244,10.617936753764146,Medium,UK,YouTube,32.683200629544096
1.3942504764627515,4.88369980892397,4.107488282571459,Low,Brazil,Reddit,64.60896407260356
0.13914277220596286,9.636570244831987,1.2851766196654342,Medium,Australia,Twitter,51.104907026701085
4.892254199773373,8.097284866933464,9.142127098915683,Medium,Canada,TikTok,64.10765130719187
11.359976568651774,13.764068520938356,6.1643181166586505,High,Canada,Reddit,29.728272681718632
0.29348715189669294,6.717957417477586,7.8366931355416565,High,Australia,None,16.586454451623766
0.31315440966279096,9.697350553612853,5.273521175058232,Low,USA,Instagram,60.89388522356016
0.7296382458663733,8.387295068293088,3.0455631958352587,Low,USA,TikTok,74.41711359171381
0.9516965505170115,9.220219547453638,4.682274524376213,Low,India,Facebook,73.10350295197331
0.6493735319955525,6.6244609837662,9.244070986380356,Medium,India,Twitter,30.001509951969588
0.17637972859906242,7.5759998102693675,4.890892389491104,Low,UK,Instagram,62.13589507716345
0.06742693283243312,8.103298373994798,4.873192593211018,Medium,USA,TikTok,46.791239517216525
,6.674896336029239,2.4311581461459895,Medium,India,Twitter,63.91303813507041
2.4963076312075936,7.3567018364945405,6.389910672753731,High,India,TikTok,38.71739223174135
0.20318298579043964,6.624584490175125,3.1044632531347456,Low,Australia,Twitter,58.03122066411396
1.4904676186199026,8.098588796253326,10.497275211489077,Medium,India,Instagram,47.8819922585933
2.013619985333019,5.517908754224129,3.894399361516366,Low,USA,YouTube,68.94584929677832
3.0322691076155284,8.357955028870586,5.0661316879389835,High,India,Instagram,51.02895496653317
3.314230296527026,7.966069802614366,16.0,Low,India,Twitter,82.01625849824825
0.9619839030058117,7.195037207239017,5.033197491675063,Low,Australia,Instagram,78.76163181931503
0.8690645181385517,8.174275718478125,4.644367106383106,Low,India,Twitter,69.36234544247966
2.0778612014499838,6.952589304400535,8.596655149842249,,India,Facebook,28.430718968932617
1.300061538501257,6.49480388800907,2.072680959195511,Low,Other,YouTube,76.18002752464238
0.334444746217052,8.315589232183017,12.81332433367571,Medium,USA,TikTok,25.98634833497117
0.013987196724746194,8.380521007731558,10.983169175386012,Medium,UK,Instagram,26.838972450052854
3.4835152236955533,6.739094641786449,8.286859329849001,Medium,UK,Instagram,61.30747487161814
0.564561170861527,6.6104215616354125,0.7975119213083891,Low,India,Reddit,65.04572479991579
0.4933807318813119,7.225539774359315,5.177658778895534,Low,India,Instagram,61.42488873379348
3.638267370690447,6.671991520778974,2.818712623983457,Medium,USA,Instagram,65.22304694152939
0.964225772823907,9.787678664823403,11.875341060301034,Low,India,Instagram,50.84438909597494
0.23749394509475738,7.97471357129131,11.376350150622672,Medium,India,YouTube,42.415008304719386
2.5464053981872756,7.521900350320823,7.635480983714455,Medium,UK,YouTube,56.30589868961706
0.13213077950405527,6.1009125394664565,2.9391877912859354,Medium,India,Twitter,46.01564482352104
5.6305734806162935,8.608484170554961,14.828878451960472,Low,India,Instagram,68.48683352371584
1.1682602309201378,6.582592650083377,,Medium,UK,YouTube,47.02547007457472
2.156208273512345,6.52087903337844,16.0,Low,USA,Instagram,57.17632923233423
1.7405184496287425,8.658921994614879,7.093878578476274,Medium,UK,Facebook,57.483413837868426
1.0545046961736564,8.080984081487847,8.199595398036411,Low,India,Reddit,55.54560299151629
0.9215025836148483,3.7448285862966637,4.589712423431351,High,Canada,Instagram,22.21778360366247
1.2741726233543,7.263343854353536,14.07180776701146,Medium,Germany,Twitter,44.295840786567396
0.45757231279647903,7.68827943082143,8.715127689665863,Low,USA,TikTok,60.17486891680638
1.6466685377993524,6.99060576632826,14.378514093819952,Low,Germany,TikTok,61.3388082458154
0.2984619288635948,7.740545498534708,6.729660651479601,Low,India,Facebook,59.162558504913626
0.34391094379495535,4.785467995636484,5.881293992473062,Low,India,Facebook,47.34547976102142
1.605277472577701,,8.64583842068564,Low,India,Facebook,51.868081866997855
3.021098740661722,6.0367976424445935,14.375484715509554,High,USA,Facebook,31.979858864190273
2.6584226495649057,7.923370682650725,11.134413018738405,Medium,Brazil,Twitter,51.69984689251017
0.21741710427147962,2.6625656572186642,6.572762949102765,Low,India,Twitter,45.72018774141143
0.6003483038758012,6.234680899140739,1.9850992153283853,Medium,India,Twitter,54.580070690935564
4.987325991639459,4.61585854620092,9.83779522661718,Low,Brazil,Facebook,63.846978429354316
2.0923601285027096,7.136063741202978,2.551744190248902,High,India,Twitter,54.896521733023356
3.0857828163231944,10.436848886933774,6.178054732349232,Low,UK,TikTok,74.01945535672226
15.357588204609785,19.436741352974003,5.6437023070967065,Medium,India,TikTok,45.075476026261036
3.763349788494898,7.338745732003698,2.584000837837011,Medium,South Korea,None,77.15081376338954
0.25900084374230053,8.758846411182349,7.564769321581409,Low,India,TikTok,55.03352641569991
0.7076880359234484,7.531959836715861,16.0,Low,Canada,YouTube,49.49398070759807
2.791601790710302,7.177512344715991,5.015016348315566,Medium,UK,Instagram,61.060063176957804
0.6114637367435287,8.889968886217506,9.578565075830323,High,South Korea,YouTube,22.152735782607227
0.9945122500213095,8.207830725767709,16.0,Medium,Other,Facebook,35.33577663841494
0.6298839690927014,7.932938642349679,10.150956438122831,Medium,Australia,Reddit,39.05378633866758
0.4642883344586123,7.291829771148802,4.108647978576152,Medium,India,None,49.289806812440126
2.845641585480351,6.980902942909404,6.974138989161385,High,USA,Instagram,45.65764831222204
0.8632594463877542,8.875756327847494,8.072539444069344,Medium,Germany,LinkedIn,45.23498117058438
1.325552230603226,6.995306070181241,14.300405306332484,,UK,TikTok,44.69541485162801
1.6962235411834676,9.34687931903402,12.533815157205307,Medium,Brazil,YouTube,39.62478608031163
0.5178890522038241,5.929280450566076,1.1480557149535844,Low,Australia,Facebook,72.33905250022106
0.5398655165127236,9.650675931758666,3.619287809164123,High,India,Twitter,32.57114729179477
2.6692790165184355,8.208060124632627,5.800731129578963,Low,India,YouTube,89.78667073712232
,6.047197615421991,3.2898032563162576,Low,India,Instagram,69.29836924063594
1.255965206014732,8.26346795182846,0.6570107256408921,High,Canada,TikTok,44.294672826769805
0.06565161379881279,6.52454565252408,3.9142702255303843,Low,USA,Instagram,64.00593029560252
1.4281515623725078,7.550142081521213,6.036555908614166,Low,India,Twitter,71.66249562243239
0.4899511958339604,6.770059294282123,,Low,Australia,YouTube,68.97262584327314
3.134055590610014,7.300631753800382,3.326211760467106,Medium,India,YouTube,75.43521665498714
0.34832110007277917,8.9121461907148,6.202043130052722,High,USA,Reddit,40.33292075491825
2.7235891455599326,8.27776747822003,7.432430352309917,Low,USA,YouTube,76.1521273283031
2.2993069013645693,5.811951912346382,4.566932397107694,Low,USA,TikTok,78.45644119606094
2.785632026099173,5.8978553375123415,13.777630428199918,Medium,India,LinkedIn,46.24919063141166
,7.906163415398,,High,Australia,TikTok,56.426516251154744
1.092280340201484,8.014780690343665,3.5861951663182885,Low,Germany,TikTok,78.10374424642178
2.6307016189062846,6.488332530919353,3.0810720561143112,High,Canada,Reddit,56.45907688251676
3.1846173793826305,9.886973224473056,5.323963890156015,High,South Korea,YouTube,53.0238302599335
2.5083948292320715,8.720242405904393,11.799443768790367,Low,India,YouTube,51.00251403292294
0.5773892332594445,,3.690591615165172,High,India,TikTok,34.295790357110846
0.7353800610234684,6.416617026276011,8.649726400106195,Medium,India,TikTok,35.04965439363915
3.9750351288328285,7.158280179430129,6.4027920049450495,Medium,Canada,TikTok,63.7367145363255
1.4618232739906496,7.002218383388761,16.0,Medium,India,YouTube,41.28641085162924
3.136298804938602,9.384236240597666,7.645757189238036,High,Japan,TikTok,50.236032064321634
12.539625830034066,17.224167481709927,3.9791341936386986,Medium,UK,Instagram,49.754269793056395
0.9889007779833204,7.552604270252086,9.410458877243112,Medium,Germany,Instagram,40.05785979881679
1.4770443117604717,8.516858341333823,9.602401222468027,High,USA,Facebook,23.401594170870148
2.594733420168147,8.734462839516823,4.767363337423914,Medium,Australia,Instagram,73.56689596073127
1.049537069742383,7.587391092399802,3.0089842923210433,High,USA,Facebook,40.986810207805824
1.2531161056954043,8.103928019053635,8.344654170522839,High,USA,Instagram,33.09404911099549
1.3706068526159312,8.391281331138423,6.284643424460955,Low,Australia,Instagram,79.38246535875135
0.9169028916930916,8.231408585473327,2.435299982286591,Low,India,Reddit,72.22080094750369
1.3332132618090038,6.3317942572863135,7.047779476889946,Medium,Brazil,TikTok,44.99503829301618
0.6302320058399864,6.483435363980907,4.128046370117522,High,Canada,YouTube,34.81637799647822
1.5185194535582327,7.0671080074709245,2.4366856478596324,Low,Australia,Instagram,69.29514103026493
1.8394212616796923,,4.897526070100816,Medium,India,Twitter,47.622574741035905
1.7997106281969146,5.290349141046521,13.062574597526096,Low,India,Instagram,51.15101558006982
0.11360191580816706,8.51392794142356,12.488858165379087,Medium,India,Instagram,31.61808799828458
0.03480191784974693,8.019612190303501,10.676566159684533,Medium,UK,Instagram,35.87109765812123
2.0731827856129943,5.490950135561181,7.110266560603964,Low,India,TikTok,58.88362476411717
0.9830825818778703,7.138624932408695,8.649299387624009,High,Other,Instagram,29.965814077766026
0.5396030550018829,7.223571274121059,6.418514784030213,Low,South Korea,YouTube,49.38123799620411
5.6648556138267825,7.772916642764909,3.1173070504887557,High,India,Facebook,60.94694194489773
0.26839362908789294,5.877116327028512,3.513802767960927,Low,Canada,Instagram,61.671988956798955
0.9305810206336584,5.4690086460083815,4.202549835073317,High,India,Reddit,33.45652936402864
0.42922639696583786,8.279586744050865,14.02463527862924,Medium,India,Facebook,36.5015817509496
2.4206402200746817,5.1990569815970655,11.542252569233666,Low,India,Twitter,54.85965673165626
3.2270632564813746,7.151004760418005,3.16474809630567,Low,Germany,TikTok,87.73279678002444
0.6482984656144326,7.01088422136266,6.246583468539238,Low,Brazil,TikTok,66.7832621323713
0.7592877513696066,7.315073522659822,4.751382908703655,Medium,India,TikTok,48.45880165133992
0.3384252590989174,7.879076431766777,5.512066931014139,High,India,LinkedIn,38.334094160716944
1.1493735006535086,9.89785592671711,4.385809908883629,Medium,USA,Twitter,56.32526285564261
1.154424754888554,5.100761699113649,14.061140133680098,Medium,USA,Facebook,23.958985704272997
0.633929199558569,8.814872374099124,5.981408515134534,Medium,India,Reddit,46.217667842058916
2.4786774713660886,3.731763140802934,6.887402943974268,Medium,Germany,TikTok,40.649256358219745
1.4386378793604475,9.590566723225978,6.920963013030905,Medium,Japan,None,40.33525933848401
1.509077383539486,4.435695989194265,3.2652551119092643,Medium,USA,YouTube,53.61241943529221
0.5027857891453889,11.154591957052187,6.456789537902352,Medium,Germany,Facebook,37.62855923486543
3.256685477515213,6.915348255784267,11.443136215267813,High,Canada,TikTok,41.97869005552586
5.34882407572837,9.435574591159552,14.637907841043335,Medium,UK,Facebook,48.83021702643543
1.131854160671841,9.126234035116298,3.0383391058859934,Low,Germany,Instagram,73.0063706950653
1.6002027193341064,6.845266363043387,2.432304732791747,Low,USA,Facebook,70.54960943519826
0.3340940166098917,,6.279439645182671,Medium,USA,Twitter,43.20196742166436
2.3979094810412307,6.244261555301586,11.769513016541929,Low,India,TikTok,58.85256787413856
1.3293120660152846,8.681055249666434,7.506414131385616,High,Canada,TikTok,39.39819429515483
0.7339986074300933,6.864797843672298,9.099119454943141,Medium,India,LinkedIn,36.767656642628786
1.380985719340724,6.2715247079238985,2.67473574206783,Medium,India,Instagram,58.603356033316054
1.402879551643477,8.305914017934228,4.2922347130192575,Medium,USA,Facebook,60.43563367864164
0.12198978262294599,6.154235337891377,1.6198484840795038,Low,India,Twitter,64.16424034208147
3.9490939703116608,7.006526562371996,5.55393769317715,High,India,TikTok,52.667922464930065
1.219859847107438,7.66065879730829,1.651143924860946,Low,India,Instagram,80.79255535411289
1.0528427142014913,6.536355766108098,13.458313525770947,Medium,Brazil,Facebook,33.08619463962893
0.3962995713187214,6.762676978620097,15.377307454068566,High,UK,TikTok,20.235801189836966
1.2360804810553367,9.802474801709186,6.582312288528289,Medium,India,Twitter,50.542284736024484
0.2923304066088098,7.19364719957228,2.4411180105136103,High,Germany,TikTok,39.99717724205479
0.8172777591239773,6.960559560324581,7.579351124392325,Medium,Germany,Twitter,41.66121544796274
1.4805240536068114,7.237312292896917,16.0,High,India,Twitter,29.665449919582407
3.0125824480078993,8.1816824827486,8.04814234184677,Medium,UK,LinkedIn,61.43476793691534
0.03435890188557092,5.949204475989205,12.317122829865168,Medium,India,Instagram,26.477989500186357
0.5781208510924355,8.14082310068758,4.521757804216154,Low,USA,Twitter,61.818843263647025
0.3082231909304828,7.883730285088861,3.586848534051638,Low,Canada,LinkedIn,74.93391541866428
4.5462524646584495,4.817016923888824,5.797824694339369,Medium,India,Instagram,67.45094364788277
0.4539556545980462,10.191383405113143,1.904037796043941,Low,USA,Twitter,61.586363122619275
,9.69122034114481,16.0,Medium,India,Facebook,36.94427715077217
1.2169099351558428,6.299155600882743,6.5783899561969825,,USA,TikTok,38.775267932875316
0.28423621775911606,5.816360193454075,10.176323256178584,High,India,TikTok,8.75119517051511
0.9409558265773783,7.842077245537864,4.586397616678961,Low,Germany,TikTok,59.637797891292124
6.51431598215858,5.361205068253068,2.3968327494859922,High,USA,LinkedIn,61.03673507949816
0.2166594666729594,9.546424430553383,14.23194233269315,Low,India,Twitter,45.49595489007504
,6.797319396371411,3.0818800950763565,Medium,Australia,Facebook,45.3779731800102
0.13063885791618352,9.932710392463225,7.458119152830517,High,India,None,19.905668428726866
1.3303268863944984,6.263394944420599,7.892010248804894,Low,UK,Instagram,57.12077337419135
3.2035706366525747,7.331696871649919,6.324119289852371,Low,USA,LinkedIn,96.31377785243416
0.911460213907076,9.400818909866048,3.7782066214904613,Low,India,LinkedIn,64.58935185716966
1.172135033011525,7.0151407805417545,5.530181620624997,Medium,India,None,53.24881639623906
0.6034879308276909,7.908137614763611,3.4211252053460584,High,India,Instagram,47.368870308084865
0.8973929329114437,9.138988133457019,9.83066533044389,Low,Australia,TikTok,59.483663585041946
3.038384137035563,6.66592882374875,8.524361785523485,Low,Canada,Reddit,78.13982317203077
1.3143413861102302,5.607391364178463,5.972457833841559,Medium,India,Twitter,43.88477316732929
4.463033954163287,5.311934105538633,4.301608906341469,Low,India,TikTok,77.73322094411155
2.14332450916195,8.375149124156811,16.0,Medium,Brazil,Twitter,39.77367634216932
2.052058597213124,8.083167580496427,2.769762588235892,High,India,Instagram,53.78691480328342
1.9658697625489787,9.092494759621635,2.3946381692293848,Medium,India,Reddit,65.53441719349135
2.0363695231841046,7.088932921526115,5.759187533938457,High,Canada,None,46.95733505479347
2.6453776200174612,5.3538941135991855,5.18189906555969,Medium,India,Instagram,66.60128656552133
0.49485868908815656,3.970871540577636,11.687845700767156,High,Japan,Instagram,11.398903895014149
0.6678830183408592,11.801943801527552,8.914417171088003,Low,India,TikTok,48.20247178497463
2.1348559894946497,8.290384527806255,6.15777402209244,Low,Germany,Instagram,75.43554455235468
3.722352801936576,7.705187634123441,8.167825115430128,Medium,India,TikTok,69.8226755660373
0.7979863413909936,7.917959640470724,8.079253251956768,Low,India,YouTube,60.913257807182
0.5130706449347807,5.352991577651346,,High,India,Facebook,19.21956246476835
0.18128206548377845,6.30769201355543,7.042886034856938,Medium,South Korea,YouTube,41.09630753939218
0.12589264020436583,10.114995191986864,,High,USA,Instagram,29.460067244248243
1.3082156352807632,8.487520928778327,6.814826865409827,Low,India,Twitter,58.774929102929704
0.41012528380480917,6.354603513558096,1.2570809816026771,Medium,Japan,YouTube,59.02344887199836
3.5779012196228095,5.6597770078751415,5.932296909203499,,India,Instagram,62.69904391939152
0.24096454977254997,6.72645883658315,11.655631836725629,Low,India,Twitter,50.346426803895255
0.9090499337153459,7.0268540291656825,8.682508384574142,Medium,India,TikTok,43.2412512461073
2.010677111295977,10.573719053770056,7.236470779736903,Medium,Germany,Instagram,50.12901498457467
0.6080044822584559,7.2175989360510675,8.931135061323968,High,India,Facebook,30.909863878685623
0.7508750550915227,5.715672323800481,11.727704244472445,Medium,India,Reddit,29.500072038248923
5.94669325625148,7.412096454584873,14.226978328168004,Low,Japan,Twitter,74.98657865024333
0.18077556118561786,7.896507702567002,7.912735421767699,Medium,UK,Facebook,37.36322165098461
1.3100418749043947,5.579180133618943,5.004478138467263,Medium,India,Instagram,51.16926086041237
0.6355990305933286,8.10324830167892,1.5096635412948154,Low,UK,YouTube,77.15407583841494
0.279346762078956,9.313373928407355,10.879758627449489,Medium,India,Twitter,28.826434699769468
4.1428118368107105,7.708006924876145,8.240998453832754,Low,USA,Reddit,78.69785125959085
1.495019142256274,6.304402272225481,6.629939589781854,Low,India,Instagram,60.75936666382157
0.40658592482064365,6.706694343644775,4.003500497846891,Medium,UK,YouTube,46.18070887928482
1.016590931206001,5.0117460350072065,10.795087850472957,Low,Australia,YouTube,47.95374624888766
2.1219112264311075,7.299247148846197,5.184420882473652,Medium,India,YouTube,62.55322049875881
0.7877257438608378,7.96616993524487,5.925983906315714,Low,India,YouTube,56.7491345831068
0.7612364935934676,6.155051122701783,5.849796337288693,Medium,India,Instagram,45.938049531811124
1.1580235058642165,10.409550226541443,7.92411808482702,Low,Australia,Facebook,53.299026512152146
0.46724896935297444,8.688419243176721,3.0368499981302386,High,Australia,Twitter,36.320650081511566
0.02894639946562068,4.810833991577336,8.478479395399361,Low,Australia,Instagram,35.64293412542384
3.6295595986056837,4.841606162238664,3.925395010997757,Medium,South Korea,Facebook,62.32598061399331
0.0781400474746318,6.023964295944272,4.008903553440499,Low,Germany,TikTok,55.0836306501184
1.3738406000202947,9.859778110138908,10.28970651989187,Low,South Korea,Facebook,59.919226331130936
,,3.330035362624281,Medium,UK,None,41.010110193704264
0.1749739413539024,9.93556829333743,10.278614149776656,High,India,YouTube,8.837900407188968
1.0310564930025432,7.515313929844132,6.4290066197247935,High,UK,Facebook,30.0790312609893
0.35692111270638405,7.185766008056583,2.2502334146450247,Low,India,Facebook,70.2661381062975
2.750227872909786,5.6287357709090635,13.71767998900458,Low,India,TikTok,68.38240588930502
19.871577710234988,14.870297849838217,7.287439402368272,Medium,India,Facebook,47.38526337511023
3.1158399210492993,7.205747749624469,7.663551507147422,,India,Instagram,57.117596002407865
2.7030231229311146,7.147991714277207,11.071180563653849,Low,Canada,TikTok,66.06999665726583
4.4362485545224235,9.927076261579257,14.872776283895291,Medium,India,TikTok,48.24581134996265
1.4086789426208908,7.310481595703159,6.825162414127756,Medium,India,Twitter,53.98710850796411
3.601807776306413,9.496472166071527,8.761546176129405,Medium,Japan,Twitter,54.862394694320265
0.3094776581580568,5.11788800828608,7.558793279751385,Medium,UK,Instagram,24.986400022805956
2.700683679561266,11.532168349294384,4.92477887913713,Medium,India,Twitter,58.08838143844087
0.4906270319348317,6.940094307366946,2.339502308944414,Low,India,Instagram,75.15293038042438
3.0338833012303192,8.560776034911038,6.882302319736477,Medium,India,YouTube,63.92884423235541
1.8063924670445637,8.799409367919768,13.837228792528293,Low,Brazil,TikTok,61.855504156376
1.2020529419558006,6.753964904436847,8.584856491464832,Medium,India,Twitter,35.63863588018268
1.5320489974792135,8.72854513508858,3.188485647448959,Medium,Japan,None,51.07480906834272
1.4422978530567137,8.806504764871857,11.687418290309987,Medium,India,TikTok,34.066945432110565
0.40511673296425865,6.430283248431348,5.0244605195400025,Low,Australia,Instagram,59.17730656128414
1.4593491553996776,6.4480496637271605,1.7242367287983833,Low,India,Reddit,74.616690094856
4.471399820484059,7.567960235227114,11.142228831296125,Medium,USA,YouTube,61.00300397980729
1.3453993265565845,7.326759078471997,3.430725056399198,Medium,India,Facebook,58.50515241468773
0.20339797585871192,9.589695143774302,16.0,High,India,Instagram,20.20721241547139
2.828154634290158,8.554002277417618,12.045173500942091,Medium,Other,YouTube,59.770560954826976
0.43916503736451035,7.394364645805363,5.276803073309271,High,Canada,Instagram,31.286471574524313
1.9078878473152376,,7.96945339350973,Low,India,Facebook,63.685807172715094
0.10464063172346627,4.430020383304963,16.0,Medium,Australia,YouTube,11.976399834970842
0.5709045055395341,6.577033539552388,11.023222928330934,Low,India,YouTube,56.043215468323865
0.03620126384730846,7.931731512478332,6.979100322699681,Medium,Japan,TikTok,37.856155329416424
1.2386493834865733,9.173048252838676,16.0,Low,USA,Instagram,47.734832387650535
1.0446525513451068,7.79965400198369,6.491856897911903,Low,India,Twitter,66.97548118934715
1.1015208651571424,9.687358499966486,8.577040220383518,Medium,India,Reddit,33.18242569207728
2.4408841477585543,8.801909787037896,3.4496476195452233,Medium,India,YouTube,68.33957143782786
0.7081242979952811,6.767505863892984,2.2148145616411408,Low,Japan,YouTube,68.51642722273661
0.4813794579745218,7.289954031069346,5.090207647062328,Low,India,Instagram,67.9037273829122
0.06872370959646826,8.112632529357857,6.1906794759836075,Medium,India,LinkedIn,48.806042529471654
1.173875821305874,6.827046670715454,7.371035148245927,Low,Germany,Instagram,66.78821840041664
2.22673598900597,9.79693526687489,2.5808979265630083,Low,India,Twitter,80.20521066734862
3.510000666613089,5.836910798561567,8.992623168266514,Medium,India,Reddit,49.574385324912356
0.1531766806703729,7.974159675636579,3.675792242322554,Low,Canada,Facebook,61.74814235232387
0.2008195991070268,8.603170220407586,8.716699038629635,Medium,India,TikTok,34.748645448561966
0.4190584543732655,7.029829515808347,10.601080074057265,Medium,Germany,TikTok,44.44315994452838
3.278219985930896,6.6918010010261275,4.771661399162103,Low,UK,Reddit,81.592110182901
0.7085729714881258,7.385878055325001,3.392980167421082,Low,India,Instagram,70.53472305665277
1.5080217412317203,8.717997769177762,15.27457361001649,Low,USA,Instagram,66.78516155505993
0.40966680043468706,6.750228003708219,10.213876700952637,Low,India,TikTok,49.551312062719795
1.6164774561933553,5.8966182196360615,6.6272225861280045,Low,USA,Reddit,59.2069793633704
0.014871543586540805,9.225877165489539,14.60051289961577,High,UK,LinkedIn,18.86625206086091
1.1534001988342943,8.098944709403382,6.359546274916884,High,Australia,Twitter,35.790178022837864
0.19246220406145828,9.011786145734277,4.169081192001191,Medium,USA,YouTube,48.51547635425772
4.180322395165962,8.638997596901161,3.316728021832774,Medium,Australia,Twitter,76.7129738165303
0.37722871034315614,10.769833962422947,5.670745092894952,Medium,India,Twitter,35.29010510657566
0.1528978929006415,9.17245805340982,9.612191943124861,High,Japan,Instagram,18.43472890230349
2.830887098147551,6.413880657187769,13.927363875395224,Low,India,Twitter,74.30285042324226
0.1579908514093923,8.205401950847374,6.135589303994966,Low,Germany,Instagram,56.97067207923483
0.5839230971767272,6.663766918434682,12.52685771788121,Low,USA,Twitter,55.91091536609923
4.188873912168014,6.818810754243249,5.319814004056052,Low,India,Twitter,79.02322401620317
0.9171420239259609,5.381249399077052,3.7849822177979013,Low,India,Reddit,71.41002228455707
2.4082397682905388,7.070830227200192,2.7627099382964686,High,Japan,Instagram,49.365034464501335
0.1421117013121878,8.31755143280205,4.464941099298057,High,Germany,YouTube,31.735056617956264
0.5087129907828738,7.40096744229939,2.825839655240087,Low,Canada,Reddit,77.15025343169604
2.6955383991243016,5.850947395126963,16.0,Medium,India,Facebook,55.72926052783474
0.2436817367876713,5.215471001297528,7.874091837076779,Medium,UK,YouTube,35.21824160730895
0.2756217073103123,,5.712353386462206,Medium,India,Twitter,31.843767070161253
0.2460896752948003,7.98774112956225,16.0,Medium,UK,Instagram,37.331728110464326
7.7622788012353015,6.26389624560017,2.7694246155851485,Low,India,YouTube,86.13826670622272
1.457178735029748,8.192675189554315,5.571778475864356,High,Germany,TikTok,37.678217469016765
0.3673062900150676,10.78377911670913,,High,Canada,Facebook,15.287519680545236
1.955126138630797,8.430693539468843,5.548766750586743,Medium,India,Reddit,56.16285258938792
0.7142869062023467,3.3193981964572012,16.0,Medium,Canada,YouTube,15.538941098074586
0.13161725184540407,11.478437531980415,9.692601898776537,Medium,India,Facebook,14.803345398461548
2.9804209738827723,4.726130279564433,13.244144698037488,Low,India,Instagram,69.30936533279205
2.2537113477006625,7.190982081934752,13.476358042247934,Low,India,Reddit,62.24120274001524
2.134924568739823,5.799893549950724,6.055466853312273,Medium,India,None,50.692777508837494
0.33149060386234064,6.38999683504018,4.513500430978707,Low,India,TikTok,54.774812266299776
1.9042939864150341,7.926614527473956,5.644805874441828,High,Canada,YouTube,52.668418963783694
0.6973839670752677,4.393464736802086,3.346250609550944,Medium,Australia,Facebook,35.88605298492352
1.2076215491467281,7.364631621765616,5.8148923309888465,Medium,USA,Instagram,46.56159913197836
3.8684972070900097,9.22101363411204,6.03367555883,Low,Other,LinkedIn,78.42261606266214
3.1046881293746367,6.235139513118674,16.0,High,Brazil,TikTok,37.67022901002972
1.1425092232895637,5.414572410086766,8.636223794337646,Low,India,TikTok,55.50098019303976
0.8586921476122416,7.291042346766386,16.0,Low,USA,TikTok,50.65573054992581
1.6468742869633588,6.992487764922936,1.6557822262266562,Low,Brazil,Facebook,87.72715884178443
2.477099817155474,6.607158494498297,2.914720057366508,Medium,India,Instagram,63.61469369585432
1.8920743355490202,5.71748088582358,4.888046834750277,High,India,TikTok,33.74349641582595
0.7318337345236668,8.278776871779183,14.812874161264421,Low,Japan,Instagram,49.22068607759718
0.12487493180786068,8.392895267162595,,High,Australia,Instagram,26.396215780306527
0.9548208792089452,5.901529898315269,2.507544277212321,Low,Germany,Instagram,62.13311368544249
0.032218961311684585,6.10911953309436,5.222234306128293,Medium,Brazil,Twitter,43.39316790421216
0.22166371903161622,7.704737991008589,2.9489260267783224,Low,India,LinkedIn,63.215737970046774
1.9996396745991036,6.0525425128684995,2.6217041338752947,Medium,Canada,Instagram,60.98888266429314
1.1251483320665934,7.767992974045183,16.0,Medium,Germany,Twitter,37.92541184122762
1.1286661342455,9.702069792924094,4.899017525396351,Medium,India,YouTube,44.10120070863054
1.0789369074252875,7.410265978157529,6.711964752135993,Low,India,Reddit,70.02532985547315
1.2616577632162842,5.679575448841138,5.721472439163277,High,India,YouTube,39.521760698904245
1.7257703531499795,8.088155245982623,5.202309310795909,High,Australia,None,51.79277460729426
2.5594848484320507,7.233517905720576,3.6531995791222793,Medium,Canada,TikTok,60.92027224253132
2.7597274459812224,7.274764443763029,5.0209503949965875,Medium,Brazil,YouTube,59.96156496947411
0.6619560474322668,8.212984309318184,7.406376268596446,Medium,India,Facebook,55.81966585029009
0.4384583942756318,8.536556104167488,14.170767092964587,Low,UK,Twitter,50.0897791373266
3.4610724448847616,7.553253248209956,10.68094573878744,High,India,Facebook,36.33903660614458
0.35348293773789674,7.408979524936075,2.9111839715915866,Low,Japan,YouTube,73.59700669939352
5.845225914244391,10.595312235710086,10.947591206723395,Medium,UK,TikTok,49.95567626810428
3.6693731603617263,9.300830998360947,8.046705933813016,Low,Australia,YouTube,77.52739645035231
0.7120859534933539,8.750319177097753,4.15855392488871,Low,India,TikTok,56.10957442029493
2.284896807837325,7.696808918820294,6.748081604247845,Medium,India,YouTube,58.564831776341116
3.950104552818262,5.991385146157539,8.52814875320962,Medium,India,Instagram,60.389185771584266
0.08121424199325641,9.191079578900991,6.222873444799522,High,Germany,Twitter,22.126401517370905
1.4312036390794645,7.716441220077032,8.069939622198124,High,India,TikTok,41.31554677277812
2.452248856943103,6.6342464792652995,3.6046669822697246,Low,Germany,Instagram,73.5595339319488
2.5225649401423347,7.135289319618458,16.0,Low,India,LinkedIn,66.1587754670338
0.1363976810593066,6.050726150642777,1.9010933396934042,Medium,USA,Instagram,56.7659601167631
1.492302437392795,9.085993564478793,8.55666690438752,Medium,India,Instagram,40.44848291868691
0.18454973322681112,8.524555624682678,7.538762755750194,Medium,India,TikTok,41.88865431989879
1.9515302208869905,7.772448692292526,8.897461720090654,High,USA,Instagram,40.383881058608345
0.15187594018994088,7.435821639562095,3.9549888777307265,Medium,India,TikTok,49.52784111395569
0.9349149198628108,6.478996684125236,12.201003677462925,Low,USA,Instagram,50.14506602095314
0.9017841878115795,4.304891034362219,5.670127424778325,Medium,UK,Instagram,33.87692717525744
0.527771155746946,5.3806096550099,2.969136104384723,Medium,India,YouTube,47.304498876453245
0.6000853088302089,6.386031990721065,3.1365195670528183,Medium,UK,Twitter,49.99022738583974
0.2530138242802057,6.160550426979221,6.519665306763974,Low,Canada,TikTok,46.185674548661005
0.5858263352956512,7.934040936924098,2.321206482166149,Medium,India,Instagram,64.11899549048275
2.8541190865547117,8.717240612959982,16.0,Medium,India,TikTok,50.41373698750264
7.067001487835754,7.307341171648447,11.351532630388148,Low,India,Facebook,65.17778675906354
0.34996981028082175,9.613375402682152,16.0,Medium,India,Instagram,28.367847591422308
8.785232030458504,6.325653420620054,16.0,Low,India,YouTube,63.839016170522974
5.484498563617704,7.296694309877583,4.898142840444046,Medium,UK,TikTok,68.65021548362604
1.859814330256974,7.423519231083606,3.5908980427803545,Medium,India,LinkedIn,57.38309078768745
2.0200856422488696,9.138279493251629,1.213290864644673,High,Brazil,YouTube,55.814197024723065
0.06233586720227878,7.658830623123268,4.741054242775139,Low,Australia,TikTok,69.18662769563412
1.1918740615029129,7.700353371837193,16.0,Low,India,Instagram,58.86573060429738
0.9551827763894811,5.017735327488118,3.6813870815674146,Low,UK,YouTube,54.28750791749321
0.5606184295684584,6.150139936183868,5.333711850818507,Medium,India,TikTok,39.18512917708297
4.021991514787117,9.143928410546375,4.337325225161533,Low,India,Reddit,85.68737377242975
1.496433805217464,4.386986604604225,7.5760889145854975,Medium,Other,TikTok,28.744426188859407
6.865247346421185,9.514488978645941,13.087411454618685,Low,USA,Instagram,62.77813344365546
0.1752430397269718,8.249496733431346,2.4024129533055874,Low,India,YouTube,61.160405855237606
1.6026716755343018,6.378718007454367,2.6948280824341992,Medium,Germany,YouTube,60.17632152622606
0.6422420908105624,6.251926535389069,14.76075579618003,Medium,Japan,Instagram,43.956539259389984
2.8401426754901773,10.34393294977246,9.391829645554548,High,USA,TikTok,28.560896266571298
0.37945757536939295,9.617108709719131,5.177755510251477,Medium,Canada,TikTok,47.704485527741376
3.2468697212276294,7.320838842684753,16.0,Medium,Australia,TikTok,54.463973531283244
3.514832012790799,7.701887594178569,2.6670758051281007,Medium,Australia,Reddit,70.53899668198494
2.5128377054478874,6.530727958634591,10.57748932839244,Medium,USA,Instagram,57.04625765281746
2.535087778049144,,5.806959631570146,Low,Germany,Instagram,90.37122876684307
0.560663667165771,6.4891444671460565,8.705250084206154,Medium,USA,Instagram,38.738074606859264
1.0218962992797063,7.38218546373873,1.4444212650519566,Medium,India,LinkedIn,63.905412278995044
0.5350895868597885,10.215494069647113,5.173647664147007,Low,India,Instagram,57.795974231754194
1.2612425128695177,7.3565789301743605,9.412871203336254,Medium,India,TikTok,43.24284566599306
0.9211630294397316,5.92796717808956,5.824084786809378,Medium,India,YouTube,46.22135461566285
0.8720114616944531,5.4504419280225385,12.847878027783972,Medium,India,YouTube,35.158451494220856
0.1867179492749078,7.69067663604672,12.592268371237708,Low,USA,Instagram,58.573153306633756
4.966055003887909,6.3586572682608145,3.4036957441870688,Medium,Japan,Instagram,67.31172325332359
0.13386379558905856,7.8699047129738045,9.918439404241868,High,India,None,21.391363461572574
0.10490480925734359,,3.3347656454299672,Low,India,TikTok,55.3430450222257
0.01048366732668024,8.535375201863824,6.248923848562188,Medium,Germany,Instagram,47.44036893414702
1.5522631746953666,5.909752692310493,8.968127918802658,Low,USA,Instagram,68.63720016153636
5.801027737121477,7.569445888916008,3.6650069851486142,Low,Australia,YouTube,94.4080883442506
0.17890247431070067,6.992545173840043,,High,USA,LinkedIn,22.14189675549361
0.1466668263046946,10.077583443418305,4.467310511688661,Medium,UK,TikTok,46.23409659155567
1.088917403478059,7.757233760144291,4.269861894685917,Medium,India,Twitter,63.40273300648005
1.2479910263265812,10.418207922171892,9.244146959615069,Low,India,YouTube,64.27296551827762
5.451084854896776,8.34111360009363,3.6634899589906285,High,UK,Instagram,51.04989446006632
0.09479834473864045,9.638108883468718,3.553378064085485,Low,India,Reddit,63.320480764036475
2.165007414760931,7.186802690365619,11.298767218037751,Medium,India,Twitter,36.1612218557472
0.7311898277205757,8.018254574235483,6.456802919293853,Low,India,Instagram,69.39126054167033
0.7818839130563163,9.327965383528435,2.528252374073071,Low,Canada,Twitter,72.37776860691392
2.9591714796174697,8.857439922876072,10.108582616710665,Medium,USA,Instagram,52.509477291165
0.5182524852242185,8.296489917276853,4.740010072259235,Low,Canada,Twitter,52.75988174948284
1.5646295408825983,7.008097750818408,2.60697878252609,Medium,Canada,YouTube,61.960006519517414
0.06130497417546213,,1.3439472506507475,Low,India,Facebook,70.29212396775502
0.09878832185402424,9.206492927405035,10.402525136053885,Medium,Brazil,TikTok,30.648795652454222
2.543149215240926,9.51886687309821,3.6112326210266823,Medium,Germany,Instagram,62.13450480671406
0.28876564586670816,,2.868224327911482,Medium,India,Twitter,45.098445421771544
1.9357869899593974,6.384361538467545,8.87858056755773,Low,USA,Facebook,61.56836358923617
0.5006030126034486,6.1437993175946755,9.810713057994594,Medium,India,TikTok,28.04385589706974
4.042573639081852,8.744550923595234,3.772501090944367,,Brazil,Instagram,61.63704512425393
1.9045612362628506,6.1057874669062215,10.460271305864863,Low,India,YouTube,57.266126071363225
1.353615315619547,8.726405109032621,16.0,Low,India,Instagram,49.29997244169741
2.042622755617347,8.31853551468152,13.5718522785506,High,Japan,Instagram,35.95033731949027
6.165470647566709,6.68236223345133,12.362086607005436,Low,UK,Instagram,71.80040625294214
0.6797795604158408,9.8457889707769,7.304404141404424,Medium,India,TikTok,47.884009619410406
2.973629031334652,5.30661163784816,4.635615928897169,Medium,UK,Instagram,66.06713430228507
1.4074861024242125,9.989298899637841,5.850156238142679,Low,Australia,Instagram,59.18384818073685
,7.9783287963682445,7.880922473614169,Medium,India,Facebook,47.368575792896024
11.528137873404251,17.56236523976581,2.8448001663343554,Medium,USA,Twitter,46.298984609388896
0.6881715930666208,9.887819453732419,3.8128267967338867,Low,UK,Instagram,63.56286263901844
18.931988642486957,16.11101257346464,2.5685715164738223,High,USA,TikTok,39.454297236687495
0.24111343716608313,6.857682474880443,6.966493220228757,Low,Other,TikTok,62.23688164847019
0.02518253150937138,6.052919152137905,6.3587534100871625,Medium,USA,Instagram,45.960758419544234
3.7085392451255776,5.146399884242422,4.089304066631197,High,UK,Instagram,54.735958360459136
0.48118597712230726,11.123169242715587,9.897671458151015,Low,Australia,Twitter,40.92955915985085
3.4344103666400145,,3.232448114844979,High,India,None,57.27694792876335
1.9861198994067821,5.604617156998612,3.999219255300264,Low,India,YouTube,72.43139972952557
0.17420725824553218,7.901878686525224,9.663113366307801,Medium,South Korea,Twitter,33.2962149772877
0.5776828251183432,5.043159799858327,10.562283211056888,Low,Australia,None,42.21597563719775
0.9332519216829069,6.027677402333166,3.753032869750394,Medium,India,Facebook,59.18324513912283
0.8559808212105979,8.992453791240703,6.953363941566761,Medium,India,Twitter,48.72542950216821
0.945380194800954,8.19631589222907,3.79132535378344,High,India,LinkedIn,52.596302542723905
1.4607327339169738,6.920445060390927,5.374127739672708,High,India,YouTube,33.51982987742451
4.314664036769768,7.527460009397069,6.594938339159604,Medium,India,TikTok,64.71470644425325
0.5466944703906332,6.836294204699994,8.46736802301524,Medium,UK,TikTok,40.62660500394371
0.46167666490490605,7.40700328594644,7.319451607040788,Medium,India,None,46.73458674276292
16.587215105352687,18.7705392861864,7.127050001813446,High,UK,Instagram,20.250697966553595
1.0483398995207693,6.629641020708859,3.167368122370875,Medium,South Korea,Twitter,58.98936724031846
,6.583982793681851,7.636703137848706,High,Other,Facebook,36.49463902735192
0.5286828297406487,6.411208722216368,8.420247403977694,Low,Germany,None,44.88406448979542
,9.065866494624723,9.146403281789793,Medium,USA,Instagram,38.41724734251065
1.066301613751111,8.65517608801958,3.9286187158927373,Medium,USA,Instagram,61.45448365840912
0.534944532306538,6.1014550974135755,10.478770674387029,Low,USA,Facebook,48.16615196465423
1.2503145011516499,5.708409311186143,2.7446651523090577,Low,India,Instagram,59.77468384137957
4.554864585710407,7.264085035304076,4.671634953748765,High,Germany,TikTok,53.99307130301057
3.533283813840532,10.732931397434319,5.127860679286931,Medium,Canada,Twitter,63.43832388359625
1.972436648646183,5.958442194455179,2.8364536653383903,Low,UK,Reddit,71.19360465397551
1.9659126771231428,7.258163415443939,5.081331802600259,Low,India,YouTube,79.64816482778252
3.735071549284468,7.633080620576493,6.909439696534237,Medium,India,Facebook,69.90667441670523
0.4508712684564623,7.337036738932276,2.0229092355174045,Medium,Brazil,Reddit,56.570277399005285
1.907077872374302,6.812685188670767,4.774011657266991,High,India,Instagram,43.659535265384235
2.4960128246925004,9.232619958297832,2.119032127156578,High,India,TikTok,55.704474318174
12.073176692332272,16.900718369666368,16.0,Medium,UK,TikTok,44.285415276497915
0.03329274284853574,8.768707985617613,6.872271761901254,Medium,Canada,Instagram,33.58339319189147
0.7534746439847658,8.384069924499496,6.524064493580675,Low,India,Instagram,61.030821649537245
3.5006046614599793,8.84092248270898,6.953492469773528,High,India,TikTok,49.61495673237651
2.8393259754821436,9.876608749461095,8.694688990231587,Low,Australia,Facebook,75.56446447769846
1.762075183691771,9.496565950182502,,Low,Japan,TikTok,61.57055740634496
0.14864659334276442,10.98720593939387,2.367578357575557,High,USA,Instagram,35.682992951326625
1.1506201527617022,9.326011922110787,13.277973817922167,High,Australia,Instagram,16.87613805961812
1.1153031003827565,6.49582983520874,12.775064390257741,Low,India,None,51.12485782629414
0.06889147923129985,8.770968062708743,5.813553684193619,Medium,Canada,Instagram,53.3026659853592
0.6178086652337638,,5.633679525424659,Medium,UK,None,44.88081844322645
1.2680921425614868,10.380442357848283,0.9402058127270555,Low,Germany,YouTube,69.45781465270197
1.5429758688013027,6.049262224985567,2.867972409805428,Low,Australia,TikTok,71.01215148624904
2.091342878203103,8.336926622089404,8.259049974776403,Low,India,Twitter,79.82597031831627
0.3803758541344892,,,Medium,India,Reddit,28.598963838498925
13.438754054706076,16.809125985962808,9.368023672728548,Medium,Germany,LinkedIn,51.16521405285543
0.6920062463356745,7.177880003100421,5.780966946837857,Medium,India,YouTube,49.755322867370914
0.14029947746534235,8.219203206286332,16.0,Low,Canada,YouTube,40.60313888187324
0.9869436461291837,5.384492720877864,11.057460226906803,High,USA,Facebook,17.355133561520113
14.283338219310062,17.84273178412879,4.776481314488587,Medium,India,Instagram,56.04501734790029
0.732502067352919,7.80908927277915,16.0,High,Canada,None,28.48623369642023
1.8702565475528092,7.728289322657857,3.1339671409413485,Low,USA,Instagram,89.73564301217047
1.4854765364151323,10.425342449770994,2.5015132973374485,Medium,Brazil,Facebook,54.20591756291848
0.4797723883545342,,4.698939137089903,High,India,Twitter,31.072977441203413
0.10129535064818973,8.013398137157973,3.8374799693550323,Low,India,YouTube,78.75221151607761
1.5033173063792127,7.6504060485588825,4.86001260391827,Low,India,YouTube,69.9204235697545
1.382115701996565,7.797058740361099,9.765486831679981,Low,India,TikTok,54.11643524654483
0.30991732358192536,10.832705856964168,5.927557604197735,Low,Canada,Instagram,58.21748069875382
0.20805756757921143,7.5957106386206235,6.019606787088995,Medium,India,Instagram,44.745118431792406
0.5245518386903498,6.649080300767605,6.266944339778908,Low,India,Instagram,59.541972258203714
1.4412946869199303,10.306354193170833,1.5107477156806453,Low,Other,None,84.6856019054305
,7.038466851841556,2.4371850255405794,Medium,India,Instagram,45.56725315013585
2.1714415965426324,5.092232779186418,4.8009472430300715,Low,India,None,67.76078344391642
2.310274112875413,6.388734440356723,3.6482321915694547,Low,Brazil,Instagram,71.73520597104293
0.3745107526122958,5.6301187589357164,5.2641911587313635,Medium,Canada,Reddit,42.03200044896756
0.1636675046059321,4.800051800528323,14.047957727834765,Low,India,TikTok,35.74452893120285
0.2628379354242122,6.955477493447798,5.785358339311004,Low,South Korea,Reddit,52.596529669335354
5.4558634844227605,7.394676052089851,2.7365529183038655,Low,USA,TikTok,94.39870918918935
0.3183891262308831,9.27079187269336,3.7589517462490796,Low,India,YouTube,63.11821173536378
0.2552072417272457,8.444102418093097,16.0,Medium,India,YouTube,29.007089218916185
0.1785556962324626,8.375751462193,15.172679099485544,Low,Japan,Twitter,43.973624736550654
0.0888590822697036,6.160184992203421,8.649715769523802,Low,India,LinkedIn,47.76636419484052
0.12344205939089702,8.827399892946172,2.3691000506828535,High,Germany,TikTok,28.40131761907891
5.169538338602694,9.586849254598103,7.272375275332941,High,India,Instagram,46.60908613513496
0.021443478283391937,8.091856337319241,7.615748386758757,Low,India,Twitter,62.46253576361472
1.0298217802721044,8.133776304446888,6.143066976587126,Low,Germany,TikTok,70.68110305752279
0.1738380057596245,5.602961550450032,4.29732770962875,Medium,Other,Reddit,37.94260548394225
1.2601878901663408,9.081653711407991,4.866725717367181,High,India,YouTube,39.959775340218705
0.22842765453270159,10.17124582314213,4.1213099245809,High,India,Twitter,21.581282186290206
2.910512025921563,7.984428598570256,3.043340086636933,Low,Canada,TikTok,91.29487965523877
3.811668599144525,6.608464082448773,13.730130181626805,Low,USA,Instagram,67.7996087081227
2.062033787240397,7.257007716018236,10.271656202634686,Medium,USA,Twitter,43.327544115161366
1.3939602422315154,6.869368927481118,5.0989892532416246,High,India,Reddit,42.00026802781162
1.8046459363431206,6.959325520259558,7.473078168530681,High,Japan,Instagram,26.704404495664527
1.1385805503617805,8.471974595541088,7.6432318766493434,Low,India,Twitter,57.18360246349302
0.6540650889891041,7.919196167505513,16.0,Medium,India,Instagram,34.58139960100047
0.1545705926158949,9.005904908957053,10.211772368582988,Low,India,Instagram,44.68890732267739
1.9526134282294618,8.05635381716733,9.98278162309126,Medium,India,Instagram,56.935225440105384
1.5790467820805307,6.203868039032725,6.189093362291391,High,USA,Instagram,38.74641235540997
,6.748961964225915,4.6615388780010845,Medium,India,Facebook,47.01899012258876
1.0486285723867936,6.655738390818215,13.868584184804446,Low,UK,LinkedIn,53.30280254892324
0.021109783874113004,7.220294885072322,8.947402534354566,Medium,India,Instagram,34.62276678743349
0.9482804170099209,10.192070537121882,3.6776531860471753,Medium,India,Reddit,56.482952972266155
0.6410080575154683,10.432349387471442,7.943229515926856,High,Brazil,TikTok,11.462150647447446
0.08087958514279119,8.754901800669879,9.998465718297476,Low,USA,Instagram,51.489055374157516
0.010521885711557022,7.678145695250427,1.720304699871915,High,India,Twitter,36.95502529259502
0.5178851629640415,5.457521670743407,3.478384369860183,Low,India,Instagram,62.79215865351758
2.970113631026007,7.830012458595125,7.520697569971689,Low,UK,YouTube,81.81809477257968
11.686304478248422,17.898776765692368,1.9066031775906467,Low,Australia,YouTube,92.15967298729831
6.026736196370495,9.94578284484888,,Low,Canada,Twitter,94.8935834917634
1.9461956956821973,5.090841465314266,5.143444317667922,Low,Australia,Instagram,59.2191434271119
1.781390143542179,8.076726499995177,8.124844222827804,Medium,India,Instagram,58.659328099330885
0.35141683848558375,6.1886409335244466,8.35341321948929,Low,South Korea,TikTok,49.3630910421155
0.08106368897569563,7.485727221774792,15.633870266741154,Low,India,Instagram,46.287138599022214
2.8602036169040295,8.499102285466584,6.355739943600727,Low,India,TikTok,90.16468053955262
6.472952640706289,9.032953033173147,4.837549485787277,Low,USA,TikTok,87.2838703500928
0.8542187585562451,7.408964698602628,2.760976021809861,High,India,TikTok,40.48114600202638
0.7670687313281701,8.641824825272293,4.8029169446537425,High,USA,Instagram,41.348519820133305
0.6805117807129959,6.506294852081846,9.249019859713794,Low,India,Facebook,51.11643162958643
0.3378263562678988,7.868307577159831,9.503245027209832,Medium,Australia,Facebook,36.253304337803044
1.2052770958898549,9.003311121656797,7.090610216424094,,Australia,Reddit,44.87201119034483
,7.998149217209981,8.400312950581023,High,UK,Facebook,50.51463037133881
0.6160126232729319,6.705984455440041,13.011455157766669,Low,USA,Facebook,46.682678880697196
0.03393211105367889,7.081436448654851,6.329132024815789,Low,India,Instagram,56.551517077926604
1.9673317690014085,9.023484093821908,13.74109946184719,Medium,Germany,TikTok,51.0797971639938
1.9625032902231108,5.862233074607764,3.911855822954371,High,USA,TikTok,42.92187465168367
3.60253861924595,6.0835272989888205,5.789380976082827,Medium,USA,YouTube,72.74316205151138
4.8528233286174025,8.402383139717603,4.533526267083401,Medium,India,TikTok,72.12268293062756
2.7973151034199732,6.841284608187304,9.733982163747612,Low,India,Reddit,75.1538967575268
0.6622639877805856,5.320412705475466,3.2913879069775205,Medium,India,Reddit,51.23277004413226
0.5017497366203748,9.526228000562867,4.987529588341361,High,Canada,Twitter,38.06676813092395
11.838513359279244,12.568077582797255,1.982173768761456,Medium,Germany,Instagram,60.01678217907141
0.27228257595412764,7.200854980020543,8.641927527041545,Medium,Other,LinkedIn,28.570176700378344
0.8058093073733827,6.570719034469353,12.782463154027385,Medium,USA,YouTube,37.055172074447874
2.703032402571105,7.053474771689669,10.448148344327139,Medium,USA,None,52.27881500933612
1.1316157136846305,6.17307081352299,9.851035416460869,Medium,Australia,Facebook,37.674785737247795
0.27443103160590115,8.571418856540193,10.010557014548194,Medium,India,None,32.922773095820766
0.021750050491433227,7.666235286460368,9.20563960749948,High,USA,Instagram,18.10755961176508
0.3579628608191481,8.975480392816337,8.746357898128624,Medium,Canada,TikTok,31.597947559460007
,6.586247682687416,9.091574218761949,Low,India,Facebook,62.96687705368888
0.8962188865464317,10.699532654923816,4.082014930627313,Medium,India,Instagram,50.83666032973442
0.4025971701219161,4.643026821744083,5.364933248041406,Low,India,Instagram,48.91207454634989
0.17275413538291348,5.122297638116558,6.310064866325639,Low,UK,Instagram,47.453523898921645
0.0779656502063493,10.129627271574643,4.945988860043105,Low,India,Instagram,51.24988032903395
3.4533691120720253,8.211062501169577,2.363666980385164,Medium,India,LinkedIn,73.27482958221715
0.4198480381990797,8.012079124584112,,Low,India,None,69.92107283584409
0.1972907844933639,8.146912960977016,6.94474785112745,Low,Germany,Reddit,60.344887247687126
2.154929036255565,8.356810905225673,10.41727561903683,Medium,Brazil,None,57.09891933799383
0.7857639558999652,7.949651580650926,6.08365182932777,Low,Brazil,Reddit,59.91507259922153
2.771746290317838,6.051143262562341,16.0,Medium,Germany,LinkedIn,49.22662021624786
0.2152625477817256,8.727286357609186,3.4838658090657084,High,India,Instagram,40.99397362153465
3.1795486819671925,8.491017317307348,7.900809995076874,Medium,India,Twitter,57.389716014944
0.1410736741749724,9.642646720109745,13.127661467402376,Low,USA,Reddit,50.89308476006787
0.20617182026838482,10.146361615351747,11.466230907077067,Low,USA,Facebook,40.8691588741977
0.001757028405194019,7.9957141194648935,8.962418541453761,Medium,Australia,YouTube,41.14755863063815
1.6603790794876807,5.658676473551726,11.497761730612535,Medium,India,TikTok,37.827405717172624
0.32292445924656377,10.158784396803204,6.254095996878555,Low,Japan,Twitter,55.606760779738615
12.357032385743677,12.740464348341716,16.0,Medium,India,Twitter,59.93630101842977
0.1579431635124658,8.006946290508571,13.06445866084967,Medium,UK,YouTube,35.62868960707967
1.222127396011915,7.114899110368717,3.627934360353598,Low,Brazil,TikTok,77.14928003483145
3.515138425134502,6.854061974722811,7.337078673963266,Medium,USA,Twitter,63.446736917670975
0.25775016244603843,8.646450182297276,2.390785617745777,Low,Australia,TikTok,64.56913792039867
0.4921123850565772,7.866689398901949,15.075537302597295,Low,Australia,Facebook,52.67572061953523
2.363511297199286,8.269862236902195,6.920851869756454,High,Australia,Facebook,44.48598963639239
3.791049129022725,6.276470564754945,13.58904164357941,Low,Germany,TikTok,61.04683705786282
1.004823186774677,7.238887551938009,5.665445301565834,Medium,India,Facebook,53.125713781870346
0.7812454711333994,6.34569753023895,1.98623224672265,Medium,India,LinkedIn,57.9570296953047
1.7425123576462902,7.201392618033802,16.0,Low,Germany,Facebook,64.80762346268344
1.1377349764239535,7.321856662698886,6.544684073606007,High,UK,None,42.17654553408277
,10.266456259807194,3.3197013562940794,Low,UK,Reddit,64.86282639659237
2.932195034558439,7.1109172282968895,12.030647749305027,Low,USA,Reddit,66.88609654580213
0.09855180952828843,4.311602513204031,16.0,High,India,YouTube,4.083820864387527
0.3355899928588787,9.59263730598118,5.357712412799989,Medium,USA,TikTok,47.113679652216916
1.6255866548920226,8.173889061039034,5.699933759107783,Medium,South Korea,TikTok,60.00784245305942
1.006154633085337,7.303484348169916,6.978456362601637,Low,India,TikTok,62.727904124068864
1.0528158816935145,6.844176949708357,3.1062543804552845,Low,India,Instagram,66.65999542641917
0.20756081614937802,6.079611515914671,3.9972216418814237,Medium,India,Instagram,41.33229123136432
3.051286287662866,10.407072145629737,16.0,Low,USA,Instagram,67.69604877237083
0.4279398901908032,7.577767332990055,5.588305648855626,Low,India,YouTube,53.0095877362897
1.7301408533044924,4.8933732847777875,3.660009756737057,Medium,Canada,Instagram,40.5647483041288
0.029845782114630702,7.991610049927862,4.612522383665296,Low,India,TikTok,67.14078745169445
,,11.51550297611405,Low,India,Instagram,50.34871156356639
1.1957081311380944,,1.8486615096325132,Low,India,Instagram,81.22530570570105
4.734973267468922,6.14760979170703,7.048324566311431,Medium,India,TikTok,67.8529890654483
2.823315873218499,6.013388570963015,16.0,Medium,Germany,Reddit,44.57475228184175
6.361308315112398,6.124021608421147,16.0,High,Brazil,Twitter,29.148120525501447
0.4464669503742036,9.782486995570427,8.532835049631679,Low,Australia,LinkedIn,48.72771174804666
18.821722879561253,12.766845944697438,13.32797974947753,Low,Brazil,Instagram,65.53390007062447
,4.981913377982055,13.251301458315886,Medium,India,Facebook,27.74035058704709
0.2521247829159873,8.076200888766696,5.609652630421516,Medium,Brazil,Instagram,50.37822602052634
2.784334111127046,7.711555178360328,10.536825186310512,Medium,USA,Twitter,57.754364977008166
1.5882882748621403,6.826656799675003,16.0,High,Australia,Instagram,28.24419260139309
3.207452284329767,5.969389865866783,2.834151659494661,Medium,UK,Instagram,75.08297382135478
0.4997767456161194,5.904157650340687,,Medium,India,YouTube,37.59207625565505
1.1939588140365889,9.129950723199507,7.514881606978778,High,India,TikTok,30.33766658298408
1.286567232372731,7.871269283707647,,Low,India,Instagram,71.86399551351278
0.5156903956251586,8.217965496992676,6.102997130595095,High,USA,LinkedIn,25.268096669603057
3.061918861764304,7.86713821437018,6.951809486909981,Medium,USA,TikTok,71.90312290853913
0.30582003340144714,7.991533057367732,7.310731365153992,Medium,Other,Twitter,44.24681419278053
2.4581258122817333,6.797408004857639,11.836277453057717,High,India,Facebook,28.85124103169376
4.986338353324385,7.191255968278836,8.051905712910404,Medium,UK,Twitter,59.55206761306867
0.39244917959835424,9.247367708137563,5.437253397455001,Medium,USA,Reddit,49.74469107492879
0.5760856652966688,9.621885251728669,3.65482102745178,Low,India,Facebook,60.14579529358195
1.1136552355864069,5.666862018360375,4.556407523807994,Medium,India,Instagram,50.23866100534372
6.514806110496906,7.187611750338326,7.075935505595748,Medium,USA,Instagram,68.45449308191807
0.14478825180405203,,3.960449612258897,Low,USA,Twitter,63.34366008568147
0.4185738808665166,10.323119598323595,10.670962348449686,Medium,India,Facebook,24.73314695864716
1.1983847112913626,10.172939371996126,7.830552617059922,Medium,India,TikTok,40.99942297943185
0.1402710877631978,6.3063632775802505,12.014526412225775,Medium,India,None,22.300659362292564
2.6854736868874793,9.412569177308738,4.1235253601329,Low,Germany,Twitter,78.0814215399768
0.3039719024489538,7.587954453160525,3.6742881058678405,Medium,Germany,Twitter,46.06172646432644
0.07249292041227377,9.066624958313607,11.960796409882908,Low,India,Instagram,46.078896389542265
0.5123708597502161,8.68241802123193,6.540230267849194,Low,UK,Twitter,53.67215554300332
3.1462281273693486,5.604053936152855,,Medium,Japan,TikTok,62.439664808270514
0.28958911737344045,8.324960934940764,9.199933882932859,Low,India,None,58.681385077251704
0.12054710630879086,9.008544886753933,8.996805259815442,Low,India,YouTube,55.4165085083942
0.6805500863620683,7.469767117458252,2.8477857371007205,Medium,India,Instagram,49.976790171604726
2.9181682162035223,7.130525359040068,,Low,India,Reddit,66.53696036383003
0.3982173662465547,5.142504132340367,4.729198954581865,High,Germany,Reddit,29.196584419485703
2.3034953621213283,8.525426274826401,16.0,High,Germany,Instagram,39.84647584159595
2.2451228830803545,7.813122551720866,2.717930735731652,Medium,USA,LinkedIn,67.34263995012277
0.5329219660796222,6.116724127934871,7.31874839810362,High,India,YouTube,21.001053341779727
1.008703873131658,7.0112400046853995,5.412046376321455,High,Germany,YouTube,35.995798839330675
0.4947078933776301,7.731754873691659,1.8493961754042318,Low,India,Facebook,64.09472945057654
,6.662046316420994,8.979325667881636,Medium,India,Instagram,38.25255917266365
1.3447841938435814,7.504015691264836,1.907203024943856,Low,India,YouTube,84.421685806069
5.071295235143392,4.875101029194827,5.07841844513693,Medium,Germany,Facebook,57.85879942604206
,9.524132545277933,11.734876282381284,Medium,Canada,None,27.54137103934749
5.96792486042448,7.523863927449427,4.401645347430626,Low,UK,Instagram,94.1544104562184
0.8620691886364165,5.850969740264534,3.5175316544213895,Low,Canada,Twitter,65.60374941055068
1.502075399622282,3.810436727418476,9.778771692421278,High,India,YouTube,19.356218978624163
10.637046992647623,15.62798566049658,5.208485745605014,Low,India,TikTok,57.21443099562758
0.27563017174468585,8.337137329085463,4.74439624249895,Low,Germany,Facebook,57.40809413559839
0.0659683973463261,7.816028570203577,13.000599688752109,Low,Japan,YouTube,51.86246749778802
3.7477783559586597,8.795472001896906,3.003062973288169,Medium,USA,YouTube,79.44827910187396
0.5598051884883408,8.791347594445067,4.591632598219138,High,India,TikTok,29.187778398506076
4.487185181832926,7.791657105080299,10.174333308154473,Medium,South Korea,Twitter,58.65761730805945
0.8612260186385345,7.118678674113275,2.8887722552694646,Medium,India,TikTok,48.20647794775453
0.007339193109596602,6.874287602077113,16.0,Low,India,TikTok,42.048059838375735
1.1737470299307777,8.131413035857799,5.311591505833649,Low,India,YouTube,69.30022567135575
3.290212063825986,9.595547062319024,10.22378050547009,Medium,India,TikTok,56.061837947351194
1.531923859703356,7.345645243026044,10.210954420649635,High,UK,Facebook,19.10909355846615
2.756351212026888,9.714716108875084,5.521376778708212,Medium,UK,Instagram,67.9904959399234
,8.059728710178618,4.538482626235532,Medium,India,Instagram,56.40023792796387
11.291128262970597,18.6229558333174,5.895688156663965,Medium,India,Twitter,54.17601818456786
0.7731669701211572,11.107664200985958,9.277671028036188,Medium,USA,TikTok,34.05398821039126
1.4454940781828667,9.979017324327648,3.347270018047928,Medium,USA,YouTube,59.54120988819488
2.883414060733478,10.017913866582322,2.9389278758398665,Medium,India,None,77.74981872578259
0.20618465427191118,6.303579512449713,14.739362454117304,Medium,India,TikTok,25.955722307736746
3.454770264050779,10.788273753234435,3.892637536187722,Medium,Germany,YouTube,64.79252817568998
0.062486621174262576,7.376674808820065,7.481627355484092,High,Other,TikTok,19.34898293415899
0.012073273170755239,7.158763230369741,5.3584645776972275,Medium,India,Facebook,42.82443129013211
0.4291793656815034,4.261127379880142,5.502929755689713,Low,Canada,TikTok,53.32109328474875
1.9367614934095112,7.989436236830734,14.271061746673825,Low,Brazil,Facebook,71.08851833322296
0.18541860412310807,5.8749690628460405,5.748267398171326,Medium,India,Facebook,36.70125845937481
14.960475715810755,16.213215617735536,4.883705830012348,Medium,Brazil,LinkedIn,66.3172806406007
1.950309921582135,5.757652300143462,5.145747360118191,Medium,USA,TikTok,54.135250260583234
0.2894060218488608,10.196549756692207,4.472398976994167,Medium,UK,Instagram,38.087211889243555
0.3725540224149514,8.327360944315092,4.046877452751414,Low,USA,TikTok,63.66439272053018
0.2631021096936963,10.919807363624365,4.483176710239629,Medium,India,None,42.576309149041386
1.1474216776331603,5.965463952761231,16.0,Medium,Australia,Instagram,38.469377493284576
2.0124647907550557,9.823768867061963,9.271018983424819,Medium,Australia,None,49.79810702338159
0.3459310175669934,4.79593137445076,4.917902265017135,Medium,India,None,35.97032463965654
0.3987017258465977,7.812113214711442,10.902513737556697,Low,UK,TikTok,57.48293537820844
0.8158584916531008,6.552565320087074,2.334233844211382,Medium,South Korea,Twitter,54.97328831037476
0.047381665314801744,6.828065197124464,13.810193943591095,Medium,Brazil,Instagram,29.270536940866315
4.679878363550355,6.725255373136757,13.158835865239375,High,UK,Instagram,34.4070085521606
0.1705023821534054,6.127925721973007,16.0,Medium,India,Twitter,18.426045555843356
0.8949492324994157,5.610467540023961,11.099841883057035,Low,India,YouTube,39.78182543078503
1.1963285678035334,6.8363597896027954,7.864356589165842,Medium,India,LinkedIn,46.332487448041434
0.6977820648790842,7.674042595930306,13.127171349157017,Medium,Germany,Instagram,34.74082734497455
2.902413882443724,9.245541534939028,,Low,Australia,Facebook,74.62123020298262
0.6372886151710622,7.943025594931581,4.771926515311595,High,Japan,Facebook,35.84371828155089
0.6451889971615687,9.24981030194158,5.820889638601961,Low,India,Twitter,62.00894685625866
1.3471205452887673,5.282734692064349,13.753989377000302,Low,South Korea,TikTok,51.98325030331047
0.9493464972868182,6.850545891436887,3.6199962442265363,Low,South Korea,LinkedIn,68.80261407614482
1.4785379362069435,8.566507378704637,3.396559411448823,Low,Canada,Facebook,75.7665693415853
0.3126893782631899,,6.972144456222098,High,Brazil,Instagram,27.319961718320705
0.9675598811887773,6.208237328011233,9.304687433097776,Medium,USA,TikTok,40.48123863300495
0.7584919766515937,8.901103338248854,3.9675614214124706,Low,India,Instagram,66.66054601453365
0.7577799090539753,6.703090227071279,9.045349621476712,Medium,India,LinkedIn,37.87956456354799
0.5432736631227542,6.333954657909419,13.75001074037205,Medium,India,LinkedIn,37.87123421570086
0.9147093319695386,8.230421640745211,12.432040061747234,Low,India,Instagram,60.35548857134757
0.692941966521373,7.509254048001353,7.478076908350293,Low,Canada,TikTok,58.96103342990912
6.642410830469055,6.715631497457085,5.729574964020793,Medium,India,YouTube,63.903305785637215
3.314071804451965,6.664697212129343,16.0,Low,India,Facebook,67.98459837388828
0.36057153348381515,,6.105819890202036,Medium,India,Facebook,29.094909400540608
0.08186750512507121,6.906377630911702,10.635662827002974,Low,Canada,None,51.76493243820943
0.1323933809247323,9.150014153231155,16.0,Medium,Japan,Instagram,28.035053949817257
0.5125273237887389,7.866825694482246,9.985767685397962,High,USA,TikTok,27.876190101002415
1.0997577661659976,8.937891121166018,3.3259164502167087,Low,Australia,Instagram,71.93964799785707
1.093055620419966,8.274102806512053,2.8765346732345365,Low,South Korea,Twitter,82.4150323155915
0.8141103596952308,6.581630689542271,5.060282683089517,High,Canada,Reddit,35.83612376010476
3.6816153010357713,5.026288087823636,9.259957639456895,Medium,Canada,YouTube,54.51587383716628
2.811373875513214,6.109718452944307,7.900069209307273,Medium,UK,TikTok,52.21930295440927
3.5473429547967186,6.49314628335372,16.0,Low,South Korea,Instagram,62.54553890176215
0.24045357681554286,6.37712569456251,7.85408495325851,Low,India,Reddit,51.534549035264746
0.24334158424561014,8.971529890289581,4.970573719421713,Medium,Australia,Twitter,36.04825393325646
2.007433616440167,8.955882700274554,3.0648380764835057,High,USA,TikTok,47.23407826624225
0.19195588133335045,10.817819460414967,12.28356790757901,Low,India,Instagram,34.31720512304332
1.8842942935135796,6.354418243211422,6.027686441908153,Medium,Australia,TikTok,49.2245152612122
0.12459935779590192,9.896172459096622,2.4505589442833524,Medium,Germany,TikTok,50.264171918169644
18.900006586805524,18.787908156553513,6.130990760397515,Low,Brazil,Twitter,63.96954465131347
13.245095013683684,12.343049703093866,3.328617768624523,Low,Japan,Facebook,63.29304598808373
0.48345211444425623,8.210333095410352,4.68617879167008,Low,Australia,Facebook,67.91088031356678
0.5193511807081936,9.361099873711815,6.072164831366458,Medium,USA,TikTok,40.826551761380124
2.296051451878175,7.411613066006608,3.5144856024064253,Medium,Japan,TikTok,79.36195613204417
0.1716449066199974,7.295412334178036,4.515091708515304,Medium,India,Reddit,48.77126670395006
1.814346808133339,6.558993868323822,3.871058947791008,Low,India,Instagram,71.12149204883548
0.4804417377356136,3.9599422220054556,3.9338810464545135,Medium,USA,Instagram,42.22543330343504
1.2669580126677216,7.605707424732719,3.3041778725297037,Medium,UK,Instagram,66.49897960742267
3.4444760516558985,6.435196008819861,4.52827585568957,Medium,Canada,Instagram,63.5489998341515
2.1851263102819187,5.886977064574758,3.5366534783829056,Medium,Germany,TikTok,53.0944838793394
2.4868210790394216,8.133287475216472,8.601619242823654,Low,India,Instagram,66.75510120043845
5.057844397946344,5.323031638768352,6.8242335344380844,Medium,Germany,Instagram,53.881762433436776
0.1574857573033252,8.709119836920927,12.38924967630917,Medium,UK,Twitter,33.152063403410246
4.420232678185355,8.225398972890781,16.0,Medium,South Korea,Facebook,50.95275372203584
4.11204399530822,6.899710182454122,9.082913474237133,Low,India,YouTube,70.80032248755337
1.2423020084737166,7.4050346207333115,7.9228597070717806,Medium,UK,Facebook,46.71171809629185
2.8708268393745136,5.714668358768637,9.43288853758761,Medium,Australia,None,51.86736640134234
0.02657113426585171,8.625507905048064,8.00409503589659,Low,USA,Instagram,55.75921124125194
1.1243249612116561,7.781046361576898,6.234632321194324,High,India,Facebook,39.5399217479803
0.9087881979188378,7.892774931884317,5.944132010431045,High,India,Twitter,45.94194173228919
6.070799119619975,8.252835569509696,3.2772282570488507,Low,India,YouTube,96.26620397284897
0.4465797861990951,6.536376879162414,10.00766933532099,Medium,USA,Instagram,33.827955996149505
1.1284811397819627,5.221412587618599,5.9371137468642265,Medium,UK,None,38.21827690366666
0.293816061209909,8.935977562368947,14.435802196307094,High,UK,YouTube,15.229130998895434
1.1642469924905554,8.533077620418611,10.47594359218983,Low,Canada,TikTok,50.03833780266126
2.4469713060388347,6.696961795093598,4.1554844942937565,Low,India,TikTok,79.74163041885605
1.834598677626986,8.11366529869506,12.781702143388985,Medium,India,Twitter,50.87893906661721
0.0043100397190986,9.386960158076924,1.3015486518192632,Low,Australia,Instagram,70.69733207862112
0.08174866300116217,9.20805120462591,16.0,Medium,Australia,LinkedIn,32.158375959940415
1.6278409917342382,6.653161745352007,2.709957178161109,Medium,Canada,YouTube,66.13042592913872
1.4490522498984917,5.266858431848624,8.142256130356342,Low,Australia,Instagram,60.67670654358808
1.047260371854513,5.52417729060487,7.818163650572984,Medium,South Korea,Instagram,33.78890286555151
0.41428376508326104,7.032410980567334,11.87256311038751,High,Japan,Twitter,16.853597407852128
0.020366361067784233,9.693475699930737,4.966830526328737,Medium,UK,YouTube,40.91675946659561
2.313711694696473,6.407331881787948,1.669775050210134,Medium,India,Facebook,64.43421005778404
1.4181916285062397,6.605508220485967,4.971030949836288,Low,India,TikTok,67.12337199566923
2.204567719844424,6.574633352822523,5.304219407768618,Low,UK,Instagram,75.18081954679762
2.0204316162693843,6.702403805566999,1.7691244974938294,High,USA,LinkedIn,50.93487528878844
1.0811500078444387,7.4831597338700595,6.216598954820652,Medium,India,Instagram,51.04188818703225
0.7688861569455552,5.579924738172366,3.17240224470933,Medium,India,Twitter,43.82658832687601
0.13784705851211287,9.126539934490427,8.930309581387334,High,Japan,LinkedIn,21.80305329687751
0.9439219666612884,7.282768382985529,5.219241884558783,Low,India,YouTube,68.80065301497078
0.9539607196195716,11.218701862088002,16.0,Medium,Australia,Facebook,25.94437650123472
0.40910582039575183,5.739643502174978,5.18771227860124,Low,Brazil,Reddit,49.796002822601096
3.0860655655809888,9.884799257737363,7.83213200615566,Low,Canada,Instagram,78.72022113971929
1.6348717483884097,9.58701809697973,5.323639021566892,Medium,India,Instagram,62.162680957011744
0.2105740878648391,6.882473986731527,2.284253070096108,Medium,Germany,Instagram,52.67740404116469
14.894219754137707,19.109123974372718,5.350404667954835,High,Canada,Twitter,50.445199954391114
1.2927113605109208,6.118053275805155,9.507187245308147,Low,India,YouTube,59.277325937626145
0.4834353494352308,6.135267862140667,8.681496167960024,High,UK,TikTok,22.05656400771013
4.379912174160644,7.499091075337713,,Medium,India,Facebook,69.25897163393455
0.9368116984237251,7.531043976369542,2.524255909145228,Medium,Canada,YouTube,64.14840234558551
2.7390753275185085,5.096467099588253,8.905554227921037,High,Brazil,Twitter,28.986419609864903
1.4920545394025178,,7.781055141366901,Medium,USA,Instagram,37.26874127223638
0.397062635063561,7.110724714255407,10.034674169474673,Medium,South Korea,Twitter,36.43755872134412
1.8813638036604239,7.598418415825782,5.132191099253027,Low,USA,YouTube,76.18531340908777
0.4891586638088937,6.560643849879837,2.2020200074932315,Low,Germany,Facebook,70.83718980366879
0.592366601430967,7.099485691362249,8.333271447279177,High,Australia,None,31.270351565174664
0.7742925751037053,6.963182833133687,6.016552019243845,Medium,India,Reddit,39.24344638579067
0.7160596388667251,7.495604361262109,13.943455578615128,Low,Japan,YouTube,53.905653450674194
1.3793126929634922,7.478115134357828,6.1548464951767015,Low,Japan,YouTube,78.06524790038364
2.2521670264658336,8.707299522811606,5.886843033715958,Medium,India,TikTok,57.48826208475261
0.848929697645314,7.840829905648164,7.770641197065076,Medium,Australia,LinkedIn,43.154415459546414
1.0600980542839475,8.556424530599255,4.228474791784359,Low,India,TikTok,59.47896271864728
0.17083629868420594,7.485283767291849,4.107927187411511,Medium,India,Twitter,49.546749483192315
1.1186539713870458,7.846878832658836,5.704542801839519,Medium,India,Instagram,56.978432502244964
0.32475211906682705,7.1380414759750925,3.4825201580436076,Medium,USA,YouTube,53.33665357762759
0.5932816554408538,9.004667601506473,5.272700819375229,Low,India,Twitter,57.360574522154046
0.6404723460651656,7.983933644273887,16.0,Medium,India,YouTube,40.015944948754125
1.1588312905217792,7.262887718230649,11.308789283024378,Low,South Korea,None,57.429931854073565
2.0328764567156736,7.218134798173019,7.277757396642939,Medium,USA,Twitter,55.20169574395379
0.9410090280263699,7.336140988129505,15.34832513836507,Medium,Germany,Twitter,34.398613676491486
0.10509971977951814,,3.687918995819753,Medium,India,Instagram,50.19020143615224
4.043075087888752,7.41545834817162,16.0,Low,India,Facebook,68.58900965484594
0.36550326430584446,6.66173751718296,4.58916683177467,High,Australia,TikTok,21.738521631037077
0.9016776708519998,8.647350832902392,,Low,India,Twitter,58.03055034176776
4.542941550972036,8.742113988822256,16.0,Medium,USA,Facebook,57.73172336008089
3.9974199787641087,10.175785256851121,2.1129014885054853,High,Other,TikTok,58.97408155122038
1.2743503666313547,6.594555434032858,14.588817139634081,Medium,India,Twitter,36.90075155100987
1.8299855771065687,8.49965808772816,5.102111714659816,High,USA,Instagram,48.018682887110565
2.783584956124282,4.636294025575976,4.302597566771579,Medium,UK,Instagram,63.168002675966
0.5341417399846834,8.743564597532831,8.28778606115175,Medium,India,YouTube,49.349354915652924
1.8311222834283947,5.315126827489223,3.304386423705305,Medium,Canada,Twitter,59.717795417834274
0.5064107749990882,6.023503344641572,8.17596091299554,Medium,USA,Instagram,37.629345532734504
2.0294962242161336,,3.440178331594614,Low,India,Facebook,75.72945703645203
0.7531090603709435,6.567751446866532,6.727795773895667,Medium,USA,TikTok,42.943762689500765
0.48381314158794403,6.362469734995635,13.480140758489524,Low,USA,YouTube,40.20707687749691
2.6266220484082092,6.772775966252481,7.628648968425093,High,UK,Facebook,37.938078482541094
0.26750178811459974,8.594438987877789,4.87502409806938,Low,Japan,TikTok,72.34998973490063
1.6014170857776326,6.100664405373385,8.371613740896551,Low,Australia,YouTube,54.169792399216036
0.020069686377569194,7.418767703666196,2.601561534134287,High,India,Reddit,24.618761448223168
0.9284418778334833,6.932015573190995,3.657147710365464,Low,South Korea,TikTok,73.07855901164893
2.986670792632943,8.729836156993521,4.673171502141909,Medium,Australia,TikTok,65.92575761596342
2.4397334382187954,8.771882631124264,9.699847344168163,Medium,India,Instagram,56.02075609293236
1.1034158925431528,4.747077303845831,7.717413370766775,Low,India,Facebook,45.67145278701245
0.6490694226401735,,8.340305719396689,Low,India,Reddit,52.94156590633128
0.3831999727319034,6.583866140311783,5.9510666396177045,Medium,India,Instagram,48.50280513215301
0.24305490746720074,7.854438297895011,3.7702458532543766,Low,USA,Twitter,60.32647664329015
,6.091636889425056,14.774018952617267,Low,India,TikTok,42.25477999362986
,8.056701904064674,3.9801675934602594,Low,South Korea,LinkedIn,70.57246794015938
0.24609048443766013,11.327023430431653,7.778965574880666,Medium,USA,Instagram,25.617040728003836
1.9957898103415264,7.6907483419275495,5.656114702091282,Low,India,Reddit,76.79887613450497
0.0027287372643198353,6.810228423530464,8.480724650496409,Low,South Korea,Instagram,49.139170437015316
2.489344179310234,7.151758147986689,4.206823327637707,Medium,USA,Reddit,68.67744173196537
0.3673661777585476,5.29645506414297,11.377142474774699,Medium,India,Reddit,36.33572586843246
2.9048174032745657,9.673444929246687,13.831751041740253,Low,India,YouTube,79.92081432416404
1.8275596321776812,7.969324661394916,10.965937192589948,Low,Canada,LinkedIn,66.81442128005827
10.26279974910153,15.60804199609769,6.649722972864622,High,USA,None,22.005201481592728
1.5544562544768081,5.97552256480687,4.6595778426962235,,UK,LinkedIn,54.89338980294876
6.000383420852877,7.52292356872324,16.0,Medium,Germany,Facebook,56.930483050438994
0.802529710417937,8.89799309000773,3.3368434095218036,Medium,Canada,Facebook,46.549244593392935
0.593071695693226,5.773515136894543,10.264976190988152,Low,Brazil,Instagram,45.6056817470825
1.8428374676295218,9.170114012800758,7.386625003288039,,Australia,Instagram,42.00626647437005
2.1583112151846477,7.362549672064644,5.826855763326161,High,Canada,TikTok,37.825813350057345
1.138978811892236,6.104634922489355,6.760506165739261,High,India,Instagram,24.70615535392706
0.08996704012400114,6.7984643601405335,4.454303992078865,Low,USA,LinkedIn,56.86807455957086
0.02584068481439771,10.122830815694565,7.816472188253896,Low,USA,Instagram,49.03594102882789
4.109277241950741,5.417679995181994,7.316226514529481,Low,USA,Instagram,83.26515002948823
1.227490543921575,6.40216056608078,16.0,Low,India,Instagram,49.38198581435667
0.5383509519469662,8.92887537695238,11.501682500398688,Low,UK,Instagram,51.04738192870913
1.2702475560115238,7.824685565180452,8.244362746021874,Medium,India,Instagram,48.878709170040715
13.780275155729083,14.219622410197346,8.544906376521599,Low,UK,TikTok,54.693798655633046
0.04540008537311037,8.947189854547235,16.0,High,India,Twitter,16.335927697710744
0.1470941383803533,9.018443599753772,3.379555057902461,Low,Brazil,YouTube,61.33040484485497
0.6677689428517755,7.997086002777122,5.421433987203195,Low,India,Facebook,80.49179835128436
6.2298687593269655,6.581405118624729,1.926522768106228,High,Australia,YouTube,63.25768957635227
0.6171008981598602,6.812543070248463,8.45928204447069,Medium,UK,YouTube,36.75805366885319
1.480441420567448,7.927014097947598,10.063391653295888,Medium,India,Instagram,52.469497390550195
0.09614985843861691,5.5321064081799305,,Medium,Germany,Instagram,43.858851021765254
0.6440973473148668,9.491677321699669,14.3112796177999,Low,Japan,Reddit,49.475806619101775
0.6537420492320734,10.050313633013758,3.930128035763355,Low,Australia,YouTube,61.293284187088034
1.8011348253376038,7.146067725239594,4.925959778840799,Medium,Japan,Instagram,57.4282817120568
0.49502819521744656,8.03415673864621,6.499592933804689,Medium,USA,TikTok,41.47476286635625
3.7521419319393887,9.278703064273989,15.744920694254903,Medium,Japan,Twitter,46.51687801222164
